TRIBE_ID,TRIBE,TYPE_ID,ANIMATION_JOB_ID,NATIVE_NAME,ENGLISH,SEX_AGE,NATIVE_ALLOWED,PARENT_CHAIN,BINDINGS,ANIMATIONS,RENDER_STATUS,ATOMICS_WITHOUT_GRAPHICS,STATUS,PRESENTATION,METADATA,DETAIL_PAGE,BROWSER_ROUTE,CATEGORY,SELECTOR,ATOMIC_NAME,NATIVE_DECLARATION
8,Bears,48,48,baby_animal,Young Animal,young,True,[48],"[{""phase"": ""initial"", ""section"": 4, ""inheritedFrom"": null, ""body"": [""Data\\Engine2D\\Bin\\Bobs\\CR_Ani_Body_00.bmd""], ""heads"": [], ""palettes"": [""bear01""], ""headPalettes"": [], ""random"": []}]",8,"{""RENDERED"": 8}",1,PIXEL_CONFIRMED,PRESENTATION_PARTIAL,Animals/tribe_08_bears/young_job48/metadata.json,Animals/tribe_08_bears/young_job48/index.html,Animals/index.html,,,,
8,Bears,49,49,adult_animal,Animal,adult,True,"[49, 48]","[{""phase"": ""initial"", ""section"": 5, ""inheritedFrom"": null, ""body"": [""Data\\Engine2D\\Bin\\Bobs\\CR_Ani_Body_00.bmd""], ""heads"": [], ""palettes"": [""bear01""], ""headPalettes"": [], ""random"": []}]",8,"{""RENDERED"": 8}",1,PIXEL_CONFIRMED,PRESENTATION_PARTIAL,Animals/tribe_08_bears/adult_job49/metadata.json,Animals/tribe_08_bears/adult_job49/index.html,Animals/index.html,,,,
9,Wild Boars,48,48,baby_animal,Young Animal,young,True,[48],"[{""phase"": ""initial"", ""section"": 2, ""inheritedFrom"": null, ""body"": [""Data\\Engine2D\\Bin\\Bobs\\CR_Ani_Body_00.bmd""], ""heads"": [], ""palettes"": [""deer01""], ""headPalettes"": [], ""random"": []}]",8,"{""RENDERED"": 8}",1,PIXEL_CONFIRMED,PRESENTATION_PARTIAL,Animals/tribe_09_boars/young_job48/metadata.json,Animals/tribe_09_boars/young_job48/index.html,Animals/index.html,,,,
9,Wild Boars,49,49,adult_animal,Animal,adult,True,"[49, 48]","[{""phase"": ""initial"", ""section"": 3, ""inheritedFrom"": null, ""body"": [""Data\\Engine2D\\Bin\\Bobs\\CR_Ani_Body_00.bmd""], ""heads"": [], ""palettes"": [""deer01""], ""headPalettes"": [], ""random"": []}]",8,"{""RENDERED"": 8}",1,PIXEL_CONFIRMED,PRESENTATION_PARTIAL,Animals/tribe_09_boars/adult_job49/metadata.json,Animals/tribe_09_boars/adult_job49/index.html,Animals/index.html,,,,
10,Cows,48,48,baby_animal,Young Animal,young,True,[48],"[{""phase"": ""initial"", ""section"": 6, ""inheritedFrom"": null, ""body"": [""Data\\Engine2D\\Bin\\Bobs\\CR_Ani_Body_00.bmd""], ""heads"": [], ""palettes"": [""cattle01""], ""headPalettes"": [], ""random"": []}]",8,"{""RENDERED"": 8}",1,PIXEL_CONFIRMED,PRESENTATION_PARTIAL,Animals/tribe_10_cattle/young_job48/metadata.json,Animals/tribe_10_cattle/young_job48/index.html,Animals/index.html,,,,
10,Cows,49,49,adult_animal,Animal,adult,True,"[49, 48]","[{""phase"": ""initial"", ""section"": 7, ""inheritedFrom"": null, ""body"": [""Data\\Engine2D\\Bin\\Bobs\\CR_Ani_Body_00.bmd""], ""heads"": [], ""palettes"": [""cattle01""], ""headPalettes"": [], ""random"": []}]",8,"{""RENDERED"": 8}",1,PIXEL_CONFIRMED,PRESENTATION_PARTIAL,Animals/tribe_10_cattle/adult_job49/metadata.json,Animals/tribe_10_cattle/adult_job49/index.html,Animals/index.html,,,,
11,Stags,48,48,baby_animal,Young Animal,young,True,[48],"[{""phase"": ""initial"", ""section"": 8, ""inheritedFrom"": null, ""body"": [""Data\\Engine2D\\Bin\\Bobs\\CR_Ani_Body_00.bmd""], ""heads"": [], ""palettes"": [""deer01""], ""headPalettes"": [], ""random"": []}]",8,"{""RENDERED"": 8}",1,PIXEL_CONFIRMED,PRESENTATION_PARTIAL,Animals/tribe_11_stags/young_job48/metadata.json,Animals/tribe_11_stags/young_job48/index.html,Animals/index.html,,,,
11,Stags,49,49,adult_animal,Animal,adult,True,"[49, 48]","[{""phase"": ""initial"", ""section"": 9, ""inheritedFrom"": null, ""body"": [""Data\\Engine2D\\Bin\\Bobs\\CR_Ani_Body_00.bmd""], ""heads"": [], ""palettes"": [""deer01""], ""headPalettes"": [], ""random"": []}]",8,"{""RENDERED"": 8}",1,PIXEL_CONFIRMED,PRESENTATION_PARTIAL,Animals/tribe_11_stags/adult_job49/metadata.json,Animals/tribe_11_stags/adult_job49/index.html,Animals/index.html,,,,
12,Deer,48,48,baby_animal,Young Animal,young,True,[48],"[{""phase"": ""initial"", ""section"": 10, ""inheritedFrom"": null, ""body"": [""Data\\Engine2D\\Bin\\Bobs\\CR_Ani_Body_00.bmd""], ""heads"": [], ""palettes"": [""deer01""], ""headPalettes"": [], ""random"": []}]",8,"{""RENDERED"": 8}",1,PIXEL_CONFIRMED,PRESENTATION_PARTIAL,Animals/tribe_12_deers/young_job48/metadata.json,Animals/tribe_12_deers/young_job48/index.html,Animals/index.html,,,,
12,Deer,49,49,adult_animal,Animal,adult,True,"[49, 48]","[{""phase"": ""initial"", ""section"": 11, ""inheritedFrom"": null, ""body"": [""Data\\Engine2D\\Bin\\Bobs\\CR_Ani_Body_00.bmd""], ""heads"": [], ""palettes"": [""deer01""], ""headPalettes"": [], ""random"": []}]",8,"{""RENDERED"": 8}",1,PIXEL_CONFIRMED,PRESENTATION_PARTIAL,Animals/tribe_12_deers/adult_job49/metadata.json,Animals/tribe_12_deers/adult_job49/index.html,Animals/index.html,,,,
13,Dogs,48,48,baby_animal,Young Animal,young,True,[48],"[{""phase"": ""initial"", ""section"": 12, ""inheritedFrom"": null, ""body"": [""Data\\Engine2D\\Bin\\Bobs\\CR_Ani_Body_00.bmd""], ""heads"": [], ""palettes"": [""house01""], ""headPalettes"": [], ""random"": []}]",8,"{""RENDERED"": 8}",1,PIXEL_CONFIRMED,PRESENTATION_PARTIAL,Animals/tribe_13_dogs/young_job48/metadata.json,Animals/tribe_13_dogs/young_job48/index.html,Animals/index.html,,,,
13,Dogs,49,49,adult_animal,Animal,adult,True,"[49, 48]","[{""phase"": ""initial"", ""section"": 13, ""inheritedFrom"": null, ""body"": [""Data\\Engine2D\\Bin\\Bobs\\CR_Ani_Body_00.bmd""], ""heads"": [], ""palettes"": [""house01""], ""headPalettes"": [], ""random"": []}]",8,"{""RENDERED"": 8}",1,PIXEL_CONFIRMED,PRESENTATION_PARTIAL,Animals/tribe_13_dogs/adult_job49/metadata.json,Animals/tribe_13_dogs/adult_job49/index.html,Animals/index.html,,,,
14,Goats,48,48,baby_animal,Young Animal,young,True,[48],"[{""phase"": ""initial"", ""section"": 40, ""inheritedFrom"": null, ""body"": [""Data\\Engine2D\\Bin\\Bobs\\CR_Ani_Body_00.bmd""], ""heads"": [], ""palettes"": [""deer01""], ""headPalettes"": [], ""random"": []}]",7,"{""RENDERED"": 7}",1,PIXEL_CONFIRMED,PRESENTATION_PARTIAL,Animals/tribe_14_goats/young_job48/metadata.json,Animals/tribe_14_goats/young_job48/index.html,Animals/index.html,,,,
14,Goats,49,49,adult_animal,Animal,adult,True,"[49, 48]","[{""phase"": ""initial"", ""section"": 41, ""inheritedFrom"": null, ""body"": [""Data\\Engine2D\\Bin\\Bobs\\CR_Ani_Body_00.bmd""], ""heads"": [], ""palettes"": [""deer01""], ""headPalettes"": [], ""random"": []}]",8,"{""RENDERED"": 8}",1,PIXEL_CONFIRMED,PRESENTATION_PARTIAL,Animals/tribe_14_goats/adult_job49/metadata.json,Animals/tribe_14_goats/adult_job49/index.html,Animals/index.html,,,,
16,Rabbits,48,48,baby_animal,Young Animal,young,True,[48],"[{""phase"": ""initial"", ""section"": 16, ""inheritedFrom"": null, ""body"": [""Data\\Engine2D\\Bin\\Bobs\\CR_Ani_Body_00.bmd""], ""heads"": [], ""palettes"": [""house01"", ""deer01""], ""headPalettes"": [], ""random"": []}]",8,"{""RENDERED"": 8}",1,PIXEL_CONFIRMED,PRESENTATION_PARTIAL,Animals/tribe_16_hares/young_job48/metadata.json,Animals/tribe_16_hares/young_job48/index.html,Animals/index.html,,,,
16,Rabbits,49,49,adult_animal,Animal,adult,True,"[49, 48]","[{""phase"": ""initial"", ""section"": 17, ""inheritedFrom"": null, ""body"": [""Data\\Engine2D\\Bin\\Bobs\\CR_Ani_Body_00.bmd""], ""heads"": [], ""palettes"": [""house01""], ""headPalettes"": [], ""random"": []}]",8,"{""RENDERED"": 8}",1,PIXEL_CONFIRMED,PRESENTATION_PARTIAL,Animals/tribe_16_hares/adult_job49/metadata.json,Animals/tribe_16_hares/adult_job49/index.html,Animals/index.html,,,,
17,Blue Hares,48,48,baby_animal,Young Animal,young,True,[48],"[{""phase"": ""initial"", ""section"": 14, ""inheritedFrom"": null, ""body"": [""Data\\Engine2D\\Bin\\Bobs\\CR_Ani_Body_00.bmd""], ""heads"": [], ""palettes"": [""house01""], ""headPalettes"": [], ""random"": []}]",8,"{""RENDERED"": 8}",1,PIXEL_CONFIRMED,PRESENTATION_PARTIAL,Animals/tribe_17_rabbits/young_job48/metadata.json,Animals/tribe_17_rabbits/young_job48/index.html,Animals/index.html,,,,
17,Blue Hares,49,49,adult_animal,Animal,adult,True,"[49, 48]","[{""phase"": ""initial"", ""section"": 15, ""inheritedFrom"": null, ""body"": [""Data\\Engine2D\\Bin\\Bobs\\CR_Ani_Body_00.bmd""], ""heads"": [], ""palettes"": [""house01""], ""headPalettes"": [], ""random"": []}]",8,"{""RENDERED"": 8}",1,PIXEL_CONFIRMED,PRESENTATION_PARTIAL,Animals/tribe_17_rabbits/adult_job49/metadata.json,Animals/tribe_17_rabbits/adult_job49/index.html,Animals/index.html,,,,
18,Killer Rabbits,48,48,baby_animal,Young Animal,young,True,[48],"[{""phase"": ""initial"", ""section"": 18, ""inheritedFrom"": null, ""body"": [""Data\\Engine2D\\Bin\\Bobs\\CR_Ani_Body_00.bmd""], ""heads"": [], ""palettes"": [""harbour01""], ""headPalettes"": [], ""random"": []}]",8,"{""RENDERED"": 8}",1,PIXEL_CONFIRMED,PRESENTATION_PARTIAL,Animals/tribe_18_evil_hares/young_job48/metadata.json,Animals/tribe_18_evil_hares/young_job48/index.html,Animals/index.html,,,,
18,Killer Rabbits,49,49,adult_animal,Animal,adult,True,"[49, 48]","[{""phase"": ""initial"", ""section"": 19, ""inheritedFrom"": null, ""body"": [""Data\\Engine2D\\Bin\\Bobs\\CR_Ani_Body_00.bmd""], ""heads"": [], ""palettes"": [""house01""], ""headPalettes"": [], ""random"": []}]",8,"{""RENDERED"": 8}",1,PIXEL_CONFIRMED,PRESENTATION_PARTIAL,Animals/tribe_18_evil_hares/adult_job49/metadata.json,Animals/tribe_18_evil_hares/adult_job49/index.html,Animals/index.html,,,,
19,Sheep,48,48,baby_animal,Young Animal,young,True,[48],"[{""phase"": ""initial"", ""section"": 20, ""inheritedFrom"": null, ""body"": [""Data\\Engine2D\\Bin\\Bobs\\CR_Ani_Body_00.bmd""], ""heads"": [], ""palettes"": [""house01""], ""headPalettes"": [], ""random"": []}]",8,"{""RENDERED"": 8}",1,PIXEL_CONFIRMED,PRESENTATION_PARTIAL,Animals/tribe_19_sheep/young_job48/metadata.json,Animals/tribe_19_sheep/young_job48/index.html,Animals/index.html,,,,
19,Sheep,49,49,adult_animal,Animal,adult,True,"[49, 48]","[{""phase"": ""initial"", ""section"": 21, ""inheritedFrom"": null, ""body"": [""Data\\Engine2D\\Bin\\Bobs\\CR_Ani_Body_00.bmd""], ""heads"": [], ""palettes"": [""house01""], ""headPalettes"": [], ""random"": []}]",8,"{""RENDERED"": 8}",1,PIXEL_CONFIRMED,PRESENTATION_PARTIAL,Animals/tribe_19_sheep/adult_job49/metadata.json,Animals/tribe_19_sheep/adult_job49/index.html,Animals/index.html,,,,
20,Wolves,48,48,baby_animal,Young Animal,young,True,[48],"[{""phase"": ""initial"", ""section"": 22, ""inheritedFrom"": null, ""body"": [""Data\\Engine2D\\Bin\\Bobs\\CR_Ani_Body_00.bmd""], ""heads"": [], ""palettes"": [""wolves01""], ""headPalettes"": [], ""random"": []}]",9,"{""RENDERED"": 9}",1,PIXEL_CONFIRMED,PRESENTATION_PARTIAL,Animals/tribe_20_wolves/young_job48/metadata.json,Animals/tribe_20_wolves/young_job48/index.html,Animals/index.html,,,,
20,Wolves,49,49,adult_animal,Animal,adult,True,"[49, 48]","[{""phase"": ""initial"", ""section"": 23, ""inheritedFrom"": null, ""body"": [""Data\\Engine2D\\Bin\\Bobs\\CR_Ani_Body_00.bmd""], ""heads"": [], ""palettes"": [""wolves01""], ""headPalettes"": [], ""random"": []}]",10,"{""RENDERED"": 10}",0,PIXEL_CONFIRMED,PRESENTATION_PARTIAL,Animals/tribe_20_wolves/adult_job49/metadata.json,Animals/tribe_20_wolves/adult_job49/index.html,Animals/index.html,,,,
21,Camels,48,48,baby_animal,Young Animal,young,True,[48],"[{""phase"": ""initial"", ""section"": 0, ""inheritedFrom"": null, ""body"": [""Data\\Engine2D\\Bin\\Bobs\\CR_Ani_Body_00.bmd""], ""heads"": [], ""palettes"": [""bear01""], ""headPalettes"": [], ""random"": []}]",8,"{""RENDERED"": 8}",1,PIXEL_CONFIRMED,PRESENTATION_PARTIAL,Animals/tribe_21_camels/young_job48/metadata.json,Animals/tribe_21_camels/young_job48/index.html,Animals/index.html,,,,
21,Camels,49,49,adult_animal,Animal,adult,True,"[49, 48]","[{""phase"": ""initial"", ""section"": 1, ""inheritedFrom"": null, ""body"": [""Data\\Engine2D\\Bin\\Bobs\\CR_Ani_Body_00.bmd""], ""heads"": [], ""palettes"": [""bear01""], ""headPalettes"": [], ""random"": []}]",8,"{""RENDERED"": 8}",1,PIXEL_CONFIRMED,PRESENTATION_PARTIAL,Animals/tribe_21_camels/adult_job49/metadata.json,Animals/tribe_21_camels/adult_job49/index.html,Animals/index.html,,,,
25,Lions,48,48,baby_animal,Young Animal,young,True,[48],"[{""phase"": ""initial"", ""section"": 44, ""inheritedFrom"": null, ""body"": [""Data\\Engine2D\\Bin\\Bobs\\CR_Ani_Body_00.bmd""], ""heads"": [], ""palettes"": [""LION01""], ""headPalettes"": [], ""random"": []}]",9,"{""RENDERED"": 9}",0,PIXEL_CONFIRMED,PRESENTATION_PARTIAL,Animals/tribe_25_lions/young_job48/metadata.json,Animals/tribe_25_lions/young_job48/index.html,Animals/index.html,,,,
25,Lions,49,49,adult_animal,Animal,adult,True,"[49, 48]","[{""phase"": ""initial"", ""section"": 45, ""inheritedFrom"": null, ""body"": [""Data\\Engine2D\\Bin\\Bobs\\CR_Ani_Body_00.bmd""], ""heads"": [], ""palettes"": [""LION01""], ""headPalettes"": [], ""random"": []}]",9,"{""RENDERED"": 9}",0,PIXEL_CONFIRMED,PRESENTATION_PARTIAL,Animals/tribe_25_lions/adult_job49/metadata.json,Animals/tribe_25_lions/adult_job49/index.html,Animals/index.html,,,,
26,Lions,48,48,baby_animal,Young Animal,young,True,[48],"[{""phase"": ""initial"", ""section"": 42, ""inheritedFrom"": null, ""body"": [""Data\\Engine2D\\Bin\\Bobs\\CR_Ani_Body_00.bmd""], ""heads"": [], ""palettes"": [""LION01""], ""headPalettes"": [], ""random"": []}]",8,"{""RENDERED"": 8}",0,PIXEL_CONFIRMED,PRESENTATION_PARTIAL,Animals/tribe_26_lionesses/young_job48/metadata.json,Animals/tribe_26_lionesses/young_job48/index.html,Animals/index.html,,,,
26,Lions,49,49,adult_animal,Animal,adult,True,"[49, 48]","[{""phase"": ""initial"", ""section"": 43, ""inheritedFrom"": null, ""body"": [""Data\\Engine2D\\Bin\\Bobs\\CR_Ani_Body_00.bmd""], ""heads"": [], ""palettes"": [""LION01""], ""headPalettes"": [], ""random"": []}]",9,"{""RENDERED"": 9}",0,PIXEL_CONFIRMED,PRESENTATION_PARTIAL,Animals/tribe_26_lionesses/adult_job49/metadata.json,Animals/tribe_26_lionesses/adult_job49/index.html,Animals/index.html,,,,
27,Sparrows,48,48,baby_animal,Young Animal,young,True,[48],"[{""phase"": ""initial"", ""section"": 28, ""inheritedFrom"": null, ""body"": [""Data\\Engine2D\\Bin\\Bobs\\CR_Ani_Body_00.bmd""], ""heads"": [], ""palettes"": [""house01""], ""headPalettes"": [], ""random"": []}]",2,"{""RENDERED"": 2}",7,PIXEL_CONFIRMED,PRESENTATION_PARTIAL,Animals/tribe_27_sparrows/young_job48/metadata.json,Animals/tribe_27_sparrows/young_job48/index.html,Animals/index.html,,,,
27,Sparrows,49,49,adult_animal,Animal,adult,True,"[49, 48]","[{""phase"": ""initial"", ""section"": 29, ""inheritedFrom"": null, ""body"": [""Data\\Engine2D\\Bin\\Bobs\\CR_Ani_Body_00.bmd""], ""heads"": [], ""palettes"": [""house01""], ""headPalettes"": [], ""random"": []}]",2,"{""RENDERED"": 2}",7,PIXEL_CONFIRMED,PRESENTATION_PARTIAL,Animals/tribe_27_sparrows/adult_job49/metadata.json,Animals/tribe_27_sparrows/adult_job49/index.html,Animals/index.html,,,,
28,Ravens,48,48,baby_animal,Young Animal,young,True,[48],"[{""phase"": ""initial"", ""section"": 30, ""inheritedFrom"": null, ""body"": [""Data\\Engine2D\\Bin\\Bobs\\CR_Ani_Body_00.bmd""], ""heads"": [], ""palettes"": [""house01""], ""headPalettes"": [], ""random"": []}]",2,"{""RENDERED"": 2}",7,PIXEL_CONFIRMED,PRESENTATION_PARTIAL,Animals/tribe_28_ravens/young_job48/metadata.json,Animals/tribe_28_ravens/young_job48/index.html,Animals/index.html,,,,
28,Ravens,49,49,adult_animal,Animal,adult,True,"[49, 48]","[{""phase"": ""initial"", ""section"": 31, ""inheritedFrom"": null, ""body"": [""Data\\Engine2D\\Bin\\Bobs\\CR_Ani_Body_00.bmd""], ""heads"": [], ""palettes"": [""house01""], ""headPalettes"": [], ""random"": []}]",2,"{""RENDERED"": 2}",7,PIXEL_CONFIRMED,PRESENTATION_PARTIAL,Animals/tribe_28_ravens/adult_job49/metadata.json,Animals/tribe_28_ravens/adult_job49/index.html,Animals/index.html,,,,
29,Parrots,48,48,baby_animal,Young Animal,young,True,[48],"[{""phase"": ""initial"", ""section"": 32, ""inheritedFrom"": null, ""body"": [""Data\\Engine2D\\Bin\\Bobs\\CR_Ani_Body_00.bmd""], ""heads"": [], ""palettes"": [""house01""], ""headPalettes"": [], ""random"": []}]",2,"{""RENDERED"": 2}",7,PIXEL_CONFIRMED,PRESENTATION_PARTIAL,Animals/tribe_29_parrots/young_job48/metadata.json,Animals/tribe_29_parrots/young_job48/index.html,Animals/index.html,,,,
29,Parrots,49,49,adult_animal,Animal,adult,True,"[49, 48]","[{""phase"": ""initial"", ""section"": 33, ""inheritedFrom"": null, ""body"": [""Data\\Engine2D\\Bin\\Bobs\\CR_Ani_Body_00.bmd""], ""heads"": [], ""palettes"": [""house01""], ""headPalettes"": [], ""random"": []}]",2,"{""RENDERED"": 2}",7,PIXEL_CONFIRMED,PRESENTATION_PARTIAL,Animals/tribe_29_parrots/adult_job49/metadata.json,Animals/tribe_29_parrots/adult_job49/index.html,Animals/index.html,,,,
30,Chickens,48,48,baby_animal,Young Animal,young,True,[48],"[{""phase"": ""initial"", ""section"": 24, ""inheritedFrom"": null, ""body"": [""Data\\Engine2D\\Bin\\Bobs\\CR_Ani_Body_00.bmd""], ""heads"": [], ""palettes"": [""chicken01""], ""headPalettes"": [], ""random"": []}]",8,"{""RENDERED"": 8}",2,PIXEL_CONFIRMED,PRESENTATION_PARTIAL,Animals/tribe_30_chicken/young_job48/metadata.json,Animals/tribe_30_chicken/young_job48/index.html,Animals/index.html,,,,
30,Chickens,49,49,adult_animal,Animal,adult,True,"[49, 48]","[{""phase"": ""initial"", ""section"": 25, ""inheritedFrom"": null, ""body"": [""Data\\Engine2D\\Bin\\Bobs\\CR_Ani_Body_00.bmd""], ""heads"": [], ""palettes"": [""chicken01""], ""headPalettes"": [], ""random"": []}]",8,"{""RENDERED"": 8}",2,PIXEL_CONFIRMED,PRESENTATION_PARTIAL,Animals/tribe_30_chicken/adult_job49/metadata.json,Animals/tribe_30_chicken/adult_job49/index.html,Animals/index.html,,,,
31,Ducks,48,48,baby_animal,Young Animal,young,True,[48],"[{""phase"": ""initial"", ""section"": 26, ""inheritedFrom"": null, ""body"": [""Data\\Engine2D\\Bin\\Bobs\\CR_Ani_Body_00.bmd""], ""heads"": [], ""palettes"": [""house01""], ""headPalettes"": [], ""random"": []}]",2,"{""RENDERED"": 2}",7,PIXEL_CONFIRMED,PRESENTATION_PARTIAL,Animals/tribe_31_ducks/young_job48/metadata.json,Animals/tribe_31_ducks/young_job48/index.html,Animals/index.html,,,,
31,Ducks,49,49,adult_animal,Animal,adult,True,"[49, 48]","[{""phase"": ""initial"", ""section"": 27, ""inheritedFrom"": null, ""body"": [""Data\\Engine2D\\Bin\\Bobs\\CR_Ani_Body_00.bmd""], ""heads"": [], ""palettes"": [""house01""], ""headPalettes"": [], ""random"": []}]",2,"{""RENDERED"": 2}",7,PIXEL_CONFIRMED,PRESENTATION_PARTIAL,Animals/tribe_31_ducks/adult_job49/metadata.json,Animals/tribe_31_ducks/adult_job49/index.html,Animals/index.html,,,,
34,Bees,48,48,baby_animal,Young Animal,young,True,[48],"[{""phase"": ""initial"", ""section"": 34, ""inheritedFrom"": null, ""body"": [""Data\\Engine2D\\Bin\\Bobs\\CR_Ani_Body_00.bmd""], ""heads"": [], ""palettes"": [""house01""], ""headPalettes"": [], ""random"": []}]",2,"{""RENDERED"": 2}",7,PIXEL_CONFIRMED,PRESENTATION_PARTIAL,Animals/tribe_34_bees/young_job48/metadata.json,Animals/tribe_34_bees/young_job48/index.html,Animals/index.html,,,,
34,Bees,49,49,adult_animal,Animal,adult,True,"[49, 48]","[{""phase"": ""initial"", ""section"": 35, ""inheritedFrom"": null, ""body"": [""Data\\Engine2D\\Bin\\Bobs\\CR_Ani_Body_00.bmd""], ""heads"": [], ""palettes"": [""house01""], ""headPalettes"": [], ""random"": []}]",2,"{""RENDERED"": 2}",7,PIXEL_CONFIRMED,PRESENTATION_PARTIAL,Animals/tribe_34_bees/adult_job49/metadata.json,Animals/tribe_34_bees/adult_job49/index.html,Animals/index.html,,,,
35,Butterflies,48,48,baby_animal,Young Animal,young,True,[48],"[{""phase"": ""initial"", ""section"": 36, ""inheritedFrom"": null, ""body"": [""Data\\Engine2D\\Bin\\Bobs\\CR_Ani_Body_01.bmd""], ""heads"": [], ""palettes"": [""butterfly01""], ""headPalettes"": [], ""random"": []}]",5,"{""RENDERED"": 5}",4,PIXEL_CONFIRMED,PRESENTATION_PARTIAL,Animals/tribe_35_butterflies/young_job48/metadata.json,Animals/tribe_35_butterflies/young_job48/index.html,Animals/index.html,,,,
35,Butterflies,49,49,adult_animal,Animal,adult,True,"[49, 48]","[{""phase"": ""initial"", ""section"": 37, ""inheritedFrom"": null, ""body"": [""Data\\Engine2D\\Bin\\Bobs\\CR_Ani_Body_01.bmd""], ""heads"": [], ""palettes"": [""butterfly01""], ""headPalettes"": [], ""random"": []}]",5,"{""RENDERED"": 5}",4,PIXEL_CONFIRMED,PRESENTATION_PARTIAL,Animals/tribe_35_butterflies/adult_job49/metadata.json,Animals/tribe_35_butterflies/adult_job49/index.html,Animals/index.html,,,,
36,Mosquitoes,48,48,baby_animal,Young Animal,young,True,[48],"[{""phase"": ""initial"", ""section"": 38, ""inheritedFrom"": null, ""body"": [""Data\\Engine2D\\Bin\\Bobs\\CR_Ani_Body_00.bmd""], ""heads"": [], ""palettes"": [""house01""], ""headPalettes"": [], ""random"": []}]",2,"{""RENDERED"": 2}",7,PIXEL_CONFIRMED,PRESENTATION_PARTIAL,Animals/tribe_36_mosquitos/young_job48/metadata.json,Animals/tribe_36_mosquitos/young_job48/index.html,Animals/index.html,,,,
36,Mosquitoes,49,49,adult_animal,Animal,adult,True,"[49, 48]","[{""phase"": ""initial"", ""section"": 39, ""inheritedFrom"": null, ""body"": [""Data\\Engine2D\\Bin\\Bobs\\CR_Ani_Body_00.bmd""], ""heads"": [], ""palettes"": [""house01""], ""headPalettes"": [], ""random"": []}]",2,"{""RENDERED"": 2}",7,PIXEL_CONFIRMED,PRESENTATION_PARTIAL,Animals/tribe_36_mosquitos/adult_job49/metadata.json,Animals/tribe_36_mosquitos/adult_job49/index.html,Animals/index.html,,,,
15,,48,,,,,,,,,,,UNKNOWN,,,,,animal,,,NATIVE_DECLARATION_NO_GRAPHICS
15,,49,,,,,,,,,,,UNKNOWN,,,,,animal,,,NATIVE_DECLARATION_NO_GRAPHICS
22,,48,,,,,,,,,,,UNKNOWN,,,,,animal,,,NATIVE_DECLARATION_NO_GRAPHICS
22,,49,,,,,,,,,,,UNKNOWN,,,,,animal,,,NATIVE_DECLARATION_NO_GRAPHICS
23,,48,,,,,,,,,,,UNKNOWN,,,,,animal,,,NATIVE_DECLARATION_NO_GRAPHICS
23,,49,,,,,,,,,,,UNKNOWN,,,,,animal,,,NATIVE_DECLARATION_NO_GRAPHICS
24,,48,,,,,,,,,,,UNKNOWN,,,,,animal,,,NATIVE_DECLARATION_NO_GRAPHICS
24,,49,,,,,,,,,,,UNKNOWN,,,,,animal,,,NATIVE_DECLARATION_NO_GRAPHICS
32,,48,,,,,,,,,,,UNKNOWN,,,,,animal,,,NATIVE_DECLARATION_NO_GRAPHICS
32,,49,,,,,,,,,,,UNKNOWN,,,,,animal,,,NATIVE_DECLARATION_NO_GRAPHICS
33,,48,,,,,,,,,,,UNKNOWN,,,,,animal,,,NATIVE_DECLARATION_NO_GRAPHICS
33,,49,,,,,,,,,,,UNKNOWN,,,,,animal,,,NATIVE_DECLARATION_NO_GRAPHICS
37,,48,,,,,,,,,,,UNKNOWN,,,,,animal,,,NATIVE_DECLARATION_NO_GRAPHICS
37,,49,,,,,,,,,,,UNKNOWN,,,,,animal,,,NATIVE_DECLARATION_NO_GRAPHICS
38,,48,,,,,,,,,,,UNKNOWN,,,,,animal,,,NATIVE_DECLARATION_NO_GRAPHICS
38,,49,,,,,,,,,,,UNKNOWN,,,,,animal,,,NATIVE_DECLARATION_NO_GRAPHICS
39,,48,,,,,,,,,,,UNKNOWN,,,,,animal,,,NATIVE_DECLARATION_NO_GRAPHICS
39,,49,,,,,,,,,,,UNKNOWN,,,,,animal,,,NATIVE_DECLARATION_NO_GRAPHICS
40,,48,,,,,,,,,,,UNKNOWN,,,,,animal,,,NATIVE_DECLARATION_NO_GRAPHICS
40,,49,,,,,,,,,,,UNKNOWN,,,,,animal,,,NATIVE_DECLARATION_NO_GRAPHICS
41,,48,,,,,,,,,,,UNKNOWN,,,,,animal,,,NATIVE_DECLARATION_NO_GRAPHICS
41,,49,,,,,,,,,,,UNKNOWN,,,,,animal,,,NATIVE_DECLARATION_NO_GRAPHICS
