ENTRY_ID,ENTRY_NAME,SIZE,SHA256,FRAMES,NONEMPTY,FIRST_BOB,KINDS,STATUS
10,data\engine2d\bin\bobs\ls_bridge.bmd,361393,8956efe5ec18e0d6af9d9abc7d7f55a5591891054eb03d0d2df853bf366d67e8,9,9,0,"{""1"": 9}",DECODED
70,data\gui\lang\eng\bobs\ls_menu_logos.bmd,1594681,404b1548e5401757b90836d0f1222c0d0e2cc9398514a94fa9ce52a004447018,20,20,0,"{""4"": 20}",DECODED
161,data\gui\lang\eng\bobs\ls_gui_window.bmd,937075,1deb6437eb2fb2806cd5e43ef9508d65a06e187f507229368335c7bb8c579631,193,193,0,"{""1"": 51, ""4"": 142}",DECODED
245,data\engine2d\bin\bobs\ls_houses_viking.bmd,2236731,ac0a21d26e4f538c6a72c8290ea4120800cce8bead1cfae488e71e764259760a,135,81,0,"{""0"": 54, ""1"": 39, ""4"": 42}",DECODED
246,data\engine2d\bin\bobs\ls_misc_s.bmd,9530,3a1e59a2f53e91381c4c1f1040e21b4a9553960d4293cc8a32d29971676c93bd,134,4,0,"{""0"": 130, ""2"": 4}",DECODED
264,data\engine2d\bin\bobs\ls_fishes.bmd,32612,71b4b2bd549cb08fe2667e500d93758318e57712ee6bd547b10204910a4d20a4,84,84,0,"{""4"": 84}",DECODED
265,data\engine2d\bin\bobs\ls_houses_viking2_s.bmd,20287,eeede3627302ac85a367075f0c7dd47bf118d04f430f82a59d63eb787bd0b215,221,11,0,"{""0"": 210, ""2"": 11}",DECODED
266,data\engine2d\bin\bobs\ls_wall_s.bmd,6064,9609bd736d584353686a45a8b3ea04b7f3ecc37770d3ceea1e2dbdd91ae6060b,36,36,0,"{""2"": 36}",DECODED
270,data\engine2d\bin\bobs\ls_gui_bubbles.bmd,55061,32c3e5f551a34053192c542f59c0283b5971b4ac0df131dff087c9fa173e612c,23,23,0,"{""1"": 11, ""4"": 12}",DECODED
271,data\engine2d\bin\bobs\ls_houses_viking3_s.bmd,10171,034678c217b9c743afde182df26257378d197c5e598de377300562fc204c0dca,61,7,0,"{""0"": 54, ""2"": 7}",DECODED
277,data\engine2d\bin\bobs\ls_houses_viking4_s.bmd,17772,d991c4b3b0cec46eb4bbd20fab7523461345c8bd4b7447fa77eca861b8092df6,45,9,0,"{""0"": 36, ""2"": 9}",DECODED
317,data\engine2d\bin\bobs\ls_temp_s.bmd,1646,3f012b04c3d12eaa4d10ede1266f02644139a02aa16d046df80eac2e3fdd4a82,35,7,0,"{""0"": 28, ""2"": 7}",DECODED
345,data\engine2d\bin\bobs\ls_gathering_s.bmd,9930,052f441fd2691265c9b711dcf5483dd5f842be14d45a5a5c1f49a82d5213b53e,3,3,0,"{""2"": 3}",DECODED
346,data\engine2d\bin\bobs\test_rain.bmd,145,8e3f40a1887aa312766dc34f154e621a9bcf7a0439dc0143320d179e66ca15ed,1,1,0,"{""1"": 1}",DECODED
380,data\engine2d\bin\bobs\ls_ground.bmd,313696,d0c429f774a0041a643836fd3376096ad0d116d33ce8894404e7c2e4babd6118,95,94,0,"{""0"": 1, ""1"": 44, ""4"": 50}",DECODED
384,data\engine2d\bin\bobs\ls_trees_daw_s.bmd,9440,bcab8e346a686e2bd7e1711bddcd08c9ac9cf6323a0ea3f89b4a148f6514ee6c,24,24,0,"{""2"": 24}",DECODED
739,data\engine2d\bin\bobs\ls_houses_byzantine_s.bmd,19914,f316468b8bcec7bb35cc3b4da53feac64fdeab2d2bac155223ae5c2aee6574e8,29,8,0,"{""0"": 21, ""2"": 8}",DECODED
837,data\engine2d\bin\bobs\ve_test_ship_s.bmd,36,f59936b72d68c5dfd96ad34adc6cbc0337afa431d2007a6c00baa0a79c2b1bab,0,0,,{},DECODED
868,data\engine2d\bin\bobs\ls_houses_saracen_s.bmd,16840,48362982468b9333bcf12aed27a474c51c295137a80df12dda4505f61d9dfaa3,101,12,0,"{""0"": 89, ""2"": 12}",DECODED
875,data\engine2d\bin\bobs\ls_guidepost_s.bmd,186,dcdfef66f5ac3e29bf9656535f8e72cd9ecdbea2968c4940e872b30c677c8444,1,1,0,"{""2"": 1}",DECODED
885,data\engine2d\bin\bobs\test_snow.bmd,145,8e3f40a1887aa312766dc34f154e621a9bcf7a0439dc0143320d179e66ca15ed,1,1,0,"{""1"": 1}",DECODED
899,data\engine2d\bin\bobs\ls_skeletons_s.bmd,3974,211b1ad51f548ad57c5a6862ac663ed676db8b03b159cdc99f04d2f1c63a17bb,36,36,0,"{""2"": 36}",DECODED
916,data\engine2d\bin\bobs\ls_misc.bmd,527993,c455bc4f2cae78075d6f96d9e3f0616b3825cc8161676d18e52efffbf0ec1928,134,39,0,"{""0"": 95, ""1"": 4, ""4"": 35}",DECODED
932,data\engine2d\bin\bobs\ls_houses_viking2.bmd,2317068,6096ebd90f5810ff7e0102394a46e6fabe759afc4acafd5db6945556c9b31b52,225,56,0,"{""0"": 169, ""1"": 23, ""4"": 33}",DECODED
933,data\engine2d\bin\bobs\ls_wall.bmd,105790,8a6168b8b531ac2748baa31e44671aedcd38ea77cfa56858e64a4d4f3fbdef5a,36,36,0,"{""4"": 36}",DECODED
939,data\engine2d\bin\bobs\ls_houses_viking3.bmd,1206430,12d0b1208226ea75475a930bc605e413ba7e65cff27c9766b59a084c139e7929,65,33,0,"{""0"": 32, ""1"": 12, ""4"": 21}",DECODED
945,data\engine2d\bin\bobs\ls_houses_viking4.bmd,2586720,175e5b29b0d6e7f959a747856c006da17efe02e77efe88c59a6dd48302047f13,48,48,0,"{""1"": 18, ""4"": 30}",DECODED
955,data\engine2d\bin\bobs\test_timehouse.bmd,29369,16bc0dd9fecfbe6552f96729ba86bca34359d21ece4a796118d80619cb0c603a,1,1,0,"{""4"": 1}",DECODED
966,data\engine2d\bin\bobs\ls_temp.bmd,152510,08ec68a120f63f22c59ad880498358c5d6dfdac4177ba50c17e7c606d033aaad,87,86,0,"{""0"": 1, ""1"": 5, ""4"": 81}",DECODED
973,data\engine2d\bin\bobs\ls_font.bmd,300,16425ee2aba558b125a6ed28bd6397f205c8634689c1da4d9665c99b549a3465,1,1,0,"{""4"": 1}",DECODED
980,data\engine2d\bin\bobs\ls_gathering.bmd,97315,44e4f0d09ffe9616d3007448894d77469da084c1f0439b77a3ef2b6eb310a303,3,3,0,"{""1"": 3}",DECODED
999,data\engine2d\bin\bobs\ls_trees_daw.bmd,241364,b56a63261e1edc44059dca1b01ed0aff7231b4a2d548ce41c8db22a82264afed,24,24,0,"{""1"": 24}",DECODED
1004,data\engine2d\bin\bobs\ls_mushrooms_s.bmd,822,6c9f5a1802c10e6d41e3ace80f254408e4a1f3e041438a8f715c96e7a8f0c445,12,12,0,"{""2"": 12}",DECODED
1015,data\engine2d\bin\bobs\ls_dungeon_s.bmd,21451,44fd5207cf35f7516342d0b47eff56bdf81401954a3760b3417dacbae497ea43,38,38,0,"{""2"": 38}",DECODED
1016,data\engine2d\bin\bobs\ls_meadows_s.bmd,7890,fb93127ce2919aba5535c05b30f38fa0fd00724c8dfbd93bcb79dcd1a653351d,124,27,0,"{""0"": 97, ""2"": 27}",DECODED
1021,data\engine2d\bin\bobs\ls_ruin_byzantine_s.bmd,5690,c59a3856978d74ff060f666cbba159fdb0478a6ddef7b38861367b6afbe165bb,10,10,0,"{""2"": 10}",DECODED
1028,data\engine2d\bin\bobs\ls_harbour_s.bmd,13293,c2df2a37835e0e5589c24a2c8f0af0e6788ec424ee0de3f244f0c1e38d8aa99d,8,8,0,"{""2"": 8}",DECODED
1075,data\engine2d\bin\bobs\ls_houses_byzantine.bmd,3074925,3eb1b3a2c235d5a245adf2c9ccecfbf403c3fd28c8639808911e92484c2e304a,32,32,0,"{""1"": 8, ""4"": 24}",DECODED
1101,data\engine2d\bin\bobs\cr_ani_body_00_s.bmd,497382,ff05805bcbfa1ae10738d0e82499a85d0f8859585065348e0e0e88fd8bf8a7d8,3120,2909,0,"{""0"": 211, ""2"": 2909}",DECODED
1102,data\engine2d\bin\bobs\ls_goetter_s.bmd,68559,1cb67243c33404dcb45dfa65bf167120bce2fed2338af52d1eeca0e19b15cf53,260,134,0,"{""0"": 126, ""2"": 134}",DECODED
1103,data\engine2d\bin\bobs\ls_ruin_saracen_s.bmd,14498,9c8cecabfbc56ea046116ab90678f816298ae8ffdb81a71a1dda951c456e0fcd,14,14,0,"{""2"": 14}",DECODED
1118,data\engine2d\bin\bobs\cr_ani_body_01_s.bmd,36,f59936b72d68c5dfd96ad34adc6cbc0337afa431d2007a6c00baa0a79c2b1bab,0,0,,{},DECODED
1134,data\engine2d\bin\bobs\ls_houses_byzantine2_s.bmd,17538,e8c3a2ac75029cb1b514cc7d04c08593cedeab3d40e2df66b2d2c46c0cfc34b1,57,9,0,"{""0"": 48, ""2"": 9}",DECODED
1153,data\engine2d\bin\bobs\ve_test_ship.bmd,1104479,45353d17206974f758ce11c19cba660e69e8e332ae6d4fc09ebc9608bf515dde,32,32,0,"{""1"": 32}",DECODED
1168,data\engine2d\bin\bobs\test_piles_s.bmd,5664,b4d5d565d0d580423503122bbebf7ee604acd10a9685f726be61ebe354dc1dac,38,38,0,"{""2"": 38}",DECODED
1213,data\engine2d\bin\bobs\ls_houses_saracen.bmd,2488595,ddf0d59dc443eb13ff8df0ed8e560b0a5f86a6bb758bd9aa6feac9d5661dd6fa,104,44,0,"{""0"": 60, ""1"": 14, ""4"": 30}",DECODED
1231,data\engine2d\bin\bobs\ls_guidepost.bmd,13020,27bdc36d886e71307719c78c33efc0800d9a1d18af6cbc607bbf73f493988838,19,19,0,"{""4"": 19}",DECODED
1232,data\engine2d\bin\bobs\ls_wonders_s.bmd,36,f59936b72d68c5dfd96ad34adc6cbc0337afa431d2007a6c00baa0a79c2b1bab,0,0,,{},DECODED
1284,data\engine2d\bin\bobs\cr_veh_body_00_s.bmd,118172,1ed71d77c7236e83950965bf526147efcea090f557e3329c02f1c0bcc2355f33,306,306,0,"{""2"": 306}",DECODED
1285,data\engine2d\bin\bobs\test_house_s.bmd,1017,030fef3298859ce401e2faf3084e5cfbf886a1fd367355a46d4afaeb20f8aaf1,1,1,0,"{""2"": 1}",DECODED
1296,data\engine2d\bin\bobs\ls_skeletons.bmd,21094,1ddb5cccc4c62d64bfc54f529b38e2e1c4e07494e66840101fccb3ed54a95454,36,36,0,"{""1"": 36}",DECODED
1317,data\engine2d\bin\bobs\ls_houses_frank_s.bmd,18265,5458cec60fe2da990f26fd8cfa82025381c339d0e8eed084292ac658488780dd,45,12,0,"{""0"": 33, ""2"": 12}",DECODED
1327,data\engine2d\bin\bobs\ls_statues_s.bmd,51862,5837a644150713428e6671ce406d1efc4d9d41f25c035b7a0f99c1a5478495eb,225,169,0,"{""0"": 56, ""2"": 169}",DECODED
1343,data\engine2d\bin\bobs\cr_hum_body_00_s.bmd,673076,0a1e17da4bc57bfcb35b8999566b935b602feea562ee8952c1c09f8c184066bf,5418,5366,0,"{""0"": 52, ""2"": 5366}",DECODED
1345,data\engine2d\bin\bobs\cr_hum_body_10_s.bmd,95124,975e2be5560286a48a9ce9580c0f2f1cc19bc1b01d05f9cf004ec36826561237,984,930,0,"{""0"": 54, ""2"": 930}",DECODED
1350,data\engine2d\bin\bobs\cr_hum_body_20_s.bmd,24276,f964b921d2aa96faf41ccc8785cecad495d44ea1c48b9fddffd87221342ab29c,273,273,0,"{""2"": 273}",DECODED
1357,data\engine2d\bin\bobs\cr_hum_body_21_s.bmd,16766,63dd30cd401f41d52c96d80b51efba94fb4634f3b65d52a15aff1815b9f08d22,200,200,0,"{""2"": 200}",DECODED
1358,data\engine2d\bin\bobs\cr_hum_body_30_s.bmd,410306,8d4ca36d80f7d63cb432c026ce4197f6deac77ae6f020b11c9492fc82dd139ff,5226,3196,0,"{""0"": 2030, ""2"": 3196}",DECODED
1366,data\engine2d\bin\bobs\cr_hum_body_22_s.bmd,14200,87185eb09c18e304c789a521aaf5c483059da67727095176163b2bcacab1f774,185,185,0,"{""2"": 185}",DECODED
1367,data\engine2d\bin\bobs\cr_hum_body_40_s.bmd,413718,e212a6230bbfbed92011e7683a2cd637bd560fb474a87e2c179749342d5bc825,5226,3250,0,"{""0"": 1976, ""2"": 3250}",DECODED
1368,data\engine2d\bin\bobs\ls_trees_dead_s.bmd,996,331e0fb28061e38e4820c3ea9241538fc8f731cd21cf604d6429f4156337239b,6,6,0,"{""2"": 6}",DECODED
1375,data\engine2d\bin\bobs\cr_hum_body_05_s.bmd,334984,698fd6af03693c5eca85dcb322ef75a8a8baaf1b1a8b1631f21450e05f087ce9,3379,2967,0,"{""0"": 412, ""2"": 2967}",DECODED
1376,data\engine2d\bin\bobs\cr_hum_body_32_s.bmd,201164,d96b4509cfb2e0544f19e11724367bb8f7581136942c1588b309d654c59f4bdf,3379,1376,0,"{""0"": 2003, ""2"": 1376}",DECODED
1377,data\engine2d\bin\bobs\cr_hum_body_50_s.bmd,422140,b113c035a21aed889c3a9274c91f58780b9e3e178e72acc8de58a0c880d96f21,5226,3276,0,"{""0"": 1950, ""2"": 3276}",DECODED
1386,data\engine2d\bin\bobs\cr_hum_body_42_s.bmd,193374,9fb272140e5fae50023ad182cb3cab5e50a5cd4b0d62b7fc2f5197b206c52397,3379,1319,0,"{""0"": 2060, ""2"": 1319}",DECODED
1387,data\engine2d\bin\bobs\cr_hum_body_60_s.bmd,101824,320febb14ddcc5c8e05a554d4433d61e87e2d8d5424b9d85dae88acf36fee91f,3379,220,0,"{""0"": 3159, ""2"": 220}",DECODED
1388,data\engine2d\bin\bobs\ls_caves_s.bmd,17773,c6f6a429b15cea3f3cb2415a18eca341a9a3c0ed6e46f2dc80bcedc7f7843c0b,96,5,0,"{""0"": 91, ""2"": 5}",DECODED
1389,data\engine2d\bin\bobs\ls_snake_s.bmd,3671,fe8098b2bc3e4feea4cc2ad11d750cf20c6d9139f1a334440f705421b2a4cfac,1,1,0,"{""2"": 1}",DECODED
1401,data\engine2d\bin\bobs\cr_hum_body_52_s.bmd,125410,c48289952ec1974a45cd4adf2edbdc87f28c1d4c0dbf343ebff32cb33e8b003c,3379,504,0,"{""0"": 2875, ""2"": 504}",DECODED
1402,data\engine2d\bin\bobs\cr_hum_body_61_s.bmd,85364,d1ba6aad07cdfe30cc963f36da3407b7b56db18a1fb4521d2348fb644ecfd749,2768,181,0,"{""0"": 2587, ""2"": 181}",DECODED
1403,data\engine2d\bin\bobs\cr_hum_body_70_s.bmd,168642,3830a39e5b0f161166f9f1f284fbd6a94d666b90badc1488f3961032205ede47,463,463,0,"{""2"": 463}",DECODED
1410,data\engine2d\bin\bobs\cr_hum_body_62_s.bmd,105494,a68c3c479b69c58bf3346ea7cbefd438d00e9662e61188cdd7cac938b67cba51,3379,250,0,"{""0"": 3129, ""2"": 250}",DECODED
1411,data\engine2d\bin\bobs\cr_hum_body_71_s.bmd,140672,160a5a5b635af3f02b1c29877fc5a38328a41cc04b903e75803dff2986a10260,379,379,0,"{""2"": 379}",DECODED
1412,data\engine2d\bin\bobs\ls_gates_s.bmd,3662,40ed81861264c558bc9cece5ae18811b5faad97981ed899c9c9ac7b3e786e905,2,2,0,"{""2"": 2}",DECODED
1422,data\engine2d\bin\bobs\cr_hum_body_63_s.bmd,71880,ddb24496999fd31e038d30ed3cd2748de7bb6c0a9a69247dd29bb63e67edf805,2159,202,0,"{""0"": 1957, ""2"": 202}",DECODED
1423,data\engine2d\bin\bobs\cr_hum_body_72_s.bmd,248456,866d31ae2ee856d2abef677784ac836795fc904d9eb168e7aca5ba3dffe4dc98,682,682,0,"{""2"": 682}",DECODED
1429,data\engine2d\bin\bobs\cr_hum_body_64_s.bmd,106006,200f74c9b07527127c4b7594a9f27d84ae6b10c07e050bc687db403d3dfa2781,3379,220,0,"{""0"": 3159, ""2"": 220}",DECODED
1430,data\engine2d\bin\bobs\cr_hum_body_73_s.bmd,34386,9190e3cd5c4beace9714c250d59a69a26d32c1903509ed70523ca446f1ac17b3,682,96,0,"{""0"": 586, ""2"": 96}",DECODED
1439,data\engine2d\bin\bobs\cr_hum_body_74_s.bmd,36,f59936b72d68c5dfd96ad34adc6cbc0337afa431d2007a6c00baa0a79c2b1bab,0,0,,{},DECODED
1440,data\engine2d\bin\bobs\ls_chest_s.bmd,1114,38134bcfa23c5b0876eda4d680279776f7ab31ef4db3ee931d9bfdcbe965f80d,6,6,0,"{""2"": 6}",DECODED
1446,data\engine2d\bin\bobs\cr_hum_body_75_s.bmd,113722,762d129b0bad47e92032b335627edd9838a6c3897b4e201e4444191320b17ae3,4193,194,0,"{""0"": 3999, ""2"": 194}",DECODED
1463,data\engine2d\bin\bobs\cr_hum_body_77_s.bmd,36,f59936b72d68c5dfd96ad34adc6cbc0337afa431d2007a6c00baa0a79c2b1bab,0,0,,{},DECODED
1472,data\engine2d\bin\bobs\ls_mushrooms.bmd,4350,8b44035eb7b758fa18f2c192672a26a0240481b7a33fe6f53a65bd30ecb4d2ee,12,12,0,"{""4"": 12}",DECODED
1481,data\engine2d\bin\bobs\ls_goods_s.bmd,23810,f4073c5b9d4e93529798c9a110115e35c848561dacb787dbe6c51400f5b55181,155,155,0,"{""2"": 155}",DECODED
1503,data\engine2d\bin\bobs\cr_hum_head_00.bmd,1769864,3550394be612f9c7292299cd3c8d408f69002252992f4062fd4a09bf35aa8925,5418,3594,0,"{""0"": 1824, ""1"": 3594}",DECODED
1504,data\engine2d\bin\bobs\ls_dungeon.bmd,389796,91fe2f2ed6f7bf6a91e6f482a500f972365bda98bf298478ce2835c9b1742c1c,38,38,0,"{""1"": 38}",DECODED
1505,data\engine2d\bin\bobs\ls_meadows.bmd,249766,f3547025e37dd8ee9e9ae70ac69fa6b9a63d80f8d977135bac86ddf24a2eee16,149,149,0,"{""4"": 149}",DECODED
1514,data\engine2d\bin\bobs\cr_hum_head_01.bmd,1607078,9fa0b0beb6f217026850afc17cfe890f0d05d4401ae14c18222cda7886d9ce85,5418,3594,0,"{""0"": 1824, ""1"": 3594}",DECODED
1515,data\engine2d\bin\bobs\cr_hum_head_10.bmd,400845,4c3060e9bb323cdaf5ad5a79e79e1e68ae3781bc00c7845e164b61ba4577bd79,984,984,0,"{""1"": 984}",DECODED
1516,data\engine2d\bin\bobs\ls_houses_egypt_s.bmd,12074,5414a072a6a2952834e6b5771ed7bc815206cdb44f96ddf742e435c0293d3e55,9,9,0,"{""2"": 9}",DECODED
1517,data\engine2d\bin\bobs\ls_ruin_byzantine.bmd,77460,85fed88b08fdc67724cd7a71d480f396d563517a3e0829f29a5bbfe39d02b329,10,10,0,"{""1"": 10}",DECODED
1524,data\engine2d\bin\bobs\cr_hum_head_02.bmd,1501683,4b89c6a5b94059c65a60de8897a8d57f323b86513b9bdde8ee28fd81cbbebdab,5418,3594,0,"{""0"": 1824, ""1"": 3594}",DECODED
1525,data\engine2d\bin\bobs\cr_hum_head_20.bmd,76926,bbe2d7d035bb149785e2d758c89388ef536bf1c372b8d85a4eda3963b95455ea,273,273,0,"{""1"": 273}",DECODED
1533,data\engine2d\bin\bobs\cr_hum_head_03.bmd,1218791,09a068ae1b7c60b4b833783c092ce777ca423337784a0171748c805a068121f9,5418,3594,0,"{""0"": 1824, ""1"": 3594}",DECODED
1534,data\engine2d\bin\bobs\cr_hum_head_21.bmd,105392,574d2531bb0161f8bd7d32c20ab681637f8d2df92e7e0a8de5caf1ece42016a4,328,328,0,"{""1"": 328}",DECODED
1535,data\engine2d\bin\bobs\cr_hum_head_30.bmd,1055122,e1e2be695bc621ddeec26d8b8c9391bebbb228543cd12f1961799d703bd4f61f,5226,2617,0,"{""0"": 2609, ""1"": 2617}",DECODED
1536,data\engine2d\bin\bobs\ls_harbour.bmd,322477,b11e0abeb65c0dc01bb507cef6e36d1134d0cceee79d738778545a0473a78524,8,8,0,"{""1"": 8}",DECODED
1541,data\engine2d\bin\bobs\cr_hum_head_22.bmd,36,f59936b72d68c5dfd96ad34adc6cbc0337afa431d2007a6c00baa0a79c2b1bab,0,0,,{},DECODED
1542,data\engine2d\bin\bobs\cr_hum_head_31.bmd,873929,0c9e75df64856f4f862df5cb1fd4080297b6c5c1771b6d4c05d3ee894e1a5f3e,5226,2617,0,"{""0"": 2609, ""1"": 2617}",DECODED
1543,data\engine2d\bin\bobs\cr_hum_head_40.bmd,1259405,e74b39949a7b5f4122897d1a274851e6ae591e9d3c3e19fcb1804b8579860dcc,5226,2617,0,"{""0"": 2609, ""1"": 2617}",DECODED
1549,data\engine2d\bin\bobs\cr_hum_head_05.bmd,2147020,d9fb015437e07bbc68d6f23c27f41ee5eceef374d90a4fbfeb3f6abaa08833a1,3475,3475,0,"{""1"": 3475}",DECODED
1550,data\engine2d\bin\bobs\cr_hum_head_41.bmd,1234369,a5392eba8bda211861dd3ca40b390dc0f2323d61da44a543b6ce8b51a3bacdbc,5067,2497,0,"{""0"": 2570, ""1"": 2497}",DECODED
1551,data\engine2d\bin\bobs\cr_hum_head_50.bmd,1198716,01f8c631aa2bfea0bc488bdb024ad793b8fd274936270bf9ecf65b1e59aeadb7,5226,2525,0,"{""0"": 2701, ""1"": 2525}",DECODED
1552,data\engine2d\bin\bobs\ls_trees_s.bmd,154646,aa821eb83ca52dada936bd14a36e932abf13b22d2cc07bc9fb18ea6d4fc03528,493,453,0,"{""0"": 40, ""2"": 453}",DECODED
1556,data\engine2d\bin\bobs\cr_hum_head_06.bmd,1621242,e7d30ad4e2f3a214864cedd9e67da00ba894eb55bb71953fd7d75fec567e0a95,3475,3475,0,"{""1"": 3475}",DECODED
1557,data\engine2d\bin\bobs\cr_hum_head_15.bmd,478582,5b1ed83ca9e5322144c51419e27109e94dc3fcc977990c32389a604f60e5478c,984,924,0,"{""0"": 60, ""1"": 924}",DECODED
1558,data\engine2d\bin\bobs\cr_hum_head_33.bmd,782467,2977f866255aad3776437d6aa48a41ff1b360592b7dfae22a53987114c076055,3379,1582,0,"{""0"": 1797, ""1"": 1582}",DECODED
1559,data\engine2d\bin\bobs\cr_hum_head_42.bmd,803775,164b45387b94aa99aacce1ec79ee16b3f47030ae9a25487bbe4a8d9b8f68b09a,3379,1487,0,"{""0"": 1892, ""1"": 1487}",DECODED
1560,data\engine2d\bin\bobs\cr_hum_head_51.bmd,1188178,855275411a7931d5b8ba38b5ff2afdd0058a95c429d9d7721355dcdaee1af3b2,5226,2617,0,"{""0"": 2609, ""1"": 2617}",DECODED
1563,data\engine2d\bin\bobs\cr_hum_head_07.bmd,2464369,d02e91a17aa9c3b4f02bdb4f86333e14c104d39eb7e2ac700cc932b13db92f7f,3475,3379,0,"{""0"": 96, ""1"": 3379}",DECODED
1564,data\engine2d\bin\bobs\cr_hum_head_16.bmd,400464,ef1c7432994c26885d13d9c842c0564ffefe1e8b38232af78bc9fde482aa9f32,984,924,0,"{""0"": 60, ""1"": 924}",DECODED
1565,data\engine2d\bin\bobs\cr_hum_head_34.bmd,709865,26a1cacb424aec32a868661afbfb5751c3d4c8914196b9ab72244b96fc51e70d,3379,1582,0,"{""0"": 1797, ""1"": 1582}",DECODED
1566,data\engine2d\bin\bobs\cr_hum_head_43.bmd,870868,8336c5c87cafa8f33841c39153cb3981b02f678845b30bd164d70672279e80db,3379,1487,0,"{""0"": 1892, ""1"": 1487}",DECODED
1571,data\engine2d\bin\bobs\cr_hum_head_08.bmd,1732746,17c8fab0cc6f6f2bff53eb7cdc167495d44c71dd828d0a9276941e341ff6b986,3475,3379,0,"{""0"": 96, ""1"": 3379}",DECODED
1572,data\engine2d\bin\bobs\cr_hum_head_17.bmd,377549,f4333f3a6fa187f0cefc6489530a3a3cadab2e28ba9b0a308840f79e8993201e,984,906,0,"{""0"": 78, ""1"": 906}",DECODED
1573,data\engine2d\bin\bobs\cr_hum_head_53.bmd,1013051,32c3cd687c707d804d9d309c96401ff32f459c9fd0d265a839884ce80ac34858,3379,1611,0,"{""0"": 1768, ""1"": 1611}",DECODED
1574,data\engine2d\bin\bobs\cr_hum_head_80.bmd,558253,059705b1dd2dbd7c5166cafbbf77d2b3a88fd20406beb5122e036bbad0d4f62f,2084,933,0,"{""0"": 1151, ""1"": 933}",DECODED
1579,data\engine2d\bin\bobs\cr_hum_head_54.bmd,923738,aa17a0d99dc534a4041d25c7cfb948e75f059e46959385fa944508ed05a66b10,3379,1611,0,"{""0"": 1768, ""1"": 1611}",DECODED
1580,data\engine2d\bin\bobs\cr_hum_head_81.bmd,529439,daa132eb1431fd20f8c0cfe30a4ff7f43302b60addcf322e5a600497a5310853,2084,933,0,"{""0"": 1151, ""1"": 933}",DECODED
1581,data\engine2d\bin\bobs\cr_hum_head_90.bmd,833774,87f12f8ad20d057d05061e90af2b22a765c5934f68fbe6f526cdd7144233a124,4676,1185,0,"{""0"": 3491, ""1"": 1185}",DECODED
1585,data\engine2d\bin\bobs\cr_ani_body_00.bmd,3370069,2f51b35bce46c6a41dcc202a5381f08b811d59dbe2894106525d289647e7d1fe,3120,3120,0,"{""1"": 3120}",DECODED
1586,data\engine2d\bin\bobs\cr_hum_head_82.bmd,548979,497c66b44386a8c6ead1d0b31ed9508d70b319fa3e4c5d57de0dc1a60f558176,2084,933,0,"{""0"": 1151, ""1"": 933}",DECODED
1587,data\engine2d\bin\bobs\cr_hum_head_91.bmd,704604,16e42e01c28436fa1e2d135bac7c9c58cd1b9f7c927c962cd8e7a4bd9b71698b,4676,1185,0,"{""0"": 3491, ""1"": 1185}",DECODED
1588,data\engine2d\bin\bobs\ls_goetter.bmd,4259349,b30a167e884cc93dd594263f26e72b9b5b2ca94b80b645f09739712fe51419bd,260,260,0,"{""1"": 138, ""4"": 122}",DECODED
1589,data\engine2d\bin\bobs\ls_ruin_saracen.bmd,172646,04411ebe40cd047c83770609b6a8bdcbb8a119fc8cc9d66b4fd932e3ff505652,14,14,0,"{""1"": 14}",DECODED
1595,data\engine2d\bin\bobs\cr_ani_body_01.bmd,23144,b9e5a6293e4295e0fff5c36604edf6acd44d0b68f1234b3fb889a14c6a190a68,66,66,0,"{""4"": 66}",DECODED
1596,data\engine2d\bin\bobs\cr_hum_head_83.bmd,520350,56c1268a70bb2befe0edfa54bdedd14a0b17a109739eb081278b5775836e7529,2084,933,0,"{""0"": 1151, ""1"": 933}",DECODED
1597,data\engine2d\bin\bobs\cr_hum_head_92.bmd,695018,7d5a22f4f2ff448119a5ca039307328a0e08e48342e3bea8f788a95b1936d79f,4676,1059,0,"{""0"": 3617, ""1"": 1059}",DECODED
1601,data\engine2d\bin\bobs\cr_hum_head_75.bmd,1081016,dbfd2ff875738c63ae0c82b7083b7d1b2789a6ddda011c5147ac953556160ad8,5226,2293,0,"{""0"": 2933, ""1"": 2293}",DECODED
1602,data\engine2d\bin\bobs\cr_hum_head_93.bmd,612698,1cdf52917b648d0f410435f47858f2ab32cc5f3ab0346f6c6ed3f634a878207c,4676,1059,0,"{""0"": 3617, ""1"": 1059}",DECODED
1603,data\engine2d\bin\bobs\ls_houses_byzantine2.bmd,2103366,f496e3ba801100f67a5d7905518edd58d503dd97676d5f5bfb90d97d1589a7ac,60,36,0,"{""0"": 24, ""1"": 9, ""4"": 27}",DECODED
1609,data\engine2d\bin\bobs\cr_hum_head_76.bmd,1063638,682a3bdff26c8ad07db9917362747b370a88375850a16591d2cd7b663c043398,5226,2395,0,"{""0"": 2831, ""1"": 2395}",DECODED
1616,data\engine2d\bin\bobs\ls_goetter2_s.bmd,67602,695362e64a4c56cad13fe992757dadb8602183c8a5de1d5d5438f39d267450be,263,76,0,"{""0"": 187, ""2"": 76}",DECODED
1617,data\engine2d\bin\bobs\test_piles.bmd,28879,af38b27f942458d1c55708019688771100869363b57019f9ccc6ce9c93ee206d,38,38,0,"{""1"": 38}",DECODED
1623,data\engine2d\bin\bobs\cr_hum_head_78.bmd,36,f59936b72d68c5dfd96ad34adc6cbc0337afa431d2007a6c00baa0a79c2b1bab,0,0,,{},DECODED
1630,data\engine2d\bin\bobs\test_smoke.bmd,25151,c88fe31635046bb7efab16cc3b48d93266b78c6e3c03ea71f3cd968f21123364,24,24,0,"{""1"": 24}",DECODED
1641,data\engine2d\bin\bobs\ls_ruin_frank_s.bmd,6825,4697cf0d9d580162d7431d6f501ec4f6dd3300bcadffe10468c3b41165f89b49,9,9,0,"{""2"": 9}",DECODED
1651,data\engine2d\bin\bobs\ls_stonehenge_s.bmd,5192,f56378027427a19ed1a529e9215ae0beb99f2bcad3c91f6d0b4cfd84717d32e1,10,10,0,"{""2"": 10}",DECODED
1652,data\engine2d\bin\bobs\ls_wonders.bmd,2397747,41df1851f1420bd059fc88e16ee263b3da34f19c6d2d4e77427e7a9075a90092,6,6,0,"{""1"": 1, ""4"": 5}",DECODED
1679,data\engine2d\bin\bobs\cr_veh_body_00.bmd,1475198,c1e7ff6b4b1a54a0e829464ec7d45412deaa8f526202ea0728e96bb5cc2c3c34,306,306,0,"{""1"": 306}",DECODED
1680,data\engine2d\bin\bobs\test_house.bmd,188607,,,,,,FAILED production BMD decoder failed for data\engine2d\bin\bobs\test_house.bmd: exit 5
1687,data\engine2d\bin\bobs\ls_wonders2_s.bmd,2657,353065cec48b79de7cdebd51cf9c73897ae79ea67f70dde265eebdf1b3bda7c8,3,1,0,"{""0"": 2, ""2"": 1}",DECODED
1696,data\engine2d\bin\bobs\ls_wonders3_s.bmd,7020,638abfff78f442a6e5741860705c423d6ba519b681f72d924b2f9fbd2fd637a0,29,4,0,"{""0"": 25, ""2"": 4}",DECODED
1704,data\engine2d\bin\bobs\ls_houses_frank.bmd,3342700,248bad98114f00416b653b8d151e8e611dd2bf2cc39e464774485cb4eaa7b6f0,48,48,0,"{""1"": 12, ""4"": 36}",DECODED
1712,data\engine2d\bin\bobs\ls_statues.bmd,561261,baa0bcb73cd3b8ae43e3ee4a79b1cf43f68d4b5600ec2d8cfa5ae54420c1ec16,237,235,0,"{""0"": 2, ""1"": 235}",DECODED
1736,data\engine2d\bin\bobs\cr_hum_body_00.bmd,4386058,7ee4c3cdbbfc94f17e5c64a0f19364d3237f083c74edd3b5673282ee601811b5,5418,5418,0,"{""1"": 5418}",DECODED
1737,data\engine2d\bin\bobs\test_arrow.bmd,5845,23d786a825eb0caa25fd4998c34441dc256a95605ec5b9af84fa004e2df442b8,32,32,0,"{""1"": 32}",DECODED
1740,data\engine2d\bin\bobs\cr_hum_body_10.bmd,717830,a2a1806f25d82c3d1dce446f4021007700e9fb7734ae495857a040ec185bc4f7,984,984,0,"{""1"": 984}",DECODED
1743,data\engine2d\bin\bobs\cr_hum_body_20.bmd,85189,27275621c6c6d6e770bafeebd307d61c94e2589955f5aa17d1e5128d3205d745,273,273,0,"{""1"": 273}",DECODED
1748,data\engine2d\bin\bobs\cr_hum_body_21.bmd,110439,26787d6cfef9153cbb42668ed429affa35be25afa42ac381a5d22fca85c98ba9,328,328,0,"{""1"": 328}",DECODED
1749,data\engine2d\bin\bobs\cr_hum_body_30.bmd,2669434,ce2970897335b1967531d7535c0c8a6764efc94e95cc28f275c1673357525cad,5226,3385,0,"{""0"": 1841, ""1"": 3385}",DECODED
1754,data\engine2d\bin\bobs\cr_hum_body_22.bmd,77046,727847f5f753fb29dad9b8fb2f8263fd0fd4aaa2d5d77485fe41dd328a4eb97c,185,185,0,"{""1"": 185}",DECODED
1755,data\engine2d\bin\bobs\cr_hum_body_40.bmd,2820128,96a64ceaf961674d0a44a6d7f3d5a847cb4af703d4993e7b1e968f0139b9780f,5226,3385,0,"{""0"": 1841, ""1"": 3385}",DECODED
1756,data\engine2d\bin\bobs\ls_trees_dead.bmd,5882,4cdc96dc5d375f2dd7eff8048728f4f06f1a3d8b8e53a0715ced5b476f132cd0,6,6,0,"{""1"": 6}",DECODED
1763,data\engine2d\bin\bobs\cr_hum_body_05.bmd,2795478,de54d5c4c82f800fa9d58e51efd45c1d8066fc83c41a3796cdf8d8630b4fe5bb,3475,3475,0,"{""1"": 3475}",DECODED
1764,data\engine2d\bin\bobs\cr_hum_body_32.bmd,1303410,4f785dd80b4821dae431ced1874f999cd4e7d8bbb0e9bfbee90d561865d3f735,3379,1582,0,"{""0"": 1797, ""1"": 1582}",DECODED
1765,data\engine2d\bin\bobs\cr_hum_body_50.bmd,2779914,9ff4dcd34d0fe1cbd2e3b6b7eaa599bba32f35cc8e0c24ab1a497299b8de7948,5226,3289,0,"{""0"": 1937, ""1"": 3289}",DECODED
1773,data\engine2d\bin\bobs\cr_hum_body_42.bmd,1193372,70b6c96977dd1a1828c8747acf8d34bf06b60dcf96f000e2ff698846832655f8,3379,1443,0,"{""0"": 1936, ""1"": 1443}",DECODED
1774,data\engine2d\bin\bobs\cr_hum_body_60.bmd,307248,0e1bae032ca3047bc1bafcdf7c8ab8720a9e357b18d4c1270b658b0ca50529ba,3379,220,0,"{""0"": 3159, ""1"": 220}",DECODED
1775,data\engine2d\bin\bobs\ls_caves.bmd,633456,f9e842b16e3a363e9cd836aa54a48459872a02743f6baf039d9046e9f085fab9,96,5,0,"{""0"": 91, ""1"": 5}",DECODED
1776,data\engine2d\bin\bobs\ls_snake.bmd,74842,883319370f9a95c05568c8f5541aadaf8f6ef2f3b68b9452b1c388dd401355d6,1,1,0,"{""1"": 1}",DECODED
1788,data\engine2d\bin\bobs\cr_hum_body_52.bmd,702027,584baad8f936fd633492e39ff41632fa6fb2271b00ac5f686a7cec88cd1bdb89,3379,697,0,"{""0"": 2682, ""1"": 697}",DECODED
1789,data\engine2d\bin\bobs\cr_hum_body_61.bmd,368452,64b81c1f7c714fc90927619458c612048e8ed89126457951bd1fb5b38118c437,2768,229,0,"{""0"": 2539, ""1"": 229}",DECODED
1790,data\engine2d\bin\bobs\cr_hum_body_70.bmd,1213956,9d989d7f00abb34c6b7523acdb430afce4fabe43b40c8ff407f62a2381cd2bd0,463,463,0,"{""1"": 463}",DECODED
1798,data\engine2d\bin\bobs\cr_hum_body_62.bmd,398654,bc0e6f57a30c02e31d8427119a2199a964a71e3fa92c0581fa1daf2aaadecaf4,3379,250,0,"{""0"": 3129, ""1"": 250}",DECODED
1799,data\engine2d\bin\bobs\cr_hum_body_71.bmd,1531159,2ee64ad87698ab38f79faf01d2deca4c6051425df0d14dec3c3ade1e3aed0b9e,379,379,0,"{""1"": 379}",DECODED
1800,data\engine2d\bin\bobs\ls_gates.bmd,72642,54a643f15a34d6dd01486594d9393d93b10c49454578c970a36b2995bd7337de,3,3,0,"{""1"": 3}",DECODED
1809,data\engine2d\bin\bobs\cr_hum_body_63.bmd,394563,96b1465f9d3936d74003d945d04ec77971ed3126919a4e7e5e5043172c70a02c,2159,292,0,"{""0"": 1867, ""1"": 292}",DECODED
1810,data\engine2d\bin\bobs\cr_hum_body_72.bmd,3387349,b3a468a9c2f949d49244213995593ce2080c516321ae6e565b1b3964fed6e0f3,682,682,0,"{""1"": 682}",DECODED
1811,data\engine2d\bin\bobs\ls_shipwrecks_s.bmd,19041,a1ac74c35253996d571927af946ed47c7005e8594fa0eea1fa602eb815d13825,19,19,0,"{""2"": 19}",DECODED
1821,data\engine2d\bin\bobs\cr_hum_body_64.bmd,315786,987a6b4cf48ad8c2e9af88d7e4d141b83abbe1b5faba69437f9fb8525c604e61,3379,220,0,"{""0"": 3159, ""1"": 220}",DECODED
1822,data\engine2d\bin\bobs\cr_hum_body_73.bmd,1082188,cd3386247251d0d628e9f9951abfc6194307a3f9d6d3bbe596b6e17785827a6f,682,450,0,"{""0"": 232, ""1"": 450}",DECODED
1834,data\engine2d\bin\bobs\cr_hum_body_74.bmd,85880,2333ae5e2632b269517fe26fba2d09dac994be848dbe8fd3d7ede3cfc7422c6e,96,96,0,"{""1"": 96}",DECODED
1835,data\engine2d\bin\bobs\ls_chest.bmd,13704,465ea48993700c463f68bf15988f817a3f1cf9a1b14b03cc63d02aaa16a82d43,6,6,0,"{""1"": 6}",DECODED
1836,data\engine2d\bin\bobs\ls_houses_beduines_s.bmd,5886,c7db74984699cb1a283c72fa1d1722ff211c2837725bfce2a1833ed403253f10,17,5,0,"{""0"": 12, ""2"": 5}",DECODED
1848,data\engine2d\bin\bobs\cr_hum_body_75.bmd,2734640,ea097cd4446f5f7429dfc04272a543d123f93be7819ccab7b06f36b82a39d256,5226,3385,0,"{""0"": 1841, ""1"": 3385}",DECODED
1857,data\engine2d\bin\bobs\cr_hum_body_77.bmd,763269,adbd04c4e20420a357b9dfc6b3e4af5cd5a5e29750fa4eeb5a319a7b9f2a71b1,984,804,0,"{""0"": 180, ""1"": 804}",DECODED
1862,data\engine2d\bin\bobs\cr_hum_body_78.bmd,450360,e11f4aca55bb35b5b0bb69da9c6879f5cdc8e5372bbf6dd4bbab2760639f6f9f,2768,328,0,"{""0"": 2440, ""1"": 328}",DECODED
1863,data\engine2d\bin\bobs\ls_houses_vehicles_s.bmd,2153,a8dc52b0adaddad52030d68a9d7f69dd613a52e934d0c709e7618d20b2e07a69,5,3,0,"{""0"": 2, ""2"": 3}",DECODED
1866,data\engine2d\bin\bobs\cr_hum_body_79.bmd,448894,25cb84d9777ca1166dd28e54f80d185d1766b1fb67d03a61f184a5dd7e73c336,3379,304,0,"{""0"": 3075, ""1"": 304}",DECODED
1867,data\engine2d\bin\bobs\ls_goods.bmd,200138,26b4c16ba0edd1836dc54954b0b29b3f06a9c0b8fa0410ba369bc667fb1b2837,155,155,0,"{""4"": 155}",DECODED
1883,data\engine2d\bin\bobs\ls_houses_egypt.bmd,1181712,aaa9bcceffb393d888c133387f9e022f6064b9c9b9a40876e961030f3140e4d2,18,18,0,"{""1"": 9, ""4"": 9}",DECODED
1884,data\engine2d\bin\bobs\ls_smoke.bmd,3256020,4093a4536245a6b42d7244a6f7e4f2fc1bf71038a33f7779fb104a54304948ed,468,455,0,"{""0"": 13, ""1"": 206, ""4"": 249}",DECODED
1895,data\engine2d\bin\bobs\ls_beduines_s.bmd,9700,58f44ae6a00f30f2786f708f9593c0b80d3bc72d37ddd525907c4be66d456961,9,9,0,"{""2"": 9}",DECODED
1913,data\engine2d\bin\bobs\ls_trees.bmd,2166208,63f26b9c25bb711f8ca53d1b11dfbd3eccfdbd903f378417053fd38342f62993,493,453,0,"{""0"": 40, ""1"": 399, ""4"": 54}",DECODED
1914,data\engine2d\bin\bobs\ls_water.bmd,357364,fb2893c8652d2956c7d5c2866df3f97bd632967a97fc7d5eb8337322c5cc7204,162,116,0,"{""0"": 46, ""1"": 4, ""4"": 112}",DECODED
1925,data\engine2d\bin\bobs\ls_vehicles_s.bmd,123138,a5b491bd3f820c66f27002b7e9730acba296310de00591546de38c39613cd4c7,98,97,0,"{""0"": 1, ""2"": 97}",DECODED
1949,data\engine2d\bin\bobs\ls_goetter2.bmd,2159722,f24e20e788bf89da4e79230ea2c48a789f4f6d62f3a9a3f1447700055784a007,263,76,0,"{""0"": 187, ""1"": 76}",DECODED
1957,data\engine2d\bin\bobs\ls_ruin_frank.bmd,95754,307c3db3b1931d13b17b8a6feedd4155526ecc43bdf768483b612c64f389328d,9,9,0,"{""1"": 9}",DECODED
1965,data\engine2d\bin\bobs\ls_stonehenge.bmd,66009,6775e27e2c80afe7c6d94028dd5d4d6b1555499240b6c4854db842e4ba71167b,10,10,0,"{""1"": 10}",DECODED
1994,data\engine2d\bin\bobs\ls_wonders2.bmd,2675469,77d436b953340135c378c91ec52e924c2c6a262fa8059294e56b6ebe33a19a65,7,7,0,"{""4"": 7}",DECODED
2009,data\engine2d\bin\bobs\ls_wonders3.bmd,3621890,5850ebf9c2c4d488b08e8931f21f5fc981881a7952f56cc3334bcd53e72d81ae,36,36,0,"{""1"": 28, ""4"": 8}",DECODED
2111,data\engine2d\bin\bobs\ls_triggers_s.bmd,5920,40e91f4d23e8ff84956c400f01fabb2cc4b3febd548f3112de4261e46fae8047,8,8,0,"{""2"": 8}",DECODED
2276,data\engine2d\bin\bobs\ls_bridge_s.bmd,10671,da37d2783ef71227ec0bccb6d616b3b2c7f2361206f5ddcb3b5b5c0268b98328,9,9,0,"{""2"": 9}",DECODED
2326,data\gui\lang\eng\bobs\ls_menu_logos_s.bmd,36,f59936b72d68c5dfd96ad34adc6cbc0337afa431d2007a6c00baa0a79c2b1bab,0,0,,{},DECODED
2332,data\engine2d\bin\bobs\ls_shipwrecks.bmd,235022,d45f74e762108002f9529c852f03f90655f58eca94a06c7a82fdf51e7f2ec733,19,19,0,"{""1"": 19}",DECODED
2349,data\engine2d\bin\bobs\ls_houses_beduines.bmd,374351,2380e1a538c5cbaa1fc161c7d8b80b00e19223ed9d6cb1d2be8cbaa9d5307c66,20,20,0,"{""1"": 5, ""4"": 15}",DECODED
2359,data\gui\lang\eng\bobs\ls_gui_window_s.bmd,36,f59936b72d68c5dfd96ad34adc6cbc0337afa431d2007a6c00baa0a79c2b1bab,0,0,,{},DECODED
2372,data\engine2d\bin\bobs\ls_houses_vehicles.bmd,70271,6a4d946b5953f972089a468209df5a9d97b51da31348b068572c93b6e1b2bd2a,6,6,0,"{""1"": 3, ""4"": 3}",DECODED
2423,data\engine2d\bin\bobs\test_effect.bmd,44577,5ecd7f001d795838cd83e5148bea73e07230167252b32bf25520ccb1a2d5d47a,14,14,0,"{""1"": 14}",DECODED
2434,data\engine2d\bin\bobs\ls_beduines.bmd,108496,55896a1cf8d3817a18f43cb850aad803119883889ed3d031bc2688ed171be74d,9,9,0,"{""1"": 9}",DECODED
2442,data\engine2d\bin\bobs\ls_houses_viking_s.bmd,16409,694a9305ec16345cf0012694dae0821ba119294ed4b68b5009d2db236e5e5795,132,14,0,"{""0"": 118, ""2"": 14}",DECODED
2460,data\engine2d\bin\bobs\ls_vehicles.bmd,2592650,105f4b82582a9feca5b11cd08966a03642def8b8c1068bf2bd541379c2eab400,98,98,0,"{""1"": 97, ""4"": 1}",DECODED
2554,data\engine2d\bin\bobs\ls_ground_s.bmd,29358,cef3a1cc083597415a8b87a8897b75dbab8363c36c820d08190d0db806cf4d1e,90,88,0,"{""0"": 2, ""2"": 88}",DECODED
2644,data\engine2d\bin\bobs\ls_triggers.bmd,180388,0d18488cc8ea07ff12c0cd0ea4493cf66242005c83915240b348ce1830eedb38,8,8,0,"{""1"": 8}",DECODED
