ENTRY_ID,LIBRARY,SIZE,FRAMES,NONEMPTY,UNSUPPORTED_KIND,MAPPED,NOT_MAPPED,COVERAGE_PCT,STATUS_COUNTS,PALETTES,ATLAS,DECODE_STATUS
10,data\engine2d\bin\bobs\ls_bridge.bmd,361393,9,9,0,9,0,100.0,"{""MAPPED"": 9}","[""bridge01""]",Shared/SourceLibraries/ls_bridge/library.json,DECODED
70,data\gui\lang\eng\bobs\ls_menu_logos.bmd,1594681,20,20,0,3,17,15.0,"{""MAPPED"": 3, ""UNKNOWN_PALETTE"": 17}",[],Shared/SourceLibraries/ls_menu_logos/library.json,DECODED
161,data\gui\lang\eng\bobs\ls_gui_window.bmd,937075,193,193,0,92,101,47.7,"{""MAPPED"": 92, ""UNKNOWN_PALETTE"": 101}",[],Shared/SourceLibraries/ls_gui_window/library.json,DECODED
245,data\engine2d\bin\bobs\ls_houses_viking.bmd,2236731,135,81,0,80,1,98.8,"{""MAPPED"": 80, ""UNKNOWN_UNREFERENCED"": 1}","[""house01"", ""house02"", ""houseMiller01""]",Shared/SourceLibraries/ls_houses_viking/library.json,DECODED
246,data\engine2d\bin\bobs\ls_misc_s.bmd,9530,134,4,0,4,0,100.0,"{""MAPPED"": 4}",[],Shared/SourceLibraries/ls_misc_s/library.json,DECODED
264,data\engine2d\bin\bobs\ls_fishes.bmd,32612,84,84,0,66,18,78.6,"{""UNKNOWN_UNREFERENCED"": 18, ""MAPPED"": 66}","[""butterfly01""]",Shared/SourceLibraries/ls_fishes/library.json,DECODED
265,data\engine2d\bin\bobs\ls_houses_viking2_s.bmd,20287,221,11,0,11,0,100.0,"{""MAPPED"": 11}",[],Shared/SourceLibraries/ls_houses_viking2_s/library.json,DECODED
266,data\engine2d\bin\bobs\ls_wall_s.bmd,6064,36,36,0,36,0,100.0,"{""MAPPED"": 36}",[],Shared/SourceLibraries/ls_wall_s/library.json,DECODED
270,data\engine2d\bin\bobs\ls_gui_bubbles.bmd,55061,23,23,0,12,11,52.2,"{""UNKNOWN_UNREFERENCED"": 11, ""MAPPED"": 12}","[""gui_bubbles""]",Shared/SourceLibraries/ls_gui_bubbles/library.json,DECODED
271,data\engine2d\bin\bobs\ls_houses_viking3_s.bmd,10171,61,7,0,7,0,100.0,"{""MAPPED"": 7}",[],Shared/SourceLibraries/ls_houses_viking3_s/library.json,DECODED
277,data\engine2d\bin\bobs\ls_houses_viking4_s.bmd,17772,45,9,0,9,0,100.0,"{""MAPPED"": 9}",[],Shared/SourceLibraries/ls_houses_viking4_s/library.json,DECODED
317,data\engine2d\bin\bobs\ls_temp_s.bmd,1646,35,7,0,3,4,42.9,"{""UNKNOWN_UNREFERENCED"": 4, ""MAPPED"": 3}",[],Shared/SourceLibraries/ls_temp_s/library.json,DECODED
345,data\engine2d\bin\bobs\ls_gathering_s.bmd,9930,3,3,0,3,0,100.0,"{""MAPPED"": 3}",[],Shared/SourceLibraries/ls_gathering_s/library.json,DECODED
346,data\engine2d\bin\bobs\test_rain.bmd,145,1,1,0,1,0,100.0,"{""MAPPED"": 1}",[],Shared/SourceLibraries/test_rain/library.json,DECODED
380,data\engine2d\bin\bobs\ls_ground.bmd,313696,95,94,0,91,3,96.8,"{""MAPPED"": 91, ""UNKNOWN_UNREFERENCED"": 3}","[""rock03"", ""rock02"", ""rockWater"", ""RockSnow02""]",Shared/SourceLibraries/ls_ground/library.json,DECODED
384,data\engine2d\bin\bobs\ls_trees_daw_s.bmd,9440,24,24,0,24,0,100.0,"{""MAPPED"": 24}",[],Shared/SourceLibraries/ls_trees_daw_s/library.json,DECODED
739,data\engine2d\bin\bobs\ls_houses_byzantine_s.bmd,19914,29,8,0,8,0,100.0,"{""MAPPED"": 8}",[],Shared/SourceLibraries/ls_houses_byzantine_s/library.json,DECODED
837,data\engine2d\bin\bobs\ve_test_ship_s.bmd,36,0,0,0,0,0,100.0,{},[],Shared/SourceLibraries/ve_test_ship_s/library.json,DECODED
868,data\engine2d\bin\bobs\ls_houses_saracen_s.bmd,16840,101,12,0,9,3,75.0,"{""MAPPED"": 9, ""UNKNOWN_UNREFERENCED"": 3}",[],Shared/SourceLibraries/ls_houses_saracen_s/library.json,DECODED
875,data\engine2d\bin\bobs\ls_guidepost_s.bmd,186,1,1,0,0,1,0.0,"{""UNKNOWN_UNREFERENCED"": 1}",[],Shared/SourceLibraries/ls_guidepost_s/library.json,DECODED
885,data\engine2d\bin\bobs\test_snow.bmd,145,1,1,0,1,0,100.0,"{""MAPPED"": 1}",[],Shared/SourceLibraries/test_snow/library.json,DECODED
899,data\engine2d\bin\bobs\ls_skeletons_s.bmd,3974,36,36,0,36,0,100.0,"{""MAPPED"": 36}",[],Shared/SourceLibraries/ls_skeletons_s/library.json,DECODED
916,data\engine2d\bin\bobs\ls_misc.bmd,527993,134,39,0,15,24,38.5,"{""MAPPED"": 15, ""UNKNOWN_UNREFERENCED"": 24}","[""goods_spear_iron"", ""clay01"", ""sphinx"", ""goods01""]",Shared/SourceLibraries/ls_misc/library.json,DECODED
932,data\engine2d\bin\bobs\ls_houses_viking2.bmd,2317068,225,56,0,54,2,96.4,"{""MAPPED"": 54, ""UNKNOWN_UNREFERENCED"": 2}","[""house02"", ""house01""]",Shared/SourceLibraries/ls_houses_viking2/library.json,DECODED
933,data\engine2d\bin\bobs\ls_wall.bmd,105790,36,36,0,36,0,100.0,"{""MAPPED"": 36}","[""goods_wood""]",Shared/SourceLibraries/ls_wall/library.json,DECODED
939,data\engine2d\bin\bobs\ls_houses_viking3.bmd,1206430,65,33,0,32,1,97.0,"{""MAPPED"": 32, ""UNKNOWN_UNREFERENCED"": 1}","[""house01"", ""house02""]",Shared/SourceLibraries/ls_houses_viking3/library.json,DECODED
945,data\engine2d\bin\bobs\ls_houses_viking4.bmd,2586720,48,48,0,48,0,100.0,"{""MAPPED"": 48}","[""house02"", ""house01"", ""housedruid01""]",Shared/SourceLibraries/ls_houses_viking4/library.json,DECODED
955,data\engine2d\bin\bobs\test_timehouse.bmd,29369,1,1,0,0,1,0.0,"{""UNKNOWN_UNREFERENCED"": 1}",[],Shared/SourceLibraries/test_timehouse/library.json,DECODED
966,data\engine2d\bin\bobs\ls_temp.bmd,152510,87,86,0,78,8,90.7,"{""UNKNOWN_UNREFERENCED"": 8, ""MAPPED"": 78}","[""human_Player01"", ""human_Player02"", ""human_Player03"", ""human_Player04""]",Shared/SourceLibraries/ls_temp/library.json,DECODED
973,data\engine2d\bin\bobs\ls_font.bmd,300,1,1,0,0,1,0.0,"{""UNKNOWN_UNREFERENCED"": 1}",[],Shared/SourceLibraries/ls_font/library.json,DECODED
980,data\engine2d\bin\bobs\ls_gathering.bmd,97315,3,3,0,3,0,100.0,"{""MAPPED"": 3}","[""goods_flour"", ""goods_stone""]",Shared/SourceLibraries/ls_gathering/library.json,DECODED
999,data\engine2d\bin\bobs\ls_trees_daw.bmd,241364,24,24,0,24,0,100.0,"{""MAPPED"": 24}","[""herbs02""]",Shared/SourceLibraries/ls_trees_daw/library.json,DECODED
1004,data\engine2d\bin\bobs\ls_mushrooms_s.bmd,822,12,12,0,12,0,100.0,"{""MAPPED"": 12}",[],Shared/SourceLibraries/ls_mushrooms_s/library.json,DECODED
1015,data\engine2d\bin\bobs\ls_dungeon_s.bmd,21451,38,38,0,38,0,100.0,"{""MAPPED"": 38}",[],Shared/SourceLibraries/ls_dungeon_s/library.json,DECODED
1016,data\engine2d\bin\bobs\ls_meadows_s.bmd,7890,124,27,0,8,19,29.6,"{""MAPPED"": 8, ""UNKNOWN_UNREFERENCED"": 19}",[],Shared/SourceLibraries/ls_meadows_s/library.json,DECODED
1021,data\engine2d\bin\bobs\ls_ruin_byzantine_s.bmd,5690,10,10,0,10,0,100.0,"{""MAPPED"": 10}",[],Shared/SourceLibraries/ls_ruin_byzantine_s/library.json,DECODED
1028,data\engine2d\bin\bobs\ls_harbour_s.bmd,13293,8,8,0,8,0,100.0,"{""MAPPED"": 8}",[],Shared/SourceLibraries/ls_harbour_s/library.json,DECODED
1075,data\engine2d\bin\bobs\ls_houses_byzantine.bmd,3074925,32,32,0,32,0,100.0,"{""MAPPED"": 32}","[""house_byzantine01"", ""house_byzantine02""]",Shared/SourceLibraries/ls_houses_byzantine/library.json,DECODED
1101,data\engine2d\bin\bobs\cr_ani_body_00_s.bmd,497382,3120,2909,0,2229,680,76.6,"{""UNKNOWN_NAMED_SEQUENCE:SEQUENCE_NEVER_REFERENCED"": 390, ""MAPPED"": 2229, ""UNKNOWN_NAMED_SEQUENCE:SEQUENCE_BOUND_OFFSET_UNUSED"": 178, ""UNKNOWN_NAMED_SEQUENCE:SHADOWED_DUPLICATE_RECORD"": 112}",[],Shared/SourceLibraries/cr_ani_body_00_s/library.json,DECODED
1102,data\engine2d\bin\bobs\ls_goetter_s.bmd,68559,260,134,0,120,14,89.6,"{""MAPPED"": 120, ""UNKNOWN_UNREFERENCED"": 14}",[],Shared/SourceLibraries/ls_goetter_s/library.json,DECODED
1103,data\engine2d\bin\bobs\ls_ruin_saracen_s.bmd,14498,14,14,0,14,0,100.0,"{""MAPPED"": 14}",[],Shared/SourceLibraries/ls_ruin_saracen_s/library.json,DECODED
1118,data\engine2d\bin\bobs\cr_ani_body_01_s.bmd,36,0,0,0,0,0,100.0,{},[],Shared/SourceLibraries/cr_ani_body_01_s/library.json,DECODED
1134,data\engine2d\bin\bobs\ls_houses_byzantine2_s.bmd,17538,57,9,0,9,0,100.0,"{""MAPPED"": 9}",[],Shared/SourceLibraries/ls_houses_byzantine2_s/library.json,DECODED
1153,data\engine2d\bin\bobs\ve_test_ship.bmd,1104479,32,32,0,0,32,0.0,"{""UNKNOWN_UNREFERENCED"": 32}",[],Shared/SourceLibraries/ve_test_ship/library.json,DECODED
1168,data\engine2d\bin\bobs\test_piles_s.bmd,5664,38,38,0,5,33,13.2,"{""UNKNOWN_UNREFERENCED"": 33, ""MAPPED"": 5}",[],Shared/SourceLibraries/test_piles_s/library.json,DECODED
1213,data\engine2d\bin\bobs\ls_houses_saracen.bmd,2488595,104,44,0,36,8,81.8,"{""MAPPED"": 36, ""UNKNOWN_UNREFERENCED"": 8}","[""house_saracen01""]",Shared/SourceLibraries/ls_houses_saracen/library.json,DECODED
1231,data\engine2d\bin\bobs\ls_guidepost.bmd,13020,19,19,0,19,0,100.0,"{""MAPPED"": 19}",[],Shared/SourceLibraries/ls_guidepost/library.json,DECODED
1232,data\engine2d\bin\bobs\ls_wonders_s.bmd,36,0,0,0,0,0,100.0,{},[],Shared/SourceLibraries/ls_wonders_s/library.json,DECODED
1284,data\engine2d\bin\bobs\cr_veh_body_00_s.bmd,118172,306,306,0,261,45,85.3,"{""MAPPED"": 261, ""UNKNOWN_NAMED_SEQUENCE:SEQUENCE_BOUND_OFFSET_UNUSED"": 45}",[],Shared/SourceLibraries/cr_veh_body_00_s/library.json,DECODED
1285,data\engine2d\bin\bobs\test_house_s.bmd,1017,1,1,0,0,1,0.0,"{""UNKNOWN_UNREFERENCED"": 1}",[],Shared/SourceLibraries/test_house_s/library.json,DECODED
1296,data\engine2d\bin\bobs\ls_skeletons.bmd,21094,36,36,0,36,0,100.0,"{""MAPPED"": 36}","[""wolves01""]",Shared/SourceLibraries/ls_skeletons/library.json,DECODED
1317,data\engine2d\bin\bobs\ls_houses_frank_s.bmd,18265,45,12,0,12,0,100.0,"{""MAPPED"": 12}",[],Shared/SourceLibraries/ls_houses_frank_s/library.json,DECODED
1327,data\engine2d\bin\bobs\ls_statues_s.bmd,51862,225,169,0,162,7,95.9,"{""MAPPED"": 162, ""UNKNOWN_UNREFERENCED"": 7}",[],Shared/SourceLibraries/ls_statues_s/library.json,DECODED
1343,data\engine2d\bin\bobs\cr_hum_body_00_s.bmd,673076,5418,5366,0,4868,498,90.7,"{""MAPPED"": 4868, ""UNKNOWN_NAMED_SEQUENCE:SEQUENCE_BOUND_OFFSET_UNUSED"": 51, ""UNKNOWN_NAMED_SEQUENCE:SEQUENCE_USED_WITH_OTHER_LIBRARIES_ONLY"": 426, ""UNKNOWN_NAMED_SEQUENCE:SEQUENCE_NEVER_REFERENCED"": 21}",[],Shared/SourceLibraries/cr_hum_body_00_s/library.json,DECODED
1345,data\engine2d\bin\bobs\cr_hum_body_10_s.bmd,95124,984,930,0,791,139,85.1,"{""MAPPED"": 791, ""UNKNOWN_NAMED_SEQUENCE:SEQUENCE_USED_WITH_OTHER_LIBRARIES_ONLY"": 136, ""UNKNOWN_NAMED_SEQUENCE:SEQUENCE_BOUND_OFFSET_UNUSED"": 3}",[],Shared/SourceLibraries/cr_hum_body_10_s/library.json,DECODED
1350,data\engine2d\bin\bobs\cr_hum_body_20_s.bmd,24276,273,273,0,238,35,87.2,"{""UNKNOWN_NAMED_SEQUENCE:SEQUENCE_USED_WITH_OTHER_LIBRARIES_ONLY"": 27, ""MAPPED"": 238, ""UNKNOWN_NAMED_SEQUENCE:SEQUENCE_BOUND_OFFSET_UNUSED"": 8}",[],Shared/SourceLibraries/cr_hum_body_20_s/library.json,DECODED
1357,data\engine2d\bin\bobs\cr_hum_body_21_s.bmd,16766,200,200,0,163,37,81.5,"{""UNKNOWN_NAMED_SEQUENCE:SEQUENCE_USED_WITH_OTHER_LIBRARIES_ONLY"": 27, ""MAPPED"": 163, ""UNKNOWN_NAMED_SEQUENCE:SEQUENCE_BOUND_OFFSET_UNUSED"": 10}",[],Shared/SourceLibraries/cr_hum_body_21_s/library.json,DECODED
1358,data\engine2d\bin\bobs\cr_hum_body_30_s.bmd,410306,5226,3196,0,2654,542,83.0,"{""UNKNOWN_NAMED_SEQUENCE:SEQUENCE_USED_WITH_OTHER_LIBRARIES_ONLY"": 522, ""MAPPED"": 2654, ""UNKNOWN_NAMED_SEQUENCE:SEQUENCE_BOUND_OFFSET_UNUSED"": 20}",[],Shared/SourceLibraries/cr_hum_body_30_s/library.json,DECODED
1366,data\engine2d\bin\bobs\cr_hum_body_22_s.bmd,14200,185,185,0,110,75,59.5,"{""MAPPED"": 110, ""UNKNOWN_NAMED_SEQUENCE:SEQUENCE_BOUND_OFFSET_UNUSED"": 36, ""UNKNOWN_NAMED_SEQUENCE:SEQUENCE_USED_WITH_OTHER_LIBRARIES_ONLY"": 39}",[],Shared/SourceLibraries/cr_hum_body_22_s/library.json,DECODED
1367,data\engine2d\bin\bobs\cr_hum_body_40_s.bmd,413718,5226,3250,0,2804,446,86.3,"{""UNKNOWN_NAMED_SEQUENCE:SEQUENCE_USED_WITH_OTHER_LIBRARIES_ONLY"": 426, ""MAPPED"": 2804, ""UNKNOWN_NAMED_SEQUENCE:SEQUENCE_BOUND_OFFSET_UNUSED"": 20}",[],Shared/SourceLibraries/cr_hum_body_40_s/library.json,DECODED
1368,data\engine2d\bin\bobs\ls_trees_dead_s.bmd,996,6,6,0,6,0,100.0,"{""MAPPED"": 6}",[],Shared/SourceLibraries/ls_trees_dead_s/library.json,DECODED
1375,data\engine2d\bin\bobs\cr_hum_body_05_s.bmd,334984,3379,2967,0,2361,606,79.6,"{""MAPPED"": 2361, ""UNKNOWN_NAMED_SEQUENCE:SEQUENCE_USED_WITH_OTHER_LIBRARIES_ONLY"": 505, ""UNKNOWN_NAMED_SEQUENCE:SEQUENCE_BOUND_OFFSET_UNUSED"": 80, ""UNKNOWN_NAMED_SEQUENCE:SEQUENCE_NEVER_REFERENCED"": 21}",[],Shared/SourceLibraries/cr_hum_body_05_s/library.json,DECODED
1376,data\engine2d\bin\bobs\cr_hum_body_32_s.bmd,201164,3379,1376,0,1004,372,73.0,"{""MAPPED"": 1004, ""UNKNOWN_NAMED_SEQUENCE:SEQUENCE_BOUND_OFFSET_UNUSED"": 42, ""UNKNOWN_NAMED_SEQUENCE:SEQUENCE_USED_WITH_OTHER_LIBRARIES_ONLY"": 330}",[],Shared/SourceLibraries/cr_hum_body_32_s/library.json,DECODED
1377,data\engine2d\bin\bobs\cr_hum_body_50_s.bmd,422140,5226,3276,0,2830,446,86.4,"{""UNKNOWN_NAMED_SEQUENCE:SEQUENCE_USED_WITH_OTHER_LIBRARIES_ONLY"": 426, ""MAPPED"": 2830, ""UNKNOWN_NAMED_SEQUENCE:SEQUENCE_BOUND_OFFSET_UNUSED"": 20}",[],Shared/SourceLibraries/cr_hum_body_50_s/library.json,DECODED
1386,data\engine2d\bin\bobs\cr_hum_body_42_s.bmd,193374,3379,1319,0,841,478,63.8,"{""UNKNOWN_NAMED_SEQUENCE:SEQUENCE_USED_WITH_OTHER_LIBRARIES_ONLY"": 329, ""MAPPED"": 841, ""UNKNOWN_NAMED_SEQUENCE:SEQUENCE_BOUND_OFFSET_UNUSED"": 149}",[],Shared/SourceLibraries/cr_hum_body_42_s/library.json,DECODED
1387,data\engine2d\bin\bobs\cr_hum_body_60_s.bmd,101824,3379,220,0,214,6,97.3,"{""MAPPED"": 214, ""UNKNOWN_NAMED_SEQUENCE:SEQUENCE_BOUND_OFFSET_UNUSED"": 6}",[],Shared/SourceLibraries/cr_hum_body_60_s/library.json,DECODED
1388,data\engine2d\bin\bobs\ls_caves_s.bmd,17773,96,5,0,5,0,100.0,"{""MAPPED"": 5}",[],Shared/SourceLibraries/ls_caves_s/library.json,DECODED
1389,data\engine2d\bin\bobs\ls_snake_s.bmd,3671,1,1,0,1,0,100.0,"{""MAPPED"": 1}",[],Shared/SourceLibraries/ls_snake_s/library.json,DECODED
1401,data\engine2d\bin\bobs\cr_hum_body_52_s.bmd,125410,3379,504,0,412,92,81.7,"{""MAPPED"": 412, ""UNKNOWN_NAMED_SEQUENCE:SEQUENCE_BOUND_OFFSET_UNUSED"": 35, ""UNKNOWN_NAMED_SEQUENCE:SEQUENCE_USED_WITH_OTHER_LIBRARIES_ONLY"": 57}",[],Shared/SourceLibraries/cr_hum_body_52_s/library.json,DECODED
1402,data\engine2d\bin\bobs\cr_hum_body_61_s.bmd,85364,2768,181,0,149,32,82.3,"{""MAPPED"": 149, ""UNKNOWN_NAMED_SEQUENCE:SEQUENCE_BOUND_OFFSET_UNUSED"": 32}",[],Shared/SourceLibraries/cr_hum_body_61_s/library.json,DECODED
1403,data\engine2d\bin\bobs\cr_hum_body_70_s.bmd,168642,463,463,0,389,74,84.0,"{""MAPPED"": 389, ""UNKNOWN_NAMED_SEQUENCE:SEQUENCE_BOUND_OFFSET_UNUSED"": 74}",[],Shared/SourceLibraries/cr_hum_body_70_s/library.json,DECODED
1410,data\engine2d\bin\bobs\cr_hum_body_62_s.bmd,105494,3379,250,0,249,1,99.6,"{""MAPPED"": 249, ""UNKNOWN_NAMED_SEQUENCE:SEQUENCE_BOUND_OFFSET_UNUSED"": 1}",[],Shared/SourceLibraries/cr_hum_body_62_s/library.json,DECODED
1411,data\engine2d\bin\bobs\cr_hum_body_71_s.bmd,140672,379,379,0,379,0,100.0,"{""MAPPED"": 379}",[],Shared/SourceLibraries/cr_hum_body_71_s/library.json,DECODED
1412,data\engine2d\bin\bobs\ls_gates_s.bmd,3662,2,2,0,2,0,100.0,"{""MAPPED"": 2}",[],Shared/SourceLibraries/ls_gates_s/library.json,DECODED
1422,data\engine2d\bin\bobs\cr_hum_body_63_s.bmd,71880,2159,202,0,167,35,82.7,"{""MAPPED"": 167, ""UNKNOWN_NAMED_SEQUENCE:SEQUENCE_BOUND_OFFSET_UNUSED"": 35}",[],Shared/SourceLibraries/cr_hum_body_63_s/library.json,DECODED
1423,data\engine2d\bin\bobs\cr_hum_body_72_s.bmd,248456,682,682,0,682,0,100.0,"{""MAPPED"": 682}",[],Shared/SourceLibraries/cr_hum_body_72_s/library.json,DECODED
1429,data\engine2d\bin\bobs\cr_hum_body_64_s.bmd,106006,3379,220,0,214,6,97.3,"{""MAPPED"": 214, ""UNKNOWN_NAMED_SEQUENCE:SEQUENCE_BOUND_OFFSET_UNUSED"": 6}",[],Shared/SourceLibraries/cr_hum_body_64_s/library.json,DECODED
1430,data\engine2d\bin\bobs\cr_hum_body_73_s.bmd,34386,682,96,0,96,0,100.0,"{""MAPPED"": 96}",[],Shared/SourceLibraries/cr_hum_body_73_s/library.json,DECODED
1439,data\engine2d\bin\bobs\cr_hum_body_74_s.bmd,36,0,0,0,0,0,100.0,{},[],Shared/SourceLibraries/cr_hum_body_74_s/library.json,DECODED
1440,data\engine2d\bin\bobs\ls_chest_s.bmd,1114,6,6,0,4,2,66.7,"{""MAPPED"": 4, ""UNKNOWN_UNREFERENCED"": 2}",[],Shared/SourceLibraries/ls_chest_s/library.json,DECODED
1446,data\engine2d\bin\bobs\cr_hum_body_75_s.bmd,113722,4193,194,0,0,194,0.0,"{""UNKNOWN_UNREFERENCED"": 194}",[],Shared/SourceLibraries/cr_hum_body_75_s/library.json,DECODED
1463,data\engine2d\bin\bobs\cr_hum_body_77_s.bmd,36,0,0,0,0,0,100.0,{},[],Shared/SourceLibraries/cr_hum_body_77_s/library.json,DECODED
1472,data\engine2d\bin\bobs\ls_mushrooms.bmd,4350,12,12,0,12,0,100.0,"{""MAPPED"": 12}","[""flower01"", ""flower02"", ""flower03""]",Shared/SourceLibraries/ls_mushrooms/library.json,DECODED
1481,data\engine2d\bin\bobs\ls_goods_s.bmd,23810,155,155,0,150,5,96.8,"{""MAPPED"": 150, ""UNKNOWN_UNREFERENCED"": 5}",[],Shared/SourceLibraries/ls_goods_s/library.json,DECODED
1503,data\engine2d\bin\bobs\cr_hum_head_00.bmd,1769864,5418,3594,0,2689,905,74.8,"{""MAPPED"": 2689, ""UNKNOWN_NAMED_SEQUENCE:SEQUENCE_BOUND_OFFSET_UNUSED"": 58, ""UNKNOWN_NAMED_SEQUENCE:SEQUENCE_USED_WITH_OTHER_LIBRARIES_ONLY"": 442, ""UNKNOWN_NAMED_SEQUENCE:SEQUENCE_NEVER_REFERENCED"": 21, ""UNKNOWN_NAMED_SEQUENCE:HEAD_SEQUENCE_OVERRIDE"": 384}","[""test_human_00""]",Shared/SourceLibraries/cr_hum_head_00/library.json,DECODED
1504,data\engine2d\bin\bobs\ls_dungeon.bmd,389796,38,38,0,38,0,100.0,"{""MAPPED"": 38}","[""dungeon01"", ""caves""]",Shared/SourceLibraries/ls_dungeon/library.json,DECODED
1505,data\engine2d\bin\bobs\ls_meadows.bmd,249766,149,149,0,144,5,96.6,"{""MAPPED"": 144, ""UNKNOWN_UNREFERENCED"": 5}","[""flower01"", ""flower02"", ""flower03"", ""flower04""]",Shared/SourceLibraries/ls_meadows/library.json,DECODED
1514,data\engine2d\bin\bobs\cr_hum_head_01.bmd,1607078,5418,3594,0,2689,905,74.8,"{""MAPPED"": 2689, ""UNKNOWN_NAMED_SEQUENCE:SEQUENCE_BOUND_OFFSET_UNUSED"": 58, ""UNKNOWN_NAMED_SEQUENCE:SEQUENCE_USED_WITH_OTHER_LIBRARIES_ONLY"": 442, ""UNKNOWN_NAMED_SEQUENCE:SEQUENCE_NEVER_REFERENCED"": 21, ""UNKNOWN_NAMED_SEQUENCE:HEAD_SEQUENCE_OVERRIDE"": 384}","[""test_human_00""]",Shared/SourceLibraries/cr_hum_head_01/library.json,DECODED
1515,data\engine2d\bin\bobs\cr_hum_head_10.bmd,400845,984,984,0,557,427,56.6,"{""MAPPED"": 557, ""UNKNOWN_NAMED_SEQUENCE:SEQUENCE_USED_WITH_OTHER_LIBRARIES_ONLY"": 136, ""UNKNOWN_NAMED_SEQUENCE:SEQUENCE_BOUND_OFFSET_UNUSED"": 3, ""UNKNOWN_NAMED_SEQUENCE:HEAD_SEQUENCE_OVERRIDE"": 288}","[""test_human_00""]",Shared/SourceLibraries/cr_hum_head_10/library.json,DECODED
1516,data\engine2d\bin\bobs\ls_houses_egypt_s.bmd,12074,9,9,0,9,0,100.0,"{""MAPPED"": 9}",[],Shared/SourceLibraries/ls_houses_egypt_s/library.json,DECODED
1517,data\engine2d\bin\bobs\ls_ruin_byzantine.bmd,77460,10,10,0,10,0,100.0,"{""MAPPED"": 10}","[""rockWater"", ""ruins_byzantine""]",Shared/SourceLibraries/ls_ruin_byzantine/library.json,DECODED
1524,data\engine2d\bin\bobs\cr_hum_head_02.bmd,1501683,5418,3594,0,2689,905,74.8,"{""MAPPED"": 2689, ""UNKNOWN_NAMED_SEQUENCE:SEQUENCE_BOUND_OFFSET_UNUSED"": 58, ""UNKNOWN_NAMED_SEQUENCE:SEQUENCE_USED_WITH_OTHER_LIBRARIES_ONLY"": 442, ""UNKNOWN_NAMED_SEQUENCE:SEQUENCE_NEVER_REFERENCED"": 21, ""UNKNOWN_NAMED_SEQUENCE:HEAD_SEQUENCE_OVERRIDE"": 384}","[""test_human_00""]",Shared/SourceLibraries/cr_hum_head_02/library.json,DECODED
1525,data\engine2d\bin\bobs\cr_hum_head_20.bmd,76926,273,273,0,238,35,87.2,"{""UNKNOWN_NAMED_SEQUENCE:SEQUENCE_USED_WITH_OTHER_LIBRARIES_ONLY"": 27, ""MAPPED"": 238, ""UNKNOWN_NAMED_SEQUENCE:SEQUENCE_BOUND_OFFSET_UNUSED"": 8}","[""test_human_00""]",Shared/SourceLibraries/cr_hum_head_20/library.json,DECODED
1533,data\engine2d\bin\bobs\cr_hum_head_03.bmd,1218791,5418,3594,0,2689,905,74.8,"{""MAPPED"": 2689, ""UNKNOWN_NAMED_SEQUENCE:SEQUENCE_BOUND_OFFSET_UNUSED"": 58, ""UNKNOWN_NAMED_SEQUENCE:SEQUENCE_USED_WITH_OTHER_LIBRARIES_ONLY"": 442, ""UNKNOWN_NAMED_SEQUENCE:SEQUENCE_NEVER_REFERENCED"": 21, ""UNKNOWN_NAMED_SEQUENCE:HEAD_SEQUENCE_OVERRIDE"": 384}","[""test_human_00""]",Shared/SourceLibraries/cr_hum_head_03/library.json,DECODED
1534,data\engine2d\bin\bobs\cr_hum_head_21.bmd,105392,328,328,0,291,37,88.7,"{""UNKNOWN_NAMED_SEQUENCE:SEQUENCE_USED_WITH_OTHER_LIBRARIES_ONLY"": 27, ""MAPPED"": 291, ""UNKNOWN_NAMED_SEQUENCE:SEQUENCE_BOUND_OFFSET_UNUSED"": 10}","[""test_human_00""]",Shared/SourceLibraries/cr_hum_head_21/library.json,DECODED
1535,data\engine2d\bin\bobs\cr_hum_head_30.bmd,1055122,5226,2617,0,1979,638,75.6,"{""UNKNOWN_NAMED_SEQUENCE:SEQUENCE_USED_WITH_OTHER_LIBRARIES_ONLY"": 426, ""MAPPED"": 1979, ""UNKNOWN_NAMED_SEQUENCE:SEQUENCE_BOUND_OFFSET_UNUSED"": 20, ""UNKNOWN_NAMED_SEQUENCE:HEAD_SEQUENCE_OVERRIDE"": 192}","[""test_human_00""]",Shared/SourceLibraries/cr_hum_head_30/library.json,DECODED
1536,data\engine2d\bin\bobs\ls_harbour.bmd,322477,8,8,0,8,0,100.0,"{""MAPPED"": 8}","[""harbour01"", ""caves""]",Shared/SourceLibraries/ls_harbour/library.json,DECODED
1541,data\engine2d\bin\bobs\cr_hum_head_22.bmd,36,0,0,0,0,0,100.0,{},"[""test_human_00""]",Shared/SourceLibraries/cr_hum_head_22/library.json,DECODED
1542,data\engine2d\bin\bobs\cr_hum_head_31.bmd,873929,5226,2617,0,1979,638,75.6,"{""UNKNOWN_NAMED_SEQUENCE:SEQUENCE_USED_WITH_OTHER_LIBRARIES_ONLY"": 426, ""MAPPED"": 1979, ""UNKNOWN_NAMED_SEQUENCE:SEQUENCE_BOUND_OFFSET_UNUSED"": 20, ""UNKNOWN_NAMED_SEQUENCE:HEAD_SEQUENCE_OVERRIDE"": 192}","[""test_human_00""]",Shared/SourceLibraries/cr_hum_head_31/library.json,DECODED
1543,data\engine2d\bin\bobs\cr_hum_head_40.bmd,1259405,5226,2617,0,1979,638,75.6,"{""UNKNOWN_NAMED_SEQUENCE:SEQUENCE_USED_WITH_OTHER_LIBRARIES_ONLY"": 426, ""MAPPED"": 1979, ""UNKNOWN_NAMED_SEQUENCE:SEQUENCE_BOUND_OFFSET_UNUSED"": 20, ""UNKNOWN_NAMED_SEQUENCE:HEAD_SEQUENCE_OVERRIDE"": 192}","[""test_human_00""]",Shared/SourceLibraries/cr_hum_head_40/library.json,DECODED
1549,data\engine2d\bin\bobs\cr_hum_head_05.bmd,2147020,3475,3475,0,2409,1066,69.3,"{""MAPPED"": 2409, ""UNKNOWN_NAMED_SEQUENCE:SEQUENCE_USED_WITH_OTHER_LIBRARIES_ONLY"": 565, ""UNKNOWN_NAMED_SEQUENCE:SEQUENCE_BOUND_OFFSET_UNUSED"": 109, ""UNKNOWN_NAMED_SEQUENCE:SEQUENCE_NEVER_REFERENCED"": 21, ""UNKNOWN_NAMED_SEQUENCE:HEAD_SEQUENCE_OVERRIDE"": 371}","[""test_human_00""]",Shared/SourceLibraries/cr_hum_head_05/library.json,DECODED
1550,data\engine2d\bin\bobs\cr_hum_head_41.bmd,1234369,5067,2497,0,1859,638,74.4,"{""UNKNOWN_NAMED_SEQUENCE:SEQUENCE_USED_WITH_OTHER_LIBRARIES_ONLY"": 426, ""MAPPED"": 1859, ""UNKNOWN_NAMED_SEQUENCE:SEQUENCE_BOUND_OFFSET_UNUSED"": 20, ""UNKNOWN_NAMED_SEQUENCE:HEAD_SEQUENCE_OVERRIDE"": 192}","[""test_human_00""]",Shared/SourceLibraries/cr_hum_head_41/library.json,DECODED
1551,data\engine2d\bin\bobs\cr_hum_head_50.bmd,1198716,5226,2525,0,1887,638,74.7,"{""UNKNOWN_NAMED_SEQUENCE:SEQUENCE_USED_WITH_OTHER_LIBRARIES_ONLY"": 426, ""MAPPED"": 1887, ""UNKNOWN_NAMED_SEQUENCE:SEQUENCE_BOUND_OFFSET_UNUSED"": 20, ""UNKNOWN_NAMED_SEQUENCE:HEAD_SEQUENCE_OVERRIDE"": 192}","[""test_human_00""]",Shared/SourceLibraries/cr_hum_head_50/library.json,DECODED
1552,data\engine2d\bin\bobs\ls_trees_s.bmd,154646,493,453,0,375,78,82.8,"{""MAPPED"": 375, ""UNKNOWN_UNREFERENCED"": 78}",[],Shared/SourceLibraries/ls_trees_s/library.json,DECODED
1556,data\engine2d\bin\bobs\cr_hum_head_06.bmd,1621242,3475,3475,0,2409,1066,69.3,"{""MAPPED"": 2409, ""UNKNOWN_NAMED_SEQUENCE:SEQUENCE_USED_WITH_OTHER_LIBRARIES_ONLY"": 565, ""UNKNOWN_NAMED_SEQUENCE:SEQUENCE_BOUND_OFFSET_UNUSED"": 109, ""UNKNOWN_NAMED_SEQUENCE:SEQUENCE_NEVER_REFERENCED"": 21, ""UNKNOWN_NAMED_SEQUENCE:HEAD_SEQUENCE_OVERRIDE"": 371}","[""test_human_00""]",Shared/SourceLibraries/cr_hum_head_06/library.json,DECODED
1557,data\engine2d\bin\bobs\cr_hum_head_15.bmd,478582,984,924,0,497,427,53.8,"{""MAPPED"": 497, ""UNKNOWN_NAMED_SEQUENCE:SEQUENCE_USED_WITH_OTHER_LIBRARIES_ONLY"": 136, ""UNKNOWN_NAMED_SEQUENCE:SEQUENCE_BOUND_OFFSET_UNUSED"": 3, ""UNKNOWN_NAMED_SEQUENCE:HEAD_SEQUENCE_OVERRIDE"": 288}","[""test_human_00""]",Shared/SourceLibraries/cr_hum_head_15/library.json,DECODED
1558,data\engine2d\bin\bobs\cr_hum_head_33.bmd,782467,3379,1582,0,1207,375,76.3,"{""MAPPED"": 1207, ""UNKNOWN_NAMED_SEQUENCE:SEQUENCE_BOUND_OFFSET_UNUSED"": 45, ""UNKNOWN_NAMED_SEQUENCE:SEQUENCE_USED_WITH_OTHER_LIBRARIES_ONLY"": 330}","[""test_human_00""]",Shared/SourceLibraries/cr_hum_head_33/library.json,DECODED
1559,data\engine2d\bin\bobs\cr_hum_head_42.bmd,803775,3379,1487,0,960,527,64.6,"{""UNKNOWN_NAMED_SEQUENCE:SEQUENCE_USED_WITH_OTHER_LIBRARIES_ONLY"": 329, ""MAPPED"": 960, ""UNKNOWN_NAMED_SEQUENCE:SEQUENCE_BOUND_OFFSET_UNUSED"": 156, ""UNKNOWN_NAMED_SEQUENCE:HEAD_SEQUENCE_OVERRIDE"": 42}","[""test_human_00""]",Shared/SourceLibraries/cr_hum_head_42/library.json,DECODED
1560,data\engine2d\bin\bobs\cr_hum_head_51.bmd,1188178,5226,2617,0,1979,638,75.6,"{""UNKNOWN_NAMED_SEQUENCE:SEQUENCE_USED_WITH_OTHER_LIBRARIES_ONLY"": 426, ""MAPPED"": 1979, ""UNKNOWN_NAMED_SEQUENCE:SEQUENCE_BOUND_OFFSET_UNUSED"": 20, ""UNKNOWN_NAMED_SEQUENCE:HEAD_SEQUENCE_OVERRIDE"": 192}","[""test_human_00""]",Shared/SourceLibraries/cr_hum_head_51/library.json,DECODED
1563,data\engine2d\bin\bobs\cr_hum_head_07.bmd,2464369,3475,3379,0,2340,1039,69.3,"{""MAPPED"": 2340, ""UNKNOWN_NAMED_SEQUENCE:SEQUENCE_USED_WITH_OTHER_LIBRARIES_ONLY"": 565, ""UNKNOWN_NAMED_SEQUENCE:SEQUENCE_BOUND_OFFSET_UNUSED"": 82, ""UNKNOWN_NAMED_SEQUENCE:SEQUENCE_NEVER_REFERENCED"": 21, ""UNKNOWN_NAMED_SEQUENCE:HEAD_SEQUENCE_OVERRIDE"": 371}","[""test_human_00""]",Shared/SourceLibraries/cr_hum_head_07/library.json,DECODED
1564,data\engine2d\bin\bobs\cr_hum_head_16.bmd,400464,984,924,0,497,427,53.8,"{""MAPPED"": 497, ""UNKNOWN_NAMED_SEQUENCE:SEQUENCE_USED_WITH_OTHER_LIBRARIES_ONLY"": 136, ""UNKNOWN_NAMED_SEQUENCE:SEQUENCE_BOUND_OFFSET_UNUSED"": 3, ""UNKNOWN_NAMED_SEQUENCE:HEAD_SEQUENCE_OVERRIDE"": 288}","[""test_human_00""]",Shared/SourceLibraries/cr_hum_head_16/library.json,DECODED
1565,data\engine2d\bin\bobs\cr_hum_head_34.bmd,709865,3379,1582,0,1207,375,76.3,"{""MAPPED"": 1207, ""UNKNOWN_NAMED_SEQUENCE:SEQUENCE_BOUND_OFFSET_UNUSED"": 45, ""UNKNOWN_NAMED_SEQUENCE:SEQUENCE_USED_WITH_OTHER_LIBRARIES_ONLY"": 330}","[""test_human_00""]",Shared/SourceLibraries/cr_hum_head_34/library.json,DECODED
1566,data\engine2d\bin\bobs\cr_hum_head_43.bmd,870868,3379,1487,0,960,527,64.6,"{""UNKNOWN_NAMED_SEQUENCE:SEQUENCE_USED_WITH_OTHER_LIBRARIES_ONLY"": 329, ""MAPPED"": 960, ""UNKNOWN_NAMED_SEQUENCE:SEQUENCE_BOUND_OFFSET_UNUSED"": 156, ""UNKNOWN_NAMED_SEQUENCE:HEAD_SEQUENCE_OVERRIDE"": 42}","[""test_human_00""]",Shared/SourceLibraries/cr_hum_head_43/library.json,DECODED
1571,data\engine2d\bin\bobs\cr_hum_head_08.bmd,1732746,3475,3379,0,2340,1039,69.3,"{""MAPPED"": 2340, ""UNKNOWN_NAMED_SEQUENCE:SEQUENCE_USED_WITH_OTHER_LIBRARIES_ONLY"": 565, ""UNKNOWN_NAMED_SEQUENCE:SEQUENCE_BOUND_OFFSET_UNUSED"": 82, ""UNKNOWN_NAMED_SEQUENCE:SEQUENCE_NEVER_REFERENCED"": 21, ""UNKNOWN_NAMED_SEQUENCE:HEAD_SEQUENCE_OVERRIDE"": 371}","[""test_human_00""]",Shared/SourceLibraries/cr_hum_head_08/library.json,DECODED
1572,data\engine2d\bin\bobs\cr_hum_head_17.bmd,377549,984,906,0,479,427,52.9,"{""MAPPED"": 479, ""UNKNOWN_NAMED_SEQUENCE:SEQUENCE_USED_WITH_OTHER_LIBRARIES_ONLY"": 136, ""UNKNOWN_NAMED_SEQUENCE:SEQUENCE_BOUND_OFFSET_UNUSED"": 3, ""UNKNOWN_NAMED_SEQUENCE:HEAD_SEQUENCE_OVERRIDE"": 288}","[""test_human_00""]",Shared/SourceLibraries/cr_hum_head_17/library.json,DECODED
1573,data\engine2d\bin\bobs\cr_hum_head_53.bmd,1013051,3379,1611,0,1170,441,72.6,"{""UNKNOWN_NAMED_SEQUENCE:SEQUENCE_USED_WITH_OTHER_LIBRARIES_ONLY"": 395, ""MAPPED"": 1170, ""UNKNOWN_NAMED_SEQUENCE:SEQUENCE_BOUND_OFFSET_UNUSED"": 36, ""UNKNOWN_NAMED_SEQUENCE:HEAD_SEQUENCE_OVERRIDE"": 10}","[""test_human_00""]",Shared/SourceLibraries/cr_hum_head_53/library.json,DECODED
1574,data\engine2d\bin\bobs\cr_hum_head_80.bmd,558253,2084,933,0,558,375,59.8,"{""UNKNOWN_NAMED_SEQUENCE:SEQUENCE_USED_WITH_OTHER_LIBRARIES_ONLY"": 330, ""MAPPED"": 558, ""UNKNOWN_NAMED_SEQUENCE:SEQUENCE_BOUND_OFFSET_UNUSED"": 45}","[""test_human_00""]",Shared/SourceLibraries/cr_hum_head_80/library.json,DECODED
1579,data\engine2d\bin\bobs\cr_hum_head_54.bmd,923738,3379,1611,0,1170,441,72.6,"{""UNKNOWN_NAMED_SEQUENCE:SEQUENCE_USED_WITH_OTHER_LIBRARIES_ONLY"": 395, ""MAPPED"": 1170, ""UNKNOWN_NAMED_SEQUENCE:SEQUENCE_BOUND_OFFSET_UNUSED"": 36, ""UNKNOWN_NAMED_SEQUENCE:HEAD_SEQUENCE_OVERRIDE"": 10}","[""test_human_00""]",Shared/SourceLibraries/cr_hum_head_54/library.json,DECODED
1580,data\engine2d\bin\bobs\cr_hum_head_81.bmd,529439,2084,933,0,558,375,59.8,"{""UNKNOWN_NAMED_SEQUENCE:SEQUENCE_USED_WITH_OTHER_LIBRARIES_ONLY"": 330, ""MAPPED"": 558, ""UNKNOWN_NAMED_SEQUENCE:SEQUENCE_BOUND_OFFSET_UNUSED"": 45}","[""test_human_00""]",Shared/SourceLibraries/cr_hum_head_81/library.json,DECODED
1581,data\engine2d\bin\bobs\cr_hum_head_90.bmd,833774,4676,1185,0,810,375,68.4,"{""UNKNOWN_NAMED_SEQUENCE:SEQUENCE_USED_WITH_OTHER_LIBRARIES_ONLY"": 330, ""MAPPED"": 810, ""UNKNOWN_NAMED_SEQUENCE:SEQUENCE_BOUND_OFFSET_UNUSED"": 45}","[""test_human_00""]",Shared/SourceLibraries/cr_hum_head_90/library.json,DECODED
1585,data\engine2d\bin\bobs\cr_ani_body_00.bmd,3370069,3120,3120,0,2391,729,76.6,"{""UNKNOWN_NAMED_SEQUENCE:SEQUENCE_NEVER_REFERENCED"": 391, ""MAPPED"": 2391, ""UNKNOWN_NAMED_SEQUENCE:SEQUENCE_BOUND_OFFSET_UNUSED"": 226, ""UNKNOWN_NAMED_SEQUENCE:SHADOWED_DUPLICATE_RECORD"": 112}","[""house01"", ""deer01"", ""LION01"", ""bear01""]",Shared/SourceLibraries/cr_ani_body_00/library.json,DECODED
1586,data\engine2d\bin\bobs\cr_hum_head_82.bmd,548979,2084,933,0,558,375,59.8,"{""UNKNOWN_NAMED_SEQUENCE:SEQUENCE_USED_WITH_OTHER_LIBRARIES_ONLY"": 330, ""MAPPED"": 558, ""UNKNOWN_NAMED_SEQUENCE:SEQUENCE_BOUND_OFFSET_UNUSED"": 45}","[""test_human_00""]",Shared/SourceLibraries/cr_hum_head_82/library.json,DECODED
1587,data\engine2d\bin\bobs\cr_hum_head_91.bmd,704604,4676,1185,0,810,375,68.4,"{""UNKNOWN_NAMED_SEQUENCE:SEQUENCE_USED_WITH_OTHER_LIBRARIES_ONLY"": 330, ""MAPPED"": 810, ""UNKNOWN_NAMED_SEQUENCE:SEQUENCE_BOUND_OFFSET_UNUSED"": 45}","[""test_human_00""]",Shared/SourceLibraries/cr_hum_head_91/library.json,DECODED
1588,data\engine2d\bin\bobs\ls_goetter.bmd,4259349,260,260,0,257,3,98.8,"{""MAPPED"": 257, ""UNKNOWN_UNREFERENCED"": 3}","[""ice_statues"", ""caves2"", ""caves"", ""harbour01""]",Shared/SourceLibraries/ls_goetter/library.json,DECODED
1589,data\engine2d\bin\bobs\ls_ruin_saracen.bmd,172646,14,14,0,14,0,100.0,"{""MAPPED"": 14}","[""houseMiller01"", ""shipwreck01"", ""ruins_saracen""]",Shared/SourceLibraries/ls_ruin_saracen/library.json,DECODED
1595,data\engine2d\bin\bobs\cr_ani_body_01.bmd,23144,66,66,0,66,0,100.0,"{""MAPPED"": 66}","[""butterfly01""]",Shared/SourceLibraries/cr_ani_body_01/library.json,DECODED
1596,data\engine2d\bin\bobs\cr_hum_head_83.bmd,520350,2084,933,0,558,375,59.8,"{""UNKNOWN_NAMED_SEQUENCE:SEQUENCE_USED_WITH_OTHER_LIBRARIES_ONLY"": 330, ""MAPPED"": 558, ""UNKNOWN_NAMED_SEQUENCE:SEQUENCE_BOUND_OFFSET_UNUSED"": 45}","[""test_human_00""]",Shared/SourceLibraries/cr_hum_head_83/library.json,DECODED
1597,data\engine2d\bin\bobs\cr_hum_head_92.bmd,695018,4676,1059,0,810,249,76.5,"{""UNKNOWN_NAMED_SEQUENCE:SEQUENCE_USED_WITH_OTHER_LIBRARIES_ONLY"": 204, ""MAPPED"": 810, ""UNKNOWN_NAMED_SEQUENCE:SEQUENCE_BOUND_OFFSET_UNUSED"": 45}","[""test_human_00""]",Shared/SourceLibraries/cr_hum_head_92/library.json,DECODED
1601,data\engine2d\bin\bobs\cr_hum_head_75.bmd,1081016,5226,2293,0,1877,416,81.9,"{""UNKNOWN_NAMED_SEQUENCE:SEQUENCE_USED_WITH_OTHER_LIBRARIES_ONLY"": 300, ""MAPPED"": 1877, ""UNKNOWN_NAMED_SEQUENCE:SEQUENCE_BOUND_OFFSET_UNUSED"": 20, ""UNKNOWN_NAMED_SEQUENCE:HEAD_SEQUENCE_OVERRIDE"": 96}","[""test_human_00""]",Shared/SourceLibraries/cr_hum_head_75/library.json,DECODED
1602,data\engine2d\bin\bobs\cr_hum_head_93.bmd,612698,4676,1059,0,810,249,76.5,"{""UNKNOWN_NAMED_SEQUENCE:SEQUENCE_USED_WITH_OTHER_LIBRARIES_ONLY"": 204, ""MAPPED"": 810, ""UNKNOWN_NAMED_SEQUENCE:SEQUENCE_BOUND_OFFSET_UNUSED"": 45}","[""test_human_00""]",Shared/SourceLibraries/cr_hum_head_93/library.json,DECODED
1603,data\engine2d\bin\bobs\ls_houses_byzantine2.bmd,2103366,60,36,0,36,0,100.0,"{""MAPPED"": 36}","[""house_byzantine01"", ""house_byzantine02""]",Shared/SourceLibraries/ls_houses_byzantine2/library.json,DECODED
1609,data\engine2d\bin\bobs\cr_hum_head_76.bmd,1063638,5226,2395,0,1979,416,82.6,"{""UNKNOWN_NAMED_SEQUENCE:SEQUENCE_USED_WITH_OTHER_LIBRARIES_ONLY"": 300, ""MAPPED"": 1979, ""UNKNOWN_NAMED_SEQUENCE:SEQUENCE_BOUND_OFFSET_UNUSED"": 20, ""UNKNOWN_NAMED_SEQUENCE:HEAD_SEQUENCE_OVERRIDE"": 96}","[""test_human_00""]",Shared/SourceLibraries/cr_hum_head_76/library.json,DECODED
1616,data\engine2d\bin\bobs\ls_goetter2_s.bmd,67602,263,76,0,73,3,96.1,"{""MAPPED"": 73, ""UNKNOWN_UNREFERENCED"": 3}",[],Shared/SourceLibraries/ls_goetter2_s/library.json,DECODED
1617,data\engine2d\bin\bobs\test_piles.bmd,28879,38,38,0,5,33,13.2,"{""UNKNOWN_UNREFERENCED"": 33, ""MAPPED"": 5}","[""goods_wood""]",Shared/SourceLibraries/test_piles/library.json,DECODED
1623,data\engine2d\bin\bobs\cr_hum_head_78.bmd,36,0,0,0,0,0,100.0,{},"[""test_human_00""]",Shared/SourceLibraries/cr_hum_head_78/library.json,DECODED
1630,data\engine2d\bin\bobs\test_smoke.bmd,25151,24,24,0,0,24,0.0,"{""UNKNOWN_UNREFERENCED"": 24}",[],Shared/SourceLibraries/test_smoke/library.json,DECODED
1641,data\engine2d\bin\bobs\ls_ruin_frank_s.bmd,6825,9,9,0,9,0,100.0,"{""MAPPED"": 9}",[],Shared/SourceLibraries/ls_ruin_frank_s/library.json,DECODED
1651,data\engine2d\bin\bobs\ls_stonehenge_s.bmd,5192,10,10,0,10,0,100.0,"{""MAPPED"": 10}",[],Shared/SourceLibraries/ls_stonehenge_s/library.json,DECODED
1652,data\engine2d\bin\bobs\ls_wonders.bmd,2397747,6,6,0,6,0,100.0,"{""MAPPED"": 6}","[""wonders_pyramid""]",Shared/SourceLibraries/ls_wonders/library.json,DECODED
1679,data\engine2d\bin\bobs\cr_veh_body_00.bmd,1475198,306,306,0,261,45,85.3,"{""MAPPED"": 261, ""UNKNOWN_NAMED_SEQUENCE:SEQUENCE_BOUND_OFFSET_UNUSED"": 45}","[""goods01"", ""goods_bow"", ""oxcart""]",Shared/SourceLibraries/cr_veh_body_00/library.json,DECODED
1680,data\engine2d\bin\bobs\test_house.bmd,188607,7,3,4,0,7,0.0,"{""UNKNOWN_UNSUPPORTED_PIXEL_KIND"": 4, ""UNKNOWN_UNREFERENCED"": 3}",[],Shared/SourceLibraries/test_house/library.json,DECODED_PARTIAL_UNSUPPORTED_KIND
1687,data\engine2d\bin\bobs\ls_wonders2_s.bmd,2657,3,1,0,1,0,100.0,"{""MAPPED"": 1}",[],Shared/SourceLibraries/ls_wonders2_s/library.json,DECODED
1696,data\engine2d\bin\bobs\ls_wonders3_s.bmd,7020,29,4,0,4,0,100.0,"{""MAPPED"": 4}",[],Shared/SourceLibraries/ls_wonders3_s/library.json,DECODED
1704,data\engine2d\bin\bobs\ls_houses_frank.bmd,3342700,48,48,0,48,0,100.0,"{""MAPPED"": 48}","[""house01"", ""house02""]",Shared/SourceLibraries/ls_houses_frank/library.json,DECODED
1712,data\engine2d\bin\bobs\ls_statues.bmd,561261,237,235,0,230,5,97.9,"{""MAPPED"": 230, ""UNKNOWN_UNREFERENCED"": 5}","[""informer01"", ""informer02"", ""test_human_00"", ""informer04""]",Shared/SourceLibraries/ls_statues/library.json,DECODED
1736,data\engine2d\bin\bobs\cr_hum_body_00.bmd,4386058,5418,5418,0,4897,521,90.4,"{""MAPPED"": 4897, ""UNKNOWN_NAMED_SEQUENCE:SEQUENCE_BOUND_OFFSET_UNUSED"": 58, ""UNKNOWN_NAMED_SEQUENCE:SEQUENCE_USED_WITH_OTHER_LIBRARIES_ONLY"": 442, ""UNKNOWN_NAMED_SEQUENCE:SEQUENCE_NEVER_REFERENCED"": 21}","[""test_human_00""]",Shared/SourceLibraries/cr_hum_body_00/library.json,DECODED
1737,data\engine2d\bin\bobs\test_arrow.bmd,5845,32,32,0,32,0,100.0,"{""MAPPED"": 32}",[],Shared/SourceLibraries/test_arrow/library.json,DECODED
1740,data\engine2d\bin\bobs\cr_hum_body_10.bmd,717830,984,984,0,845,139,85.9,"{""MAPPED"": 845, ""UNKNOWN_NAMED_SEQUENCE:SEQUENCE_USED_WITH_OTHER_LIBRARIES_ONLY"": 136, ""UNKNOWN_NAMED_SEQUENCE:SEQUENCE_BOUND_OFFSET_UNUSED"": 3}","[""test_human_00""]",Shared/SourceLibraries/cr_hum_body_10/library.json,DECODED
1743,data\engine2d\bin\bobs\cr_hum_body_20.bmd,85189,273,273,0,238,35,87.2,"{""UNKNOWN_NAMED_SEQUENCE:SEQUENCE_USED_WITH_OTHER_LIBRARIES_ONLY"": 27, ""MAPPED"": 238, ""UNKNOWN_NAMED_SEQUENCE:SEQUENCE_BOUND_OFFSET_UNUSED"": 8}","[""test_human_00""]",Shared/SourceLibraries/cr_hum_body_20/library.json,DECODED
1748,data\engine2d\bin\bobs\cr_hum_body_21.bmd,110439,328,328,0,291,37,88.7,"{""UNKNOWN_NAMED_SEQUENCE:SEQUENCE_USED_WITH_OTHER_LIBRARIES_ONLY"": 27, ""MAPPED"": 291, ""UNKNOWN_NAMED_SEQUENCE:SEQUENCE_BOUND_OFFSET_UNUSED"": 10}","[""test_human_00""]",Shared/SourceLibraries/cr_hum_body_21/library.json,DECODED
1749,data\engine2d\bin\bobs\cr_hum_body_30.bmd,2669434,5226,3385,0,2843,542,84.0,"{""UNKNOWN_NAMED_SEQUENCE:SEQUENCE_USED_WITH_OTHER_LIBRARIES_ONLY"": 522, ""MAPPED"": 2843, ""UNKNOWN_NAMED_SEQUENCE:SEQUENCE_BOUND_OFFSET_UNUSED"": 20}","[""test_human_00""]",Shared/SourceLibraries/cr_hum_body_30/library.json,DECODED
1754,data\engine2d\bin\bobs\cr_hum_body_22.bmd,77046,185,185,0,110,75,59.5,"{""MAPPED"": 110, ""UNKNOWN_NAMED_SEQUENCE:SEQUENCE_BOUND_OFFSET_UNUSED"": 36, ""UNKNOWN_NAMED_SEQUENCE:SEQUENCE_USED_WITH_OTHER_LIBRARIES_ONLY"": 39}","[""test_human_00""]",Shared/SourceLibraries/cr_hum_body_22/library.json,DECODED
1755,data\engine2d\bin\bobs\cr_hum_body_40.bmd,2820128,5226,3385,0,2939,446,86.8,"{""UNKNOWN_NAMED_SEQUENCE:SEQUENCE_USED_WITH_OTHER_LIBRARIES_ONLY"": 426, ""MAPPED"": 2939, ""UNKNOWN_NAMED_SEQUENCE:SEQUENCE_BOUND_OFFSET_UNUSED"": 20}","[""test_human_00""]",Shared/SourceLibraries/cr_hum_body_40/library.json,DECODED
1756,data\engine2d\bin\bobs\ls_trees_dead.bmd,5882,6,6,0,6,0,100.0,"{""MAPPED"": 6}","[""tree03"", ""tree01""]",Shared/SourceLibraries/ls_trees_dead/library.json,DECODED
1763,data\engine2d\bin\bobs\cr_hum_body_05.bmd,2795478,3475,3475,0,2730,745,78.6,"{""MAPPED"": 2730, ""UNKNOWN_NAMED_SEQUENCE:SEQUENCE_USED_WITH_OTHER_LIBRARIES_ONLY"": 612, ""UNKNOWN_NAMED_SEQUENCE:SEQUENCE_BOUND_OFFSET_UNUSED"": 112, ""UNKNOWN_NAMED_SEQUENCE:SEQUENCE_NEVER_REFERENCED"": 21}","[""test_human_00""]",Shared/SourceLibraries/cr_hum_body_05/library.json,DECODED
1764,data\engine2d\bin\bobs\cr_hum_body_32.bmd,1303410,3379,1582,0,1210,372,76.5,"{""MAPPED"": 1210, ""UNKNOWN_NAMED_SEQUENCE:SEQUENCE_BOUND_OFFSET_UNUSED"": 42, ""UNKNOWN_NAMED_SEQUENCE:SEQUENCE_USED_WITH_OTHER_LIBRARIES_ONLY"": 330}","[""test_human_00""]",Shared/SourceLibraries/cr_hum_body_32/library.json,DECODED
1765,data\engine2d\bin\bobs\cr_hum_body_50.bmd,2779914,5226,3289,0,2843,446,86.4,"{""UNKNOWN_NAMED_SEQUENCE:SEQUENCE_USED_WITH_OTHER_LIBRARIES_ONLY"": 426, ""MAPPED"": 2843, ""UNKNOWN_NAMED_SEQUENCE:SEQUENCE_BOUND_OFFSET_UNUSED"": 20}","[""test_human_00""]",Shared/SourceLibraries/cr_hum_body_50/library.json,DECODED
1773,data\engine2d\bin\bobs\cr_hum_body_42.bmd,1193372,3379,1443,0,955,488,66.2,"{""UNKNOWN_NAMED_SEQUENCE:SEQUENCE_USED_WITH_OTHER_LIBRARIES_ONLY"": 329, ""MAPPED"": 955, ""UNKNOWN_NAMED_SEQUENCE:SEQUENCE_BOUND_OFFSET_UNUSED"": 159}","[""test_human_00""]",Shared/SourceLibraries/cr_hum_body_42/library.json,DECODED
1774,data\engine2d\bin\bobs\cr_hum_body_60.bmd,307248,3379,220,0,214,6,97.3,"{""MAPPED"": 214, ""UNKNOWN_NAMED_SEQUENCE:SEQUENCE_BOUND_OFFSET_UNUSED"": 6}","[""test_human_00""]",Shared/SourceLibraries/cr_hum_body_60/library.json,DECODED
1775,data\engine2d\bin\bobs\ls_caves.bmd,633456,96,5,0,5,0,100.0,"{""MAPPED"": 5}","[""caves2"", ""caves""]",Shared/SourceLibraries/ls_caves/library.json,DECODED
1776,data\engine2d\bin\bobs\ls_snake.bmd,74842,1,1,0,1,0,100.0,"{""MAPPED"": 1}","[""Finalsnake""]",Shared/SourceLibraries/ls_snake/library.json,DECODED
1788,data\engine2d\bin\bobs\cr_hum_body_52.bmd,702027,3379,697,0,597,100,85.7,"{""MAPPED"": 597, ""UNKNOWN_NAMED_SEQUENCE:SEQUENCE_BOUND_OFFSET_UNUSED"": 35, ""UNKNOWN_NAMED_SEQUENCE:SEQUENCE_USED_WITH_OTHER_LIBRARIES_ONLY"": 65}","[""test_human_00""]",Shared/SourceLibraries/cr_hum_body_52/library.json,DECODED
1789,data\engine2d\bin\bobs\cr_hum_body_61.bmd,368452,2768,229,0,197,32,86.0,"{""MAPPED"": 197, ""UNKNOWN_NAMED_SEQUENCE:SEQUENCE_BOUND_OFFSET_UNUSED"": 32}","[""test_human_00""]",Shared/SourceLibraries/cr_hum_body_61/library.json,DECODED
1790,data\engine2d\bin\bobs\cr_hum_body_70.bmd,1213956,463,463,0,389,74,84.0,"{""MAPPED"": 389, ""UNKNOWN_NAMED_SEQUENCE:SEQUENCE_BOUND_OFFSET_UNUSED"": 74}","[""house_byzantine02""]",Shared/SourceLibraries/cr_hum_body_70/library.json,DECODED
1798,data\engine2d\bin\bobs\cr_hum_body_62.bmd,398654,3379,250,0,249,1,99.6,"{""MAPPED"": 249, ""UNKNOWN_NAMED_SEQUENCE:SEQUENCE_BOUND_OFFSET_UNUSED"": 1}","[""test_human_00""]",Shared/SourceLibraries/cr_hum_body_62/library.json,DECODED
1799,data\engine2d\bin\bobs\cr_hum_body_71.bmd,1531159,379,379,0,379,0,100.0,"{""MAPPED"": 379}","[""house_byzantine01""]",Shared/SourceLibraries/cr_hum_body_71/library.json,DECODED
1800,data\engine2d\bin\bobs\ls_gates.bmd,72642,3,3,0,3,0,100.0,"{""MAPPED"": 3}","[""caves""]",Shared/SourceLibraries/ls_gates/library.json,DECODED
1809,data\engine2d\bin\bobs\cr_hum_body_63.bmd,394563,2159,292,0,173,119,59.2,"{""UNKNOWN_NAMED_SEQUENCE:SEQUENCE_BOUND_OFFSET_UNUSED"": 119, ""MAPPED"": 173}","[""test_human_00""]",Shared/SourceLibraries/cr_hum_body_63/library.json,DECODED
1810,data\engine2d\bin\bobs\cr_hum_body_72.bmd,3387349,682,682,0,682,0,100.0,"{""MAPPED"": 682}",[],Shared/SourceLibraries/cr_hum_body_72/library.json,DECODED
1811,data\engine2d\bin\bobs\ls_shipwrecks_s.bmd,19041,19,19,0,19,0,100.0,"{""MAPPED"": 19}",[],Shared/SourceLibraries/ls_shipwrecks_s/library.json,DECODED
1821,data\engine2d\bin\bobs\cr_hum_body_64.bmd,315786,3379,220,0,214,6,97.3,"{""MAPPED"": 214, ""UNKNOWN_NAMED_SEQUENCE:SEQUENCE_BOUND_OFFSET_UNUSED"": 6}","[""test_human_00""]",Shared/SourceLibraries/cr_hum_body_64/library.json,DECODED
1822,data\engine2d\bin\bobs\cr_hum_body_73.bmd,1082188,682,450,0,450,0,100.0,"{""MAPPED"": 450}",[],Shared/SourceLibraries/cr_hum_body_73/library.json,DECODED
1834,data\engine2d\bin\bobs\cr_hum_body_74.bmd,85880,96,96,0,0,96,0.0,"{""UNKNOWN_NAMED_SEQUENCE:SEQUENCE_NEVER_REFERENCED"": 96}",[],Shared/SourceLibraries/cr_hum_body_74/library.json,DECODED
1835,data\engine2d\bin\bobs\ls_chest.bmd,13704,6,6,0,4,2,66.7,"{""MAPPED"": 4, ""UNKNOWN_UNREFERENCED"": 2}","[""rock03"", ""human_Player10""]",Shared/SourceLibraries/ls_chest/library.json,DECODED
1836,data\engine2d\bin\bobs\ls_houses_beduines_s.bmd,5886,17,5,0,5,0,100.0,"{""MAPPED"": 5}",[],Shared/SourceLibraries/ls_houses_beduines_s/library.json,DECODED
1848,data\engine2d\bin\bobs\cr_hum_body_75.bmd,2734640,5226,3385,0,2843,542,84.0,"{""UNKNOWN_NAMED_SEQUENCE:SEQUENCE_USED_WITH_OTHER_LIBRARIES_ONLY"": 522, ""MAPPED"": 2843, ""UNKNOWN_NAMED_SEQUENCE:SEQUENCE_BOUND_OFFSET_UNUSED"": 20}","[""test_human_00""]",Shared/SourceLibraries/cr_hum_body_75/library.json,DECODED
1857,data\engine2d\bin\bobs\cr_hum_body_77.bmd,763269,984,804,0,785,19,97.6,"{""MAPPED"": 785, ""UNKNOWN_NAMED_SEQUENCE:SEQUENCE_USED_WITH_OTHER_LIBRARIES_ONLY"": 16, ""UNKNOWN_NAMED_SEQUENCE:SEQUENCE_BOUND_OFFSET_UNUSED"": 3}","[""test_human_00""]",Shared/SourceLibraries/cr_hum_body_77/library.json,DECODED
1862,data\engine2d\bin\bobs\cr_hum_body_78.bmd,450360,2768,328,0,273,55,83.2,"{""MAPPED"": 273, ""UNKNOWN_NAMED_SEQUENCE:SEQUENCE_BOUND_OFFSET_UNUSED"": 40, ""UNKNOWN_NAMED_SEQUENCE:SEQUENCE_USED_WITH_OTHER_LIBRARIES_ONLY"": 15}","[""egypt_soldier""]",Shared/SourceLibraries/cr_hum_body_78/library.json,DECODED
1863,data\engine2d\bin\bobs\ls_houses_vehicles_s.bmd,2153,5,3,0,2,1,66.7,"{""MAPPED"": 2, ""UNKNOWN_UNREFERENCED"": 1}",[],Shared/SourceLibraries/ls_houses_vehicles_s/library.json,DECODED
1866,data\engine2d\bin\bobs\cr_hum_body_79.bmd,448894,3379,304,0,271,33,89.1,"{""MAPPED"": 271, ""UNKNOWN_NAMED_SEQUENCE:SEQUENCE_BOUND_OFFSET_UNUSED"": 11, ""UNKNOWN_NAMED_SEQUENCE:SEQUENCE_USED_WITH_OTHER_LIBRARIES_ONLY"": 22}","[""egypt_soldier""]",Shared/SourceLibraries/cr_hum_body_79/library.json,DECODED
1867,data\engine2d\bin\bobs\ls_goods.bmd,200138,155,155,0,150,5,96.8,"{""MAPPED"": 150, ""UNKNOWN_UNREFERENCED"": 5}","[""goods_bread"", ""goods_gold"", ""goods_clay"", ""goods_stone""]",Shared/SourceLibraries/ls_goods/library.json,DECODED
1883,data\engine2d\bin\bobs\ls_houses_egypt.bmd,1181712,18,18,0,18,0,100.0,"{""MAPPED"": 18}","[""caves"", ""house_saracen01""]",Shared/SourceLibraries/ls_houses_egypt/library.json,DECODED
1884,data\engine2d\bin\bobs\ls_smoke.bmd,3256020,468,455,0,446,9,98.0,"{""MAPPED"": 446, ""UNKNOWN_UNREFERENCED"": 9}","[""smoke"", ""fire"", ""fire_incense"", ""house02""]",Shared/SourceLibraries/ls_smoke/library.json,DECODED
1895,data\engine2d\bin\bobs\ls_beduines_s.bmd,9700,9,9,0,9,0,100.0,"{""MAPPED"": 9}",[],Shared/SourceLibraries/ls_beduines_s/library.json,DECODED
1913,data\engine2d\bin\bobs\ls_trees.bmd,2166208,493,453,0,375,78,82.8,"{""MAPPED"": 375, ""UNKNOWN_UNREFERENCED"": 78}","[""treeSnow01"", ""tree01"", ""tree02"", ""tree03""]",Shared/SourceLibraries/ls_trees/library.json,DECODED
1914,data\engine2d\bin\bobs\ls_water.bmd,357364,162,116,0,115,1,99.1,"{""MAPPED"": 115, ""UNKNOWN_UNREFERENCED"": 1}","[""swamp01"", ""wave01"", ""wave03"", ""swamp02""]",Shared/SourceLibraries/ls_water/library.json,DECODED
1925,data\engine2d\bin\bobs\ls_vehicles_s.bmd,123138,98,97,0,26,71,26.8,"{""MAPPED"": 26, ""UNKNOWN_UNREFERENCED"": 71}",[],Shared/SourceLibraries/ls_vehicles_s/library.json,DECODED
1949,data\engine2d\bin\bobs\ls_goetter2.bmd,2159722,263,76,0,76,0,100.0,"{""MAPPED"": 76}","[""dungeon01"", ""caves"", ""ice_statues"", ""test_human_00""]",Shared/SourceLibraries/ls_goetter2/library.json,DECODED
1957,data\engine2d\bin\bobs\ls_ruin_frank.bmd,95754,9,9,0,9,0,100.0,"{""MAPPED"": 9}","[""ruins_frank""]",Shared/SourceLibraries/ls_ruin_frank/library.json,DECODED
1965,data\engine2d\bin\bobs\ls_stonehenge.bmd,66009,10,10,0,10,0,100.0,"{""MAPPED"": 10}","[""rock02""]",Shared/SourceLibraries/ls_stonehenge/library.json,DECODED
1994,data\engine2d\bin\bobs\ls_wonders2.bmd,2675469,7,7,0,7,0,100.0,"{""MAPPED"": 7}","[""wonders_pyramid"", ""gui_bubbles""]",Shared/SourceLibraries/ls_wonders2/library.json,DECODED
2009,data\engine2d\bin\bobs\ls_wonders3.bmd,3621890,36,36,0,36,0,100.0,"{""MAPPED"": 36}","[""wonders_semiramis"", ""wonders_8th"", ""wonders_pyramid"", ""oxcart""]",Shared/SourceLibraries/ls_wonders3/library.json,DECODED
2111,data\engine2d\bin\bobs\ls_triggers_s.bmd,5920,8,8,0,8,0,100.0,"{""MAPPED"": 8}",[],Shared/SourceLibraries/ls_triggers_s/library.json,DECODED
2276,data\engine2d\bin\bobs\ls_bridge_s.bmd,10671,9,9,0,9,0,100.0,"{""MAPPED"": 9}",[],Shared/SourceLibraries/ls_bridge_s/library.json,DECODED
2326,data\gui\lang\eng\bobs\ls_menu_logos_s.bmd,36,0,0,0,0,0,100.0,{},[],Shared/SourceLibraries/ls_menu_logos_s/library.json,DECODED
2332,data\engine2d\bin\bobs\ls_shipwrecks.bmd,235022,19,19,0,19,0,100.0,"{""MAPPED"": 19}","[""caves2"", ""shipwreck01"", ""rock03"", ""caves""]",Shared/SourceLibraries/ls_shipwrecks/library.json,DECODED
2349,data\engine2d\bin\bobs\ls_houses_beduines.bmd,374351,20,20,0,20,0,100.0,"{""MAPPED"": 20}","[""rock03""]",Shared/SourceLibraries/ls_houses_beduines/library.json,DECODED
2359,data\gui\lang\eng\bobs\ls_gui_window_s.bmd,36,0,0,0,0,0,100.0,{},[],Shared/SourceLibraries/ls_gui_window_s/library.json,DECODED
2372,data\engine2d\bin\bobs\ls_houses_vehicles.bmd,70271,6,6,0,6,0,100.0,"{""MAPPED"": 6}","[""Djinny01"", ""house01"", ""Ship_house""]",Shared/SourceLibraries/ls_houses_vehicles/library.json,DECODED
2423,data\engine2d\bin\bobs\test_effect.bmd,44577,14,14,0,13,1,92.9,"{""UNKNOWN_UNREFERENCED"": 1, ""MAPPED"": 13}","[""tree03""]",Shared/SourceLibraries/test_effect/library.json,DECODED
2434,data\engine2d\bin\bobs\ls_beduines.bmd,108496,9,9,0,9,0,100.0,"{""MAPPED"": 9}","[""tree_Cypress01"", ""rock03"", ""clay01"", ""tree_Cypress02""]",Shared/SourceLibraries/ls_beduines/library.json,DECODED
2442,data\engine2d\bin\bobs\ls_houses_viking_s.bmd,16409,132,14,0,14,0,100.0,"{""MAPPED"": 14}",[],Shared/SourceLibraries/ls_houses_viking_s/library.json,DECODED
2460,data\engine2d\bin\bobs\ls_vehicles.bmd,2592650,98,98,0,27,71,27.6,"{""MAPPED"": 27, ""UNKNOWN_UNREFERENCED"": 71}","[""human_Ship01"", ""goods_bow""]",Shared/SourceLibraries/ls_vehicles/library.json,DECODED
2554,data\engine2d\bin\bobs\ls_ground_s.bmd,29358,90,88,0,85,3,96.6,"{""MAPPED"": 85, ""UNKNOWN_UNREFERENCED"": 3}",[],Shared/SourceLibraries/ls_ground_s/library.json,DECODED
2644,data\engine2d\bin\bobs\ls_triggers.bmd,180388,8,8,0,8,0,100.0,"{""MAPPED"": 8}","[""goods_flour"", ""goods_stone""]",Shared/SourceLibraries/ls_triggers/library.json,DECODED
