ENTRY_ID,ENTRY_NAME,SECTIONS,STATUS
0,data\edit\macromaps\beachnosound000.cif,"{""map"": 1}",DECODED
23,data\text\eng\strings\gameobjects\jobs.cif,"{""control"": 1, ""text"": 1}",DECODED
24,data\edit\macromaps\plaster000.cif,"{""map"": 1}",DECODED
160,data\engine2d\inis\vehicles\jobgraphics.cif,"{""jobgraphics"": 6}",DECODED
234,data\edit\macromaps\shiva farmer test.cif,"{""map"": 1}",DECODED
239,data\edit\mapgeneration\patternprioritys.cif,"{""patternpriority"": 20}",DECODED
244,data\maps\singleplayer_03_01\text\eng\strings.cif,"{""text"": 1}",DECODED
250,data\maps\singleplayer_03_02\text\eng\strings.cif,"{""text"": 1}",DECODED
256,data\maps\singleplayer_03_03\text\eng\strings.cif,"{""text"": 1}",DECODED
260,data\maps\singleplayer_03_04\text\eng\strings.cif,"{""text"": 1}",DECODED
262,data\maps\singleplayer_03_05\text\eng\strings.cif,"{""text"": 1}",DECODED
267,data\logic\armortypes.cif,"{""armortype"": 4}",DECODED
276,data\text\eng\strings\gameobjects\misclogicstrings.cif,"{""text"": 1}",DECODED
279,data\engine2d\inis\mapmoveableanimations\animations.cif,"{""bobseq"": 15, ""gfxanimatomic"": 1089, ""gfxwalkatomic"": 470}",DECODED
287,data\logic\housetypes.cif,"{""logichousetype"": 54}",DECODED
310,data\maps\demo_mainmenu_10\map.cif,"{""logiccontrol"": 1, ""logiccontrolend"": 1, ""missiondata"": 6, ""staticobjects"": 1, ""aidata"": 1, ""playerdata"": 1, ""misc_music"": 1, ""misc_maptype"": 1, ""misc_startpositions"": 1}",DECODED
339,data\maps\campaign_03_03_sub1\text\eng\strings.cif,"{""text"": 1}",DECODED
344,data\edit\macromaps\schatzinsel.cif,"{""map"": 1}",DECODED
353,data\maps\campaign_03_03_sub2\text\eng\strings.cif,"{""text"": 1}",DECODED
358,data\text\eng\strings\demoversion\demo.cif,"{""control"": 1, ""text"": 1}",DECODED
362,data\maps\campaign_03_03_sub3\text\eng\strings.cif,"{""text"": 1}",DECODED
363,data\maps\campaign_03_05_sub1\text\eng\strings.cif,"{""text"": 1}",DECODED
367,data\edit\macromaps\goodsstart00.cif,"{""map"": 1}",DECODED
369,data\maps\campaign_03_05_sub2\text\eng\strings.cif,"{""text"": 1}",DECODED
370,data\maps\campaign_03_06_sub1\text\eng\strings.cif,"{""text"": 1}",DECODED
376,data\maps\campaign_03_06_sub2\text\eng\strings.cif,"{""text"": 1}",DECODED
383,data\edit\macromaps\watershallow000.cif,"{""map"": 1}",DECODED
389,data\edit\randomgroups\random_groups_patterns.cif,"{""rndgfxpatterns"": 11}",DECODED
391,data\engine2d\inis\humans\randompalette.cif,"{""randompalette"": 92}",DECODED
402,data\edit\macromaps\meadowdark000.cif,"{""map"": 1}",DECODED
403,data\edit\mapgeneration\landscapeelements.cif,"{""landscapeelement"": 54}",DECODED
421,data\edit\macromaps\meadowdark001.cif,"{""map"": 1}",DECODED
474,data\maps\multiplayer_202_special_millitär\map.cif,"{""logiccontrol"": 1, ""logiccontrolend"": 1, ""missiondata"": 49, ""staticobjects"": 1, ""aidata"": 1, ""playerdata"": 1, ""multiplayer"": 1, ""playermisc"": 1, ""specialitems"": 1, ""misc_music"": 1, ""misc_maptype"": 1, ""misc_mapname"": 1, ""misc_multiplayer_goals"": 1}",DECODED
508,data\edit\macromaps\water000.cif,"{""map"": 1}",DECODED
705,data\edit\macromaps\swamp000.cif,"{""map"": 1}",DECODED
738,data\edit\macromaps\swamp001.cif,"{""map"": 1}",DECODED
743,data\logic\jobtypes.cif,"{""jobtype"": 55}",DECODED
848,data\maps\multiplayer_204_special_cap-the-flag\text\eng\strings.cif,"{""text"": 1}",DECODED
854,data\maps\singleplayer_03_01-sub1\map.cif,"{""logiccontrol"": 1, ""logiccontrolend"": 1, ""missiondata"": 3, ""staticobjects"": 1, ""playerdata"": 1, ""misc_music"": 1, ""misc_maptype"": 1, ""misc_mapname"": 1, ""misc_humannames"": 1, ""misc_startpositions"": 1}",DECODED
857,data\engine2d\inis\soundfx\soundfx.cif,"{""soundfxstatic"": 225, ""soundfxambient"": 15, ""soundfxjingle"": 9}",DECODED
861,data\edit\macromaps\ice000.cif,"{""map"": 1}",DECODED
889,data\engine2d\inis\soundfx\soundfx_nomissioncd.cif,"{""soundfxstatic"": 224, ""soundfxambient"": 15, ""soundfxjingle"": 9}",DECODED
891,data\edit\macromaps\shiva foodchain test.cif,"{""map"": 1}",DECODED
898,data\text\eng\strings\help\goodshelp.cif,"{""control"": 1, ""text"": 1}",DECODED
914,data\engine2d\inis\goods\goodgraphics.cif,"{""goodgraphics"": 37}",DECODED
919,data\maps\multiplayer_203_special_militär\text\eng\strings.cif,"{""text"": 1}",DECODED
920,data\engine2d\inis\humans\jobgraphics.cif,"{""jobbasegraphics"": 53, ""jobchangegraphics"": 31}",DECODED
924,data\maps\campaign_03_01\text\eng\strings.cif,"{""text"": 1}",DECODED
929,data\maps\campaign_03_02\text\eng\strings.cif,"{""text"": 1}",DECODED
935,data\engine2d\inis\particel\generator.cif,"{""particelgenerator"": 3}",DECODED
937,data\maps\campaign_03_03\text\eng\strings.cif,"{""text"": 1}",DECODED
942,data\maps\campaign_03_04\text\eng\strings.cif,"{""text"": 1}",DECODED
949,data\maps\campaign_03_05\text\eng\strings.cif,"{""text"": 1}",DECODED
953,data\maps\campaign_03_06\text\eng\strings.cif,"{""text"": 1}",DECODED
959,data\maps\campaign_03_07\text\eng\strings.cif,"{""text"": 1}",DECODED
964,data\logic\trianglepatterntypes.cif,"{""trianglepatterntype"": 10}",DECODED
965,data\maps\campaign_03_08\text\eng\strings.cif,"{""text"": 1}",DECODED
979,data\edit\macromaps\mud000.cif,"{""map"": 1}",DECODED
983,data\edit\macromaps\mud001.cif,"{""map"": 1}",DECODED
994,data\engine2d\inis\humans\sounds.cif,"{""sounds"": 6}",DECODED
1019,data\engine2d\inis\humans\sounds_nomissioncd.cif,"{""sounds"": 6}",DECODED
1020,data\edit\macromaps\macromap000.cif,"{""map"": 1}",DECODED
1024,data\engine2d\inis\houses\houses.cif,"{""gfxhouse"": 90}",DECODED
1030,data\text\eng\strings\gameobjects\vehicletasks.cif,"{""text"": 1}",DECODED
1048,data\edit\macromaps\desertstone000_underworld.cif,"{""map"": 1}",DECODED
1133,data\maps\tutorial_001\map.cif,"{""logiccontrol"": 1, ""logiccontrolend"": 1, ""missiondata"": 13, ""staticobjects"": 1, ""aidata"": 1, ""playerdata"": 1, ""playermisc"": 1, ""misc_music"": 1, ""misc_maptype"": 1, ""misc_mapname"": 1, ""misc_humannames"": 1}",DECODED
1151,data\maps\multiplayer_205_special_cap-the-cow\map.cif,"{""logiccontrol"": 1, ""logiccontrolend"": 1, ""missiondata"": 7, ""staticobjects"": 1, ""playerdata"": 1, ""multiplayer"": 1, ""playermisc"": 1, ""misc_music"": 1, ""misc_mapname"": 1, ""misc_maptype"": 1, ""misc_multiplayer_goals"": 1, ""misc_tradeagreement"": 1}",DECODED
1152,data\maps\tutorial_002\map.cif,"{""logiccontrol"": 1, ""logiccontrolend"": 1, ""missiondata"": 16, ""staticobjects"": 1, ""aidata"": 1, ""playerdata"": 1, ""playermisc"": 1, ""misc_music"": 1, ""misc_maptype"": 1, ""misc_mapname"": 1, ""misc_humannames"": 1, ""misc_startpositions"": 1}",DECODED
1167,data\maps\tutorial_003\map.cif,"{""logiccontrol"": 1, ""logiccontrolend"": 1, ""missiondata"": 14, ""staticobjects"": 1, ""aidata"": 1, ""playerdata"": 1, ""playermisc"": 1, ""allowedthings"": 1, ""misc_music"": 1, ""misc_maptype"": 1, ""misc_mapname"": 1, ""misc_humannames"": 1, ""misc_startpositions"": 1}",DECODED
1181,data\maps\tutorial_004\map.cif,"{""logiccontrol"": 1, ""logiccontrolend"": 1, ""missiondata"": 30, ""staticobjects"": 1, ""aidata"": 1, ""playerdata"": 1, ""allowedthings"": 1, ""misc_music"": 1, ""misc_maptype"": 1, ""misc_mapname"": 1, ""misc_humannames"": 1, ""misc_startpositions"": 1}",DECODED
1182,data\text\eng\strings\wonders\wonders001.cif,"{""control"": 1, ""text"": 1}",DECODED
1195,data\engine2d\inis\landscapes\landscapes.cif,"{""gfxlandscape"": 866}",DECODED
1196,data\maps\tutorial_005\map.cif,"{""logiccontrol"": 1, ""logiccontrolend"": 1, ""missiondata"": 17, ""staticobjects"": 1, ""aidata"": 1, ""playerdata"": 1, ""playermisc"": 1, ""misc_music"": 1, ""misc_maptype"": 1, ""misc_mapname"": 1, ""misc_humannames"": 1, ""misc_startpositions"": 1, ""misc_tradeagreement"": 1}",DECODED
1211,data\maps\multiplayer_02_06_ressourcen\text\eng\strings.cif,"{""text"": 1}",DECODED
1212,data\maps\tutorial_006\map.cif,"{""logiccontrol"": 1, ""logiccontrolend"": 1, ""missiondata"": 25, ""staticobjects"": 1, ""aidata"": 1, ""playerdata"": 1, ""playermisc"": 1, ""allowedthings"": 1, ""misc_music"": 1, ""misc_maptype"": 1, ""misc_mapname"": 1, ""misc_startpositions"": 1, ""misc_tradeagreement"": 1}",DECODED
1229,data\logic\animaltypes.cif,"{""animaltype"": 34}",DECODED
1230,data\maps\tutorial_007\map.cif,"{""logiccontrol"": 1, ""logiccontrolend"": 1, ""missiondata"": 17, ""staticobjects"": 1, ""aidata"": 1, ""playerdata"": 1, ""playermisc"": 1, ""misc_music"": 1, ""misc_maptype"": 1, ""misc_mapname"": 1, ""misc_humannames"": 1, ""misc_startpositions"": 1}",DECODED
1248,data\maps\campaign_03_01_sub\map.cif,"{""logiccontrol"": 1, ""logiccontrolend"": 1, ""missiondata"": 17, ""staticobjects"": 1, ""aidata"": 1, ""playerdata"": 1, ""playermisc"": 1, ""misc_music"": 1, ""misc_maptype"": 1, ""misc_mapname"": 1, ""misc_humannames"": 1, ""misc_humangraphics"": 1, ""misc_startpositions"": 1}",DECODED
1250,data\text\eng\strings\gameobjects\vehicletypes.cif,"{""text"": 1}",DECODED
1267,data\maps\campaign_03_02_sub\map.cif,"{""logiccontrol"": 1, ""logiccontrolend"": 1, ""missiondata"": 33, ""staticobjects"": 1, ""aidata"": 1, ""playerdata"": 1, ""playermisc"": 1, ""misc_music"": 1, ""misc_maptype"": 1, ""misc_mapname"": 1, ""misc_humannames"": 1, ""misc_humangraphics"": 1, ""misc_startpositions"": 1}",DECODED
1335,data\text\eng\strings\gameobjects\goods.cif,"{""control"": 1, ""text"": 1}",DECODED
1340,data\logic\humanjobexperiencetypes.cif,"{""humanjobexperiencetype"": 70}",DECODED
1342,data\edit\macromaps\mountain000.cif,"{""map"": 1}",DECODED
1418,data\maps\multiplayer_201_special_coop\text\eng\strings.cif,"{""text"": 1}",DECODED
1437,data\logic\atomicanimations\atomicanimations.cif,"{""atomicanimation"": 890}",DECODED
1445,data\edit\macromaps\shiva empty meadow.cif,"{""map"": 1}",DECODED
1457,data\logic\weapontypes.cif,"{""weapontype"": 102}",DECODED
1462,data\text\eng\strings\ingamegui\ingameguimiscwindow.cif,"{""control"": 1, ""text"": 1}",DECODED
1471,data\text\eng\strings\gameobjects\humannames.cif,"{""names"": 7}",DECODED
1475,data\engine2d\inis\misc\misc.cif,"{""tribelandscapelinkdata"": 23, ""tribehouselinkdata"": 3}",DECODED
1501,data\text\eng\strings\mainmenu\mainmenu.cif,"{""control"": 1, ""text"": 1}",DECODED
1502,data\edit\macromaps\meadow000.cif,"{""map"": 1}",DECODED
1512,data\edit\macromaps\border000.cif,"{""map"": 1}",DECODED
1513,data\edit\macromaps\meadow001.cif,"{""map"": 1}",DECODED
1532,data\edit\mapgeneration\transitionlandscapes.cif,"{""translandscapedata"": 6}",DECODED
1570,data\edit\macromaps\desertstone000_oracle.cif,"{""map"": 1}",DECODED
1594,data\maps\singleplayer_03_01\map.cif,"{""logiccontrol"": 1, ""logiccontrolend"": 1, ""missiondata"": 66, ""staticobjects"": 1, ""aidata"": 1, ""playerdata"": 1, ""playermisc"": 1, ""misc_music"": 1, ""misc_maptype"": 1, ""misc_mapname"": 1, ""misc_humannames"": 1, ""misc_startpositions"": 1, ""misc_weather"": 1, ""misc_tradeagreement"": 1}",DECODED
1600,data\maps\singleplayer_03_02\map.cif,"{""logiccontrol"": 1, ""logiccontrolend"": 1, ""missiondata"": 33, ""staticobjects"": 1, ""aidata"": 1, ""playerdata"": 1, ""playermisc"": 1, ""specialitems"": 1, ""misc_music"": 1, ""misc_maptype"": 1, ""misc_mapname"": 1, ""misc_startpositions"": 1, ""misc_tradeagreement"": 1}",DECODED
1608,data\maps\singleplayer_03_03\map.cif,"{""logiccontrol"": 1, ""logiccontrolend"": 1, ""missiondata"": 19, ""staticobjects"": 1, ""aidata"": 1, ""playerdata"": 1, ""playermisc"": 1, ""specialitems"": 1, ""misc_music"": 1, ""misc_maptype"": 1, ""misc_mapname"": 1, ""misc_startpositions"": 1, ""misc_tradeagreement"": 1}",DECODED
1615,data\maps\singleplayer_03_04\map.cif,"{""logiccontrol"": 1, ""logiccontrolend"": 1, ""missiondata"": 74, ""staticobjects"": 1, ""aidata"": 1, ""playerdata"": 1, ""playermisc"": 1, ""misc_music"": 1, ""misc_maptype"": 1, ""misc_mapname"": 1, ""misc_humannames"": 1, ""misc_startpositions"": 1, ""misc_tradeagreement"": 1}",DECODED
1622,data\maps\singleplayer_03_05\map.cif,"{""logiccontrol"": 1, ""logiccontrolend"": 1, ""missiondata"": 20, ""staticobjects"": 1, ""aidata"": 1, ""playerdata"": 1, ""playermisc"": 1, ""specialitems"": 1, ""misc_music"": 1, ""misc_maptype"": 1, ""misc_mapname"": 1, ""misc_startpositions"": 1, ""misc_tradeagreement"": 1}",DECODED
1629,data\text\eng\strings\ingamegui\ingameguimessages.cif,"{""control"": 1, ""text"": 1}",DECODED
1676,data\engine2d\inis\patterns\pattern.cif,"{""gfxpattern"": 927}",DECODED
1678,data\edit\randomgroups\random_groups_landscapes_edit_external.cif,"{""rndgfxlandscapecategorynames"": 1, ""rndgfxlandscapecategory"": 4, ""rndgfxlandscapes"": 194}",DECODED
1692,data\engine2d\inis\animals\jobgraphics.cif,"{""jobgraphics"": 48}",DECODED
1700,data\maps\campaign_03_03_sub1\map.cif,"{""logiccontrol"": 1, ""logiccontrolend"": 1, ""missiondata"": 17, ""staticobjects"": 1, ""aidata"": 1, ""playerdata"": 1, ""playermisc"": 1, ""specialitems"": 1, ""misc_music"": 1, ""misc_maptype"": 1, ""misc_mapname"": 1, ""misc_humannames"": 1, ""misc_startpositions"": 1, ""misc_humangraphics"": 1, ""misc_tradeagreement"": 1}",DECODED
1709,data\maps\campaign_03_03_sub2\map.cif,"{""logiccontrol"": 1, ""logiccontrolend"": 1, ""missiondata"": 16, ""staticobjects"": 1, ""aidata"": 1, ""playerdata"": 1, ""playermisc"": 1, ""specialitems"": 1, ""misc_music"": 1, ""misc_maptype"": 1, ""misc_mapname"": 1, ""misc_humannames"": 1, ""misc_startpositions"": 1, ""misc_humangraphics"": 1, ""misc_tradeagreement"": 1}",DECODED
1715,data\maps\campaign_03_03_sub3\map.cif,"{""logiccontrol"": 1, ""logiccontrolend"": 1, ""missiondata"": 9, ""staticobjects"": 1, ""aidata"": 1, ""playerdata"": 1, ""playermisc"": 1, ""specialitems"": 1, ""misc_music"": 1, ""misc_maptype"": 1, ""misc_mapname"": 1, ""misc_humannames"": 1, ""misc_startpositions"": 1, ""misc_humangraphics"": 1, ""misc_tradeagreement"": 1}",DECODED
1716,data\maps\campaign_03_05_sub1\map.cif,"{""logiccontrol"": 1, ""logiccontrolend"": 1, ""missiondata"": 20, ""staticobjects"": 1, ""aidata"": 1, ""playerdata"": 1, ""playermisc"": 1, ""misc_music"": 1, ""misc_maptype"": 1, ""misc_mapname"": 1, ""misc_humannames"": 1, ""misc_humangraphics"": 1, ""misc_tradeagreement"": 1, ""misc_startpositions"": 1}",DECODED
1724,data\logic\goodtypes.cif,"{""goodtype"": 65}",DECODED
1725,data\maps\campaign_03_05_sub2\map.cif,"{""logiccontrol"": 1, ""logiccontrolend"": 1, ""missiondata"": 24, ""staticobjects"": 1, ""aidata"": 1, ""playerdata"": 1, ""playermisc"": 1, ""misc_music"": 1, ""misc_maptype"": 1, ""misc_mapname"": 1, ""misc_humannames"": 1, ""misc_humangraphics"": 1, ""misc_startpositions"": 1}",DECODED
1726,data\maps\campaign_03_06_sub1\map.cif,"{""logiccontrol"": 1, ""logiccontrolend"": 1, ""missiondata"": 16, ""staticobjects"": 1, ""aidata"": 1, ""playerdata"": 1, ""playermisc"": 1, ""misc_music"": 1, ""misc_maptype"": 1, ""misc_mapname"": 1, ""misc_humannames"": 1, ""misc_humangraphics"": 1, ""misc_startpositions"": 1}",DECODED
1727,data\maps\demo_mainmenu_10\text\eng\strings.cif,"{""text"": 1}",DECODED
1733,data\maps\campaign_03_06_sub2\map.cif,"{""logiccontrol"": 1, ""logiccontrolend"": 1, ""missiondata"": 26, ""staticobjects"": 1, ""aidata"": 1, ""playerdata"": 1, ""playermisc"": 1, ""misc_music"": 1, ""misc_maptype"": 1, ""misc_mapname"": 1, ""misc_humannames"": 1, ""misc_humangraphics"": 1}",DECODED
1735,data\text\eng\strings\gameobjects\chesttypes.cif,"{""text"": 1}",DECODED
1739,data\logic\landscapetypes.cif,"{""landscapetype"": 87}",DECODED
1747,data\edit\macromaps\wüsten_hain.cif,"{""map"": 1}",DECODED
1751,data\engine2d\inis\patterntransitions\transitions.cif,"{""pointtype"": 19, ""transition"": 38}",DECODED
1787,data\edit\macromaps\shiva empty sand.cif,"{""map"": 1}",DECODED
1808,data\text\eng\strings\ingamegui\ingameguihumanlistwindow.cif,"{""control"": 1, ""text"": 1}",DECODED
1826,data\engine2d\inis\animals\sounds.cif,"{""sounds"": 34}",DECODED
1833,data\edit\macromaps\lava000.cif,"{""map"": 1}",DECODED
1843,data\maps\multiplayer_202_special_millitär\text\eng\strings.cif,"{""text"": 1}",DECODED
1873,data\engine2d\inis\particel\particeleffects.cif,"{""particeleffect"": 6}",DECODED
1878,data\logic\tribetypes\tribetypes.cif,"{""tribetype"": 41}",DECODED
1880,data\maps\multiplayer_204_special_cap-the-flag\map.cif,"{""logiccontrol"": 1, ""logiccontrolend"": 1, ""missiondata"": 105, ""staticobjects"": 1, ""aidata"": 1, ""playerdata"": 1, ""multiplayer"": 1, ""playermisc"": 1, ""specialitems"": 1, ""misc_music"": 1, ""misc_maptype"": 1, ""misc_mapname"": 1, ""misc_multiplayer_goals"": 1, ""misc_tradeagreement"": 1}",DECODED
1889,data\text\eng\strings\ingamegui\ingameguivehiclewindow.cif,"{""control"": 1, ""text"": 1}",DECODED
1890,data\edit\macromaps\shiva woman test.cif,"{""map"": 1}",DECODED
1894,data\text\eng\strings\odin\odin001.cif,"{""control"": 1, ""text"": 1}",DECODED
1902,data\edit\macromaps\desertbrown000.cif,"{""map"": 1}",DECODED
1912,data\edit\macromaps\desertstone000.cif,"{""map"": 1}",DECODED
1919,data\edit\macromaps\desertstone001.cif,"{""map"": 1}",DECODED
1924,data\text\eng\strings\help\houseshelp.cif,"{""control"": 1, ""text"": 1}",DECODED
1930,data\maps\singleplayer_03_01-sub1\text\eng\strings.cif,"{""text"": 1}",DECODED
1939,data\edit\macromaps\shiva construction test.cif,"{""map"": 1}",DECODED
1940,data\maps\multiplayer_203_special_militär\map.cif,"{""logiccontrol"": 1, ""logiccontrolend"": 1, ""missiondata"": 90, ""staticobjects"": 1, ""aidata"": 1, ""playerdata"": 1, ""multiplayer"": 1, ""playermisc"": 1, ""specialitems"": 1, ""misc_music"": 1, ""misc_maptype"": 1, ""misc_mapname"": 1, ""misc_multiplayer_goals"": 1}",DECODED
1946,data\maps\campaign_03_01\map.cif,"{""logiccontrol"": 1, ""logiccontrolend"": 1, ""missiondata"": 85, ""staticobjects"": 1, ""aidata"": 1, ""playerdata"": 1, ""playermisc"": 1, ""misc_music"": 1, ""misc_maptype"": 1, ""misc_mapname"": 1, ""misc_humannames"": 1, ""misc_humangraphics"": 1, ""misc_tradeagreement"": 1, ""misc_weather"": 1, ""misc_startpositions"": 1}",DECODED
1948,data\edit\macromaps\meadowmegadark000.cif,"{""map"": 1}",DECODED
1951,data\maps\campaign_03_02\map.cif,"{""logiccontrol"": 1, ""logiccontrolend"": 1, ""missiondata"": 51, ""staticobjects"": 1, ""aidata"": 1, ""playerdata"": 1, ""playermisc"": 1, ""misc_music"": 1, ""misc_maptype"": 1, ""misc_mapname"": 1, ""misc_humannames"": 1, ""misc_humangraphics"": 1, ""misc_tradeagreement"": 1, ""misc_weather"": 1, ""misc_startpositions"": 1}",DECODED
1952,data\edit\macromaps\meadowmegadark001.cif,"{""map"": 1}",DECODED
1953,data\maps\campaign_03_03\map.cif,"{""logiccontrol"": 1, ""logiccontrolend"": 1, ""missiondata"": 125, ""staticobjects"": 1, ""aidata"": 1, ""playerdata"": 1, ""playermisc"": 1, ""specialitems"": 1, ""misc_music"": 1, ""misc_maptype"": 1, ""misc_mapname"": 1, ""misc_humannames"": 1, ""misc_startpositions"": 1, ""misc_humangraphics"": 1, ""misc_tradeagreement"": 1}",DECODED
1956,data\maps\campaign_03_04\map.cif,"{""logiccontrol"": 1, ""logiccontrolend"": 1, ""missiondata"": 115, ""staticobjects"": 1, ""aidata"": 1, ""playerdata"": 1, ""playermisc"": 1, ""specialitems"": 1, ""misc_music"": 1, ""misc_maptype"": 1, ""misc_mapname"": 1, ""misc_humannames"": 1, ""misc_startpositions"": 1, ""misc_humangraphics"": 1, ""misc_tradeagreement"": 1}",DECODED
1963,data\maps\campaign_03_05\map.cif,"{""logiccontrol"": 1, ""logiccontrolend"": 1, ""missiondata"": 55, ""staticobjects"": 1, ""aidata"": 1, ""playerdata"": 1, ""playermisc"": 1, ""misc_music"": 1, ""misc_maptype"": 1, ""misc_mapname"": 1, ""misc_humannames"": 1, ""misc_humangraphics"": 1, ""misc_tradeagreement"": 1, ""misc_weather"": 1, ""misc_startpositions"": 1}",DECODED
1967,data\maps\campaign_03_06\map.cif,"{""logiccontrol"": 1, ""logiccontrolend"": 1, ""missiondata"": 62, ""staticobjects"": 1, ""aidata"": 1, ""playerdata"": 1, ""playermisc"": 1, ""misc_music"": 1, ""misc_maptype"": 1, ""misc_mapname"": 1, ""misc_humannames"": 1, ""misc_humangraphics"": 1, ""misc_tradeagreement"": 1, ""misc_startpositions"": 1}",DECODED
1971,data\maps\campaign_03_07\map.cif,"{""logiccontrol"": 1, ""logiccontrolend"": 1, ""missiondata"": 70, ""staticobjects"": 1, ""aidata"": 1, ""playerdata"": 1, ""playermisc"": 1, ""misc_music"": 1, ""misc_maptype"": 1, ""misc_mapname"": 1, ""misc_humannames"": 1, ""misc_humangraphics"": 1, ""misc_tradeagreement"": 1, ""misc_weather"": 1, ""misc_startpositions"": 1}",DECODED
1978,data\maps\campaign_03_08\map.cif,"{""logiccontrol"": 1, ""logiccontrolend"": 1, ""missiondata"": 40, ""staticobjects"": 1, ""aidata"": 1, ""playerdata"": 1, ""playermisc"": 1, ""misc_music"": 1, ""misc_maptype"": 1, ""misc_mapname"": 1, ""misc_humannames"": 1, ""misc_humangraphics"": 1, ""misc_tradeagreement"": 1}",DECODED
2141,data\text\eng\strings\help\mischelp.cif,"{""control"": 1, ""text"": 1}",DECODED
2142,data\edit\macromaps\snow000.cif,"{""map"": 1}",DECODED
2173,data\edit\macromaps\desertstone000_rund.cif,"{""map"": 1}",DECODED
2238,data\engine2d\inis\particel\particel.cif,"{""particel"": 14}",DECODED
2254,data\edit\randomgroups\random_groups_landscapes.cif,"{""rndgfxlandscapes"": 56}",DECODED
2313,data\logic\vehicletypes.cif,"{""vehicletype"": 6}",DECODED
2331,data\text\eng\strings\gameobjects\militarymodes.cif,"{""text"": 1}",DECODED
2356,data\edit\macromaps\shiva marriage test.cif,"{""map"": 1}",DECODED
2370,data\text\eng\strings\gameobjects\tribes.cif,"{""control"": 1, ""text"": 1}",DECODED
2371,data\text\eng\strings\updates\update103.cif,"{""control"": 1, ""text"": 1}",DECODED
2379,data\edit\macromaps\schatz auf lichtung.cif,"{""map"": 1}",DECODED
2410,data\text\eng\strings\ingamegui\ingameguimain.cif,"{""control"": 1, ""text"": 1}",DECODED
2440,data\maps\multiplayer_02_06_ressourcen\map.cif,"{""logiccontrol"": 1, ""logiccontrolend"": 1, ""missiondata"": 5, ""staticobjects"": 1, ""playerdata"": 1, ""multiplayer"": 1, ""playermisc"": 1, ""misc_music"": 1, ""misc_maptype"": 1, ""misc_mapname"": 1, ""misc_multiplayer_goals"": 1}",DECODED
2441,data\edit\macromaps\shiva meadow with basic houses.cif,"{""map"": 1}",DECODED
2446,data\maps\tutorial_001\text\eng\strings.cif,"{""text"": 1}",DECODED
2452,data\maps\multiplayer_205_special_cap-the-cow\text\eng\strings.cif,"{""text"": 1}",DECODED
2453,data\maps\tutorial_002\text\eng\strings.cif,"{""text"": 1}",DECODED
2459,data\maps\tutorial_003\text\eng\strings.cif,"{""text"": 1}",DECODED
2466,data\maps\tutorial_004\text\eng\strings.cif,"{""text"": 1}",DECODED
2467,data\text\eng\strings\ingamegui\ingameguimisc.cif,"{""control"": 1, ""text"": 1}",DECODED
2471,data\maps\tutorial_005\text\eng\strings.cif,"{""text"": 1}",DECODED
2479,data\maps\tutorial_006\text\eng\strings.cif,"{""text"": 1}",DECODED
2480,data\edit\macromaps\xsnowbuildable000.cif,"{""map"": 1}",DECODED
2488,data\maps\tutorial_007\text\eng\strings.cif,"{""text"": 1}",DECODED
2490,data\text\eng\strings\gameobjects\houses.cif,"{""control"": 1, ""text"": 1}",DECODED
2495,data\maps\campaign_03_01_sub\text\eng\strings.cif,"{""text"": 1}",DECODED
2496,data\edit\randomgroups\random_groups_patterns_edit_external.cif,"{""rndgfxpatterns"": 20}",DECODED
2502,data\maps\campaign_03_02_sub\text\eng\strings.cif,"{""text"": 1}",DECODED
2505,data\text\eng\strings\ingamegui\ingameguihumanwindow.cif,"{""control"": 1, ""text"": 1}",DECODED
2508,data\engine2d\inis\palettes\palettes.cif,"{""gfxpalette256"": 139, ""gfxpalette16"": 108}",DECODED
2514,data\text\eng\strings\gameobjects\experiences.cif,"{""text"": 1}",DECODED
2515,data\edit\macromaps\deserta000.cif,"{""map"": 1}",DECODED
2519,data\edit\macromaps\deserta001.cif,"{""map"": 1}",DECODED
2520,data\edit\macromaps\desertb000.cif,"{""map"": 1}",DECODED
2524,data\edit\macromaps\desertb001.cif,"{""map"": 1}",DECODED
2525,data\edit\macromaps\desertc000.cif,"{""map"": 1}",DECODED
2528,data\edit\macromaps\desertc001.cif,"{""map"": 1}",DECODED
2529,data\edit\macromaps\desertd000.cif,"{""map"": 1}",DECODED
2535,data\edit\macromaps\desertd001.cif,"{""map"": 1}",DECODED
2564,data\text\eng\strings\ingamegui\ingameguimisclogic.cif,"{""control"": 1, ""text"": 1}",DECODED
2583,data\maps\multiplayer_201_special_coop\map.cif,"{""logiccontrol"": 1, ""logiccontrolend"": 1, ""missiondata"": 39, ""staticobjects"": 1, ""aidata"": 1, ""playerdata"": 1, ""multiplayer"": 1, ""playermisc"": 1, ""specialitems"": 1, ""misc_music"": 1, ""misc_maptype"": 1, ""misc_mapname"": 1, ""misc_multiplayer_goals"": 1}",DECODED
2595,data\text\eng\strings\ingamegui\ingameguihousewindow.cif,"{""control"": 1, ""text"": 1}",DECODED
2628,data\edit\macromaps\beach000.cif,"{""map"": 1}",DECODED
