EFFECT_KIND,NATIVE_NAME,NATIVE_ID,SOURCE_TABLE,LIBRARY,PALETTE,FRAMES,BOBS,TRIGGERS,SEMANTICS,PREVIEW,METADATA,CONFIDENCE
particle,Smoke,0,particel.cif,data\engine2d\bin\bobs\ls_smoke.bmd,smoke,49,"[0, 1, 2, 3, 4, 5, 6, 7, 8, 9, 10, 11, 12, 13, 14, 15, 16, 17, 18, 19, 20, 21, 22, 23, 24, 25, 26, 27, 28, 29, 30, 31, 32, 33, 34, 35, 36, 37, 38, 39, 40, 41, 42, 43, 44, 45, 46, 47, 48]","[""SmokeGenerator"", ""particeleffect logictype 4""]",native particle definition (name from table),Shared/Effects/Particles/00_Smoke/bob_0000__smoke.png,Shared/Effects/Particles/00_Smoke/metadata.json,SOURCE_COMPLETE
particle,Hit,1,particel.cif,data\engine2d\bin\bobs\ls_smoke.bmd,rock01,81,"[82, 83, 84, 85, 86, 87, 88, 89, 90, 91, 92, 93, 94, 95, 96, 97, 98, 99, 100, 101, 102, 106, 107, 108, 109, 110, 111, 112, 113, 114, 115, 116, 117, 118, 119, 120, 121, 122, 123, 124, 125, 130, 131, 132, 133, 134, 135, 136, 137, 138, 139, 140, 141, 142, 143, 144, 145, 146, 147, 148]","[""particeleffect logictype 1""]",native particle definition (name from table),Shared/Effects/Particles/01_Hit/bob_0082__rock01.png,Shared/Effects/Particles/01_Hit/metadata.json,SOURCE_COMPLETE
particle,arrow,2,particel.cif,data\engine2d\bin\bobs\test_arrow.bmd,rock01,32,"[0, 1, 2, 3, 4, 5, 6, 7, 8, 9, 10, 11, 12, 13, 14, 15, 16, 17, 18, 19, 20, 21, 22, 23, 24, 25, 26, 27, 28, 29, 30, 31]",[],native particle definition (name from table),Shared/Effects/Particles/02_arrow/bob_0000__rock01.png,Shared/Effects/Particles/02_arrow/metadata.json,SOURCE_COMPLETE
particle,Smoke.org,3,particel.cif,data\engine2d\bin\bobs\ls_smoke.bmd,smoke,24,"[187, 188, 189, 190, 191, 192, 193, 194, 195, 196, 197, 198, 199, 200, 201, 202, 203, 204, 205, 206, 207, 208, 209, 210]",[],native particle definition (name from table),Shared/Effects/Particles/03_Smoke.org/bob_0187__smoke.png,Shared/Effects/Particles/03_Smoke.org/metadata.json,SOURCE_COMPLETE
particle,Rock,4,particel.cif,data\engine2d\bin\bobs\ls_smoke.bmd,rock03,8,"[212, 213, 214, 215, 216, 217, 218, 219]",[],native particle definition (name from table),Shared/Effects/Particles/04_Rock/bob_0212__rock03.png,Shared/Effects/Particles/04_Rock/metadata.json,SOURCE_COMPLETE
particle,raindrop,5,particel.cif,data\engine2d\bin\bobs\test_rain.bmd,rock01,1,[0],"[""RainGenerator""]",native particle definition (name from table),Shared/Effects/Particles/05_raindrop/bob_0000__rock01.png,Shared/Effects/Particles/05_raindrop/metadata.json,SOURCE_COMPLETE
particle,snow,6,particel.cif,data\engine2d\bin\bobs\test_snow.bmd,rock01,1,[0],"[""SnowGenerator""]",native particle definition (name from table),Shared/Effects/Particles/06_snow/bob_0000__rock01.png,Shared/Effects/Particles/06_snow/metadata.json,SOURCE_COMPLETE
particle,Rock Smoke,7,particel.cif,data\engine2d\bin\bobs\ls_smoke.bmd,smoke,5,"[0, 1, 2, 3, 4]",[],native particle definition (name from table),Shared/Effects/Particles/00_Smoke/bob_0004__smoke.png,Shared/Effects/Particles/07_Rock_Smoke/metadata.json,SOURCE_COMPLETE
particle,SnowSteps,8,particel.cif,data\engine2d\bin\bobs\ls_smoke.bmd,wave03,14,"[220, 221, 222, 223, 224, 225, 226, 227]","[""particeleffect logictype 2""]",native particle definition (name from table),Shared/Effects/Particles/08_SnowSteps/bob_0227__wave03.png,Shared/Effects/Particles/08_SnowSteps/metadata.json,SOURCE_COMPLETE
particle,beachSteps,9,particel.cif,data\engine2d\bin\bobs\ls_smoke.bmd,goods01,14,"[220, 221, 222, 223, 224, 225, 226, 227]","[""particeleffect logictype 3""]",native particle definition (name from table),Shared/Effects/Particles/09_beachSteps/bob_0227__goods01.png,Shared/Effects/Particles/09_beachSteps/metadata.json,SOURCE_COMPLETE
particle,arrow_stick,10,particel.cif,data\engine2d\bin\bobs\ls_smoke.bmd,rock01,32,"[228, 229, 230, 231, 232, 233, 234, 235, 236, 237, 238, 239, 240, 241, 242, 243, 244, 245, 246, 247, 248, 249, 250, 251, 252, 253, 254, 255, 256, 257, 258, 259]",[],native particle definition (name from table),Shared/Effects/Particles/10_arrow_stick/bob_0228__rock01.png,Shared/Effects/Particles/10_arrow_stick/metadata.json,SOURCE_COMPLETE
particle,lovehearts,11,particel.cif,data\engine2d\bin\bobs\ls_smoke.bmd,house01,33,"[260, 261, 262, 263, 264, 265, 266, 267, 268, 269, 270, 271, 272, 273, 274, 275, 276, 277, 278, 279, 280, 281, 282, 283, 284, 285, 286, 287, 288, 289, 290, 291, 292]","[""particeleffect logictype 5""]",native particle definition (name from table),Shared/Effects/Particles/11_lovehearts/bob_0260__house01.png,Shared/Effects/Particles/11_lovehearts/metadata.json,SOURCE_COMPLETE
particle,stork,12,particel.cif,data\engine2d\bin\bobs\ls_smoke.bmd,cattle01,133,"[293, 294, 295, 296, 297, 298, 299, 300, 301, 302, 303, 304, 305, 306, 307, 308, 309, 310, 311, 312, 313, 314, 315, 316, 317, 318, 319, 320, 321, 322, 323, 324, 325, 326, 327, 328, 329, 330, 331, 332, 333, 334, 335, 336, 337, 338, 339, 340, 341, 342, 343, 344, 345, 346, 347, 348, 349, 350, 351, 352, 353, 354, 355, 356, 357, 358, 359, 360, 361, 362, 363, 364, 365, 366, 367, 368, 369, 370, 371, 372, 373, 374, 375, 376, 377, 378, 379, 380, 381, 382, 383, 384, 385, 386, 387, 388, 389, 390, 391, 392, 393, 394, 395, 396, 397, 398, 399, 400, 401, 402, 403, 404, 405, 406, 407, 408, 409, 410, 411, 412, 413, 414, 415, 416, 417, 418, 419, 420, 421, 422, 423, 424, 425]","[""particeleffect logictype 6""]",native particle definition (name from table),Shared/Effects/Particles/12_stork/bob_0293__cattle01.png,Shared/Effects/Particles/12_stork/metadata.json,SOURCE_COMPLETE
particle,snow ball,13,particel.cif,,,0,[],[],native particle definition (name from table),,Shared/Effects/Particles/13_snow_ball/metadata.json,PARTIAL
particle_generator,SmokeGenerator,,generator.cif,,,,,"[""Smoke""]","{""name"": [""SmokeGenerator""], ""generate"": [""Smoke""], ""maxgonelifetime"": [50], ""maxlifetime"": [100], ""particelmove"": [3], ""particelspeed"": [0, 70, 0], ""usemapheights"": [1], ""usewind"": [1]}",,Metadata/Sources/CIF/data/engine2d/inis/particel/generator.cif.json,SOURCE_COMPLETE
particle_generator,RainGenerator,,generator.cif,,,,,"[""RainDrop""]","{""name"": [""RainGenerator""], ""generate"": [""RainDrop""], ""maxlifetime"": [100], ""particelmove"": [4], ""particelspeed"": [0, 2000, 0], ""usemapheights"": [1], ""setarea"": [20, 20], ""groundcollision"": [1], ""heightoffset"": [250]}",,Metadata/Sources/CIF/data/engine2d/inis/particel/generator.cif.json,SOURCE_COMPLETE
particle_generator,SnowGenerator,,generator.cif,,,,,"[""Snow""]","{""name"": [""SnowGenerator""], ""generate"": [""Snow""], ""maxgonelifetime"": [0], ""maxlifetime"": [1000], ""particelmove"": [4], ""particelspeed"": [0, 200, 0], ""usemapheights"": [1], ""usewind"": [1], ""setarea"": [40, 40], ""groundcollision"": [1], ""heightoffset"": [250]}",,Metadata/Sources/CIF/data/engine2d/inis/particel/generator.cif.json,SOURCE_COMPLETE
particle_effect,Hit,1,particeleffects.cif,,,,,,"{""logictype"": [1], ""particelname"": [""Hit""], ""movement"": [0], ""usemapheights"": [1], ""pixeloffset"": [15, 20]}",,Metadata/Sources/CIF/data/engine2d/inis/particel/particeleffects.cif.json,SOURCE_COMPLETE
particle_effect,SnowSteps,2,particeleffects.cif,,,,,,"{""logictype"": [2], ""particelname"": [""SnowSteps""], ""lifetime"": [160], ""startlifetime"": [120], ""movement"": [0], ""usemapheights"": [1], ""pixeloffset"": [20, 0], ""drawbottom"": [1]}",,Metadata/Sources/CIF/data/engine2d/inis/particel/particeleffects.cif.json,SOURCE_COMPLETE
particle_effect,beachSteps,3,particeleffects.cif,,,,,,"{""logictype"": [3], ""particelname"": [""beachSteps""], ""lifetime"": [160], ""startlifetime"": [120], ""movement"": [0], ""usemapheights"": [1], ""pixeloffset"": [20, 0], ""drawbottom"": [1]}",,Metadata/Sources/CIF/data/engine2d/inis/particel/particeleffects.cif.json,SOURCE_COMPLETE
particle_effect,smoke,4,particeleffects.cif,,,,,,"{""logictype"": [4], ""particelname"": [""smoke""], ""lifetime"": [49], ""movement"": [0], ""usemapheights"": [1], ""pixeloffset"": [20, 0]}",,Metadata/Sources/CIF/data/engine2d/inis/particel/particeleffects.cif.json,SOURCE_COMPLETE
particle_effect,lovehearts,5,particeleffects.cif,,,,,,"{""logictype"": [5], ""particelname"": [""lovehearts""], ""lifetime"": [190], ""movement"": [0], ""usemapheights"": [1], ""pixeloffset"": [0, 20]}",,Metadata/Sources/CIF/data/engine2d/inis/particel/particeleffects.cif.json,SOURCE_COMPLETE
particle_effect,stork,6,particeleffects.cif,,,,,,"{""logictype"": [6], ""particelname"": [""stork""], ""movement"": [0], ""usemapheights"": [1], ""pixeloffset"": [0, 20]}",,Metadata/Sources/CIF/data/engine2d/inis/particel/particeleffects.cif.json,SOURCE_COMPLETE
selection_marker,selected Human health heart,,code: production_world_compositor.hpp,data\engine2d\bin\bobs\ls_gui_bubbles.bmd,human_player01..10,11,"[11, 12, 13, 14, 15, 16, 17, 18, 19, 20, 21]",,BOB = 21 - health%/10,Shared/Effects/Markers/health_hearts/player01/bob_0011__human_player01.png,Shared/Effects/Markers/health_hearts/metadata.json,SOURCE_COMPLETE
world_marker,signpost,,code: signpost_visual.hpp,data\engine2d\bin\bobs\ls_guidepost.bmd,tree01 / human_player01..10,19,"[0, 1, 2, 3, 4, 5, 6, 7, 8, 9, 10, 11, 12, 13, 14, 15, 16, 17, 18]",,post 0 + arms 1..18 by direction angle,Shared/Effects/Markers/signposts/tree01/bob_0000__tree01.png,Shared/Effects/Markers/signposts/metadata.json,SOURCE_COMPLETE
landscape_effect,fx wave,645,landscapes.cif (editgroup effects),data\engine2d\bin\bobs\test_effect.bmd,,13,"[1, 2, 3, 4, 5, 6, 7, 8, 9, 10, 11, 12, 13]",,GfxLandscape in native effects edit group,Shared/Effects/Landscape/645_fx_wave/frames/bob_000001.png,Shared/Effects/Landscape/645_fx_wave/metadata.json,SOURCE_COMPLETE
landscape_effect,fx wave slow,646,landscapes.cif (editgroup effects),data\engine2d\bin\bobs\test_effect.bmd,,26,"[1, 2, 3, 4, 5, 6, 7, 8, 9, 10, 11, 12, 13]",,GfxLandscape in native effects edit group,Shared/Effects/Landscape/645_fx_wave/frames/bob_000001.png,Shared/Effects/Landscape/646_fx_wave_slow/metadata.json,SOURCE_COMPLETE
landscape_effect,fx wave solid,647,landscapes.cif (editgroup effects),data\engine2d\bin\bobs\test_effect.bmd,tree03,13,"[1, 2, 3, 4, 5, 6, 7, 8, 9, 10, 11, 12, 13]",,GfxLandscape in native effects edit group,Shared/Effects/Landscape/647_fx_wave_solid/frames/bob_000001.png,Shared/Effects/Landscape/647_fx_wave_solid/metadata.json,SOURCE_COMPLETE
landscape_effect,fx star,648,landscapes.cif (editgroup effects),data\engine2d\bin\bobs\ls_misc.bmd,goods_gold,16,"[0, 1, 2, 3, 4, 5, 6, 7, 8, 9, 10, 11, 12, 13, 14, 15]",,GfxLandscape in native effects edit group,Shared/Effects/Landscape/648_fx_star/frames/bob_000000.png,Shared/Effects/Landscape/648_fx_star/metadata.json,SOURCE_COMPLETE
landscape_effect,fx smoke,649,landscapes.cif (editgroup effects),data\engine2d\bin\bobs\ls_smoke.bmd,smoke,49,"[0, 1, 2, 3, 4, 5, 6, 7, 8, 9, 10, 11, 12, 13, 14, 15, 16, 17, 18, 19, 20, 21, 22, 23, 24, 25, 26, 27, 28, 29, 30, 31, 32, 33, 34, 35, 36, 37, 38, 39, 40, 41, 42, 43, 44, 45, 46, 47, 48]",,GfxLandscape in native effects edit group,Shared/Effects/Landscape/649_fx_smoke/frames/bob_000000.png,Shared/Effects/Landscape/649_fx_smoke/metadata.json,SOURCE_COMPLETE
landscape_effect,fx fire,650,landscapes.cif (editgroup effects),data\engine2d\bin\bobs\ls_smoke.bmd,fire,15,"[49, 50, 51, 52, 53, 54, 55, 56, 57, 58, 59, 60, 61, 62, 63]",,GfxLandscape in native effects edit group,Shared/Effects/Landscape/650_fx_fire/frames/bob_000049.png,Shared/Effects/Landscape/650_fx_fire/metadata.json,SOURCE_COMPLETE
landscape_effect,fx fire incense,651,landscapes.cif (editgroup effects),data\engine2d\bin\bobs\ls_smoke.bmd,fire_incense,15,"[66, 67, 68, 69, 70, 71, 72, 73, 74, 75, 76, 77, 78, 79, 80]",,GfxLandscape in native effects edit group,Shared/Effects/Landscape/651_fx_fire_incense/frames/bob_000066.png,Shared/Effects/Landscape/651_fx_fire_incense/metadata.json,SOURCE_COMPLETE
landscape_effect,fx fire 2,652,landscapes.cif (editgroup effects),data\engine2d\bin\bobs\ls_smoke.bmd,fire,15,"[153, 154, 155, 156, 157, 158, 159, 160, 161, 162, 163, 164, 165, 166, 167]",,GfxLandscape in native effects edit group,Shared/Effects/Landscape/652_fx_fire_2/frames/bob_000153.png,Shared/Effects/Landscape/652_fx_fire_2/metadata.json,SOURCE_COMPLETE
landscape_effect,fx fire small,653,landscapes.cif (editgroup effects),data\engine2d\bin\bobs\ls_smoke.bmd,fire,15,"[172, 173, 174, 175, 176, 177, 178, 179, 180, 181, 182, 183, 184, 185, 186]",,GfxLandscape in native effects edit group,Shared/Effects/Landscape/653_fx_fire_small/frames/bob_000172.png,Shared/Effects/Landscape/653_fx_fire_small/metadata.json,SOURCE_COMPLETE
landscape_effect,fx fire house 0,654,landscapes.cif (editgroup effects),data\engine2d\bin\bobs\ls_smoke.bmd,fire,15,"[153, 154, 155, 156, 157, 158, 159, 160, 161, 162, 163, 164, 165, 166, 167]",,GfxLandscape in native effects edit group,Shared/Effects/Landscape/652_fx_fire_2/frames/bob_000153.png,Shared/Effects/Landscape/654_fx_fire_house_0/metadata.json,SOURCE_COMPLETE
landscape_effect,fx fire house 1,655,landscapes.cif (editgroup effects),data\engine2d\bin\bobs\ls_smoke.bmd,fire,15,"[172, 173, 174, 175, 176, 177, 178, 179, 180, 181, 182, 183, 184, 185, 186]",,GfxLandscape in native effects edit group,Shared/Effects/Landscape/653_fx_fire_small/frames/bob_000172.png,Shared/Effects/Landscape/655_fx_fire_house_1/metadata.json,SOURCE_COMPLETE
landscape_effect,fx fire house 2,656,landscapes.cif (editgroup effects),data\engine2d\bin\bobs\ls_smoke.bmd,fire,15,"[49, 50, 51, 52, 53, 54, 55, 56, 57, 58, 59, 60, 61, 62, 63]",,GfxLandscape in native effects edit group,Shared/Effects/Landscape/650_fx_fire/frames/bob_000049.png,Shared/Effects/Landscape/656_fx_fire_house_2/metadata.json,SOURCE_COMPLETE
landscape_effect,fx wave land,657,landscapes.cif (editgroup effects),data\engine2d\bin\bobs\test_effect.bmd,,26,"[1, 2, 3, 4, 5, 6, 7, 8, 9, 10, 11, 12, 13]",,GfxLandscape in native effects edit group,Shared/Effects/Landscape/645_fx_wave/frames/bob_000001.png,Shared/Effects/Landscape/657_fx_wave_land/metadata.json,SOURCE_COMPLETE
landscape_effect,fx hearts,658,landscapes.cif (editgroup effects),data\engine2d\bin\bobs\ls_smoke.bmd,house02,33,"[260, 261, 262, 263, 264, 265, 266, 267, 268, 269, 270, 271, 272, 273, 274, 275, 276, 277, 278, 279, 280, 281, 282, 283, 284, 285, 286, 287, 288, 289, 290, 291, 292]",,GfxLandscape in native effects edit group,Shared/Effects/Landscape/658_fx_hearts/frames/bob_000260.png,Shared/Effects/Landscape/658_fx_hearts/metadata.json,SOURCE_COMPLETE
landscape_effect,fx storch,659,landscapes.cif (editgroup effects),data\engine2d\bin\bobs\ls_smoke.bmd,cattle01,133,"[293, 294, 295, 296, 297, 298, 299, 300, 301, 302, 303, 304, 305, 306, 307, 308, 309, 310, 311, 312, 313, 314, 315, 316, 317, 318, 319, 320, 321, 322, 323, 324, 325, 326, 327, 328, 329, 330, 331, 332, 333, 334, 335, 336, 337, 338, 339, 340, 341, 342, 343, 344, 345, 346, 347, 348, 349, 350, 351, 352, 353, 354, 355, 356, 357, 358, 359, 360, 361, 362, 363, 364, 365, 366, 367, 368, 369, 370, 371, 372, 373, 374, 375, 376, 377, 378, 379, 380, 381, 382, 383, 384, 385, 386, 387, 388, 389, 390, 391, 392, 393, 394, 395, 396, 397, 398, 399, 400, 401, 402, 403, 404, 405, 406, 407, 408, 409, 410, 411, 412, 413, 414, 415, 416, 417, 418, 419, 420, 421, 422, 423, 424, 425]",,GfxLandscape in native effects edit group,Shared/Effects/Landscape/659_fx_storch/frames/bob_000293.png,Shared/Effects/Landscape/659_fx_storch/metadata.json,SOURCE_COMPLETE
landscape_effect,leuchtfeuer,660,landscapes.cif (editgroup effects),data\engine2d\bin\bobs\ls_wonders2.bmd,gui_bubbles,1,[6],,GfxLandscape in native effects edit group,Shared/Effects/Landscape/660_leuchtfeuer/frames/bob_000006.png,Shared/Effects/Landscape/660_leuchtfeuer/metadata.json,SOURCE_COMPLETE
landscape_effect,fx fog,661,landscapes.cif (editgroup effects),data\engine2d\bin\bobs\ls_goetter.bmd,smoke,61,"[4, 5, 6, 7, 8, 9, 10, 11, 12, 13, 14, 15, 16, 17, 18, 19, 20, 21, 22, 23, 24, 25, 26, 27, 28, 29, 30, 31, 32, 33, 34, 35, 36, 37, 38, 39, 40, 41, 42, 43, 44, 45, 46, 47, 48, 49, 50, 51, 52, 53, 54, 55, 56, 57, 58, 59, 60, 61, 62, 63, 64]",,GfxLandscape in native effects edit group,Shared/Effects/Landscape/661_fx_fog/frames/bob_000004.png,Shared/Effects/Landscape/661_fx_fog/metadata.json,SOURCE_COMPLETE
landscape_effect,fx waterfall,662,landscapes.cif (editgroup effects),data\engine2d\bin\bobs\ls_goetter.bmd,wave01,61,"[186, 187, 188, 189, 190, 191, 192, 193, 194, 195, 196, 197, 198, 199, 200, 201, 202, 203, 204, 205, 206, 207, 208, 209, 210, 211, 212, 213, 214, 215, 216, 217, 218, 219, 220, 221, 222, 223, 224, 225, 226, 227, 228, 229, 230, 231, 232, 233, 234, 235, 236, 237, 238, 239, 240, 241, 242, 243, 244, 245, 246]",,GfxLandscape in native effects edit group,Shared/Effects/Landscape/662_fx_waterfall/frames/bob_000186.png,Shared/Effects/Landscape/662_fx_waterfall/metadata.json,SOURCE_COMPLETE
landscape_effect,fx fog waterfall,663,landscapes.cif (editgroup effects),data\engine2d\bin\bobs\ls_goetter.bmd,wave01,61,"[4, 5, 6, 7, 8, 9, 10, 11, 12, 13, 14, 15, 16, 17, 18, 19, 20, 21, 22, 23, 24, 25, 26, 27, 28, 29, 30, 31, 32, 33, 34, 35, 36, 37, 38, 39, 40, 41, 42, 43, 44, 45, 46, 47, 48, 49, 50, 51, 52, 53, 54, 55, 56, 57, 58, 59, 60, 61, 62, 63, 64]",,GfxLandscape in native effects edit group,Shared/Effects/Landscape/663_fx_fog_waterfall/frames/bob_000004.png,Shared/Effects/Landscape/663_fx_fog_waterfall/metadata.json,SOURCE_COMPLETE
landscape_effect,fx fog waterfall00,664,landscapes.cif (editgroup effects),data\engine2d\bin\bobs\ls_goetter.bmd,wave03,61,"[4, 5, 6, 7, 8, 9, 10, 11, 12, 13, 14, 15, 16, 17, 18, 19, 20, 21, 22, 23, 24, 25, 26, 27, 28, 29, 30, 31, 32, 33, 34, 35, 36, 37, 38, 39, 40, 41, 42, 43, 44, 45, 46, 47, 48, 49, 50, 51, 52, 53, 54, 55, 56, 57, 58, 59, 60, 61, 62, 63, 64]",,GfxLandscape in native effects edit group,Shared/Effects/Landscape/664_fx_fog_waterfall00/frames/bob_000004.png,Shared/Effects/Landscape/664_fx_fog_waterfall00/metadata.json,SOURCE_COMPLETE
landscape_effect,fx_teleport exit,665,landscapes.cif (editgroup effects),data\engine2d\bin\bobs\ls_smoke.bmd,caves2,39,"[429, 430, 431, 432, 433, 434, 435, 436, 437, 438, 439, 440, 441, 442, 443, 444, 445, 446, 447, 448, 449, 450, 451, 452, 453, 454, 455, 456, 457, 458, 459, 460, 461, 462, 463, 464, 465, 466, 467]",,GfxLandscape in native effects edit group,Shared/Effects/Landscape/665_fx_teleport_exit/frames/bob_000429.png,Shared/Effects/Landscape/665_fx_teleport_exit/metadata.json,SOURCE_COMPLETE
landscape_effect,fx_teleport entry,666,landscapes.cif (editgroup effects),data\engine2d\bin\bobs\ls_smoke.bmd,deer01,39,"[429, 430, 431, 432, 433, 434, 435, 436, 437, 438, 439, 440, 441, 442, 443, 444, 445, 446, 447, 448, 449, 450, 451, 452, 453, 454, 455, 456, 457, 458, 459, 460, 461, 462, 463, 464, 465, 466, 467]",,GfxLandscape in native effects edit group,Shared/Effects/Landscape/666_fx_teleport_entry/frames/bob_000467.png,Shared/Effects/Landscape/666_fx_teleport_entry/metadata.json,SOURCE_COMPLETE
landscape_effect,fx Marker,667,landscapes.cif (editgroup effects),data\engine2d\bin\bobs\ls_gui_bubbles.bmd,gui_bubbles,1,[10],,GfxLandscape in native effects edit group,Shared/Effects/Landscape/667_fx_Marker/frames/bob_000010.png,Shared/Effects/Landscape/667_fx_Marker/metadata.json,SOURCE_COMPLETE
landscape_effect,wonder semiramis schräg,668,landscapes.cif (editgroup effects),data\engine2d\bin\bobs\ls_wonders3.bmd,wonders_semiramis,16,"[12, 13, 14, 15, 16, 17, 18, 19]",,GfxLandscape in native effects edit group,Shared/Effects/Landscape/668_wonder_semiramis_schräg/frames/bob_000019.png,Shared/Effects/Landscape/668_wonder_semiramis_schräg/metadata.json,SOURCE_COMPLETE
landscape_effect,wonder semiramis frontal,669,landscapes.cif (editgroup effects),data\engine2d\bin\bobs\ls_wonders3.bmd,wonders_semiramis,16,"[20, 21, 22, 23, 24, 25, 26, 27]",,GfxLandscape in native effects edit group,Shared/Effects/Landscape/669_wonder_semiramis_frontal/frames/bob_000027.png,Shared/Effects/Landscape/669_wonder_semiramis_frontal/metadata.json,SOURCE_COMPLETE
landscape_effect,wonder 8th orange,670,landscapes.cif (editgroup effects),data\engine2d\bin\bobs\ls_wonders3.bmd,wonders_8th,1,[29],,GfxLandscape in native effects edit group,Shared/Effects/Landscape/670_wonder_8th_orange/frames/bob_000029.png,Shared/Effects/Landscape/670_wonder_8th_orange/metadata.json,SOURCE_COMPLETE
landscape_effect,wonder 8th rot,671,landscapes.cif (editgroup effects),data\engine2d\bin\bobs\ls_wonders3.bmd,wonders_8th,1,[30],,GfxLandscape in native effects edit group,Shared/Effects/Landscape/671_wonder_8th_rot/frames/bob_000030.png,Shared/Effects/Landscape/671_wonder_8th_rot/metadata.json,SOURCE_COMPLETE
landscape_effect,wonder 8th violett,672,landscapes.cif (editgroup effects),data\engine2d\bin\bobs\ls_wonders3.bmd,wonders_8th,1,[31],,GfxLandscape in native effects edit group,Shared/Effects/Landscape/672_wonder_8th_violett/frames/bob_000031.png,Shared/Effects/Landscape/672_wonder_8th_violett/metadata.json,SOURCE_COMPLETE
landscape_effect,wonder 8th blue,673,landscapes.cif (editgroup effects),data\engine2d\bin\bobs\ls_wonders3.bmd,wonders_8th,1,[32],,GfxLandscape in native effects edit group,Shared/Effects/Landscape/673_wonder_8th_blue/frames/bob_000032.png,Shared/Effects/Landscape/673_wonder_8th_blue/metadata.json,SOURCE_COMPLETE
landscape_effect,wonder 8th cyan,674,landscapes.cif (editgroup effects),data\engine2d\bin\bobs\ls_wonders3.bmd,wonders_8th,1,[33],,GfxLandscape in native effects edit group,Shared/Effects/Landscape/674_wonder_8th_cyan/frames/bob_000033.png,Shared/Effects/Landscape/674_wonder_8th_cyan/metadata.json,SOURCE_COMPLETE
landscape_effect,wonder 8th green,675,landscapes.cif (editgroup effects),data\engine2d\bin\bobs\ls_wonders3.bmd,wonders_8th,1,[34],,GfxLandscape in native effects edit group,Shared/Effects/Landscape/675_wonder_8th_green/frames/bob_000034.png,Shared/Effects/Landscape/675_wonder_8th_green/metadata.json,SOURCE_COMPLETE
landscape_effect,wonder 8th yellow,676,landscapes.cif (editgroup effects),data\engine2d\bin\bobs\ls_wonders3.bmd,wonders_8th,1,[35],,GfxLandscape in native effects edit group,Shared/Effects/Landscape/676_wonder_8th_yellow/frames/bob_000035.png,Shared/Effects/Landscape/676_wonder_8th_yellow/metadata.json,SOURCE_COMPLETE
building_effect_point,gfxfirepoint,,houses.cif,,,,,"[""Arabs/Buildings/Fortress_gfx66/level_0"", ""Arabs/Buildings/Market_gfx67/level_0"", ""Arabs/Buildings/Mosqe_gfx68/level_0"", ""Arabs/Buildings/Palace_gfx69/level_0"", ""Arabs/Buildings/Residence01_gfx70/level_0"", ""Arabs/Buildings/Residence02_gfx71/level_0"", ""Arabs/Buildings/Residence03_gfx72/level_0"", ""Arabs/Buildings/Residence04_gfx73/level_0"", ""Arabs/Buildings/Residence05_gfx74/level_0"", ""Arabs/Buildings/Tent01_gfx76/level_0"", ""Arabs/Buildings/Tent02_gfx77/level_0"", ""Arabs/Buildings/Tent03_gfx78/level_0"", ""Arabs/Buildings/Tent04_gfx79/level_0"", ""Arabs/Buildings/Tent05_gfx80/level_0"", ""Arabs/Buildings/Tower_gfx75/level_0"", ""Byzantines/Buildings/Cathedral_gfx53/level_0"", ""Byzantines/Buildings/Chapel_gfx52/level_0"", ""Byzantines/Buildings/Doorhouse_gfx59/level_0"", ""Byzantines/Buildings/Harbour01_gfx50/level_0"", ""Byzantines/Buildings/Harbour02_gfx51/level_0"", ""Byzantines/Buildings/Home01_gfx56/level_0"", ""Byzantines/Buildings/Home02_gfx57/level_0"", ""Byzantines/Buildings/Home03_gfx58/level_0"", ""Byzantines/Buildings/Kaserne_gfx64/level_0"", ""Byzantines/Buildings/Library_gfx49/level_0"", ""Byzantines/Buildings/Manson_gfx54/level_0"", ""Byzantines/Buildings/Market_gfx55/level_0"", ""Byzantines/Buildings/Palace_gfx65/level_0"", ""Byzantines/Buildings/Tower_gfx60/level_0"", ""Byzantines/Buildings/Work01_gfx61/level_0"", ""Byzantines/Buildings/Work02_gfx62/level_0"", ""Byzantines/Buildings/Work03_gfx63/level_0"", ""Franks/Buildings/Barn_gfx47/level_0"", ""Franks/Buildings/Castle_gfx38/level_0"", ""Franks/Buildings/Church_gfx42/level_0"", ""Franks/Buildings/Farmhouse_gfx37/level_0"", ""Franks/Buildings/Patricianhouse01_gfx43/level_0"", ""Franks/Buildings/Patricianhouse02_gfx44/level_0"", ""Franks/Buildings/Patricianhouse03_gfx45/level_0"", ""Franks/Buildings/Tower_gfx48/level_0"", ""Franks/Buildings/Townhall_gfx46/level_0"", ""Franks/Buildings/Workhouse01_gfx39/level_0"", ""Franks/Buildings/Workhouse02_gfx40/level_0"", ""Franks/Buildings/Workhouse03_gfx41/level_0"", ""Vikings/Buildings/AnimalFarm/level_0"", ""Vikings/Buildings/Armory/level_0"", ""Vikings/Buildings/Armory/level_1"", ""Vikings/Buildings/Bakery/level_0"", ""Vikings/Buildings/Bakery/level_1"", ""Vikings/Buildings/Barracks/level_0"", ""Vikings/Buildings/Brewery/level_0"", ""Vikings/Buildings/CoinMint/level_0"", ""Vikings/Buildings/DruidHut/level_0"", ""Vikings/Buildings/DruidHut/level_1"", ""Vikings/Buildings/Farm/level_0"", ""Vikings/Buildings/Headquarters/gfx_21/level_0"", ""Vikings/Buildings/Headquarters/gfx_27/level_0"", ""Vikings/Buildings/HerbHut/level_0"", ""Vikings/Buildings/Hive/level_0"", ""Vikings/Buildings/Home/level_0"", ""Vikings/Buildings/Home/level_1"", ""Vikings/Buildings/Home/level_2"", ""Vikings/Buildings/Home/level_3"", ""Vikings/Buildings/Home/level_4"", ""Vikings/Buildings/Joinery/level_0"", ""Vikings/Buildings/Joinery/level_1"", ""Vikings/Buildings/Joinery/level_2"", ""Vikings/Buildings/Joinery/level_3"", ""Vikings/Buildings/MasonHut/level_0"", ""Vikings/Buildings/MasonHut/level_1"", ""Vikings/Buildings/Mill/level_0"", ""Vikings/Buildings/Pottery/level_0"", ""Vikings/Buildings/Pottery/level_1"", ""Vikings/Buildings/Pottery/level_2"", ""Vikings/Buildings/School/level_0"", ""Vikings/Buildings/Sewery/level_0"", ""Vikings/Buildings/Sewery/level_1"", ""Vikings/Buildings/Smithy/level_0"", ""Vikings/Buildings/Smithy/level_1"", ""Vikings/Buildings/Stock/level_0"", ""Vikings/Buildings/Stock/level_1"", ""Vikings/Buildings/Stock/level_2"", ""Vikings/Buildings/Temple/level_0"", ""Vikings/Buildings/Tower/level_0"", ""Vikings/Buildings/Tower/level_1"", ""Vikings/Buildings/Well/level_0"", ""Vikings/Buildings/WonderArtemis/level_0"", ""Vikings/Buildings/WonderArtemis/level_1"", ""Vikings/Buildings/WonderArtemis/level_2"", ""Vikings/Buildings/WonderKoloss/level_1"", ""Vikings/Buildings/WonderKoloss/level_2"", ""Vikings/Buildings/WonderKoloss/level_3"", ""Vikings/Buildings/WonderLeuchtturm/level_0"", ""Vikings/Buildings/WonderLeuchtturm/level_1"", ""Vikings/Buildings/WonderLeuchtturm/level_2"", ""Vikings/Buildings/WonderMausoleum/level_0"", ""Vikings/Buildings/WonderMausoleum/level_1"", ""Vikings/Buildings/WonderPyramid/level_0"", ""Vikings/Buildings/WonderPyramid/level_1"", ""Vikings/Buildings/WonderZeus/level_0"", ""Vikings/Buildings/WonderZeus/level_1"", ""Vikings/Buildings/WonderZeus/level_2"", ""Other Tribes/Egypt/Buildings/Barrack_gfx82/level_0"", ""Other Tribes/Egypt/Buildings/Mainhouse_gfx81/level_0"", ""Other Tribes/Egypt/Buildings/Residence01_gfx84/level_0"", ""Other Tribes/Egypt/Buildings/Residence02_gfx85/level_0"", ""Other Tribes/Egypt/Buildings/Residence03_gfx86/level_0"", ""Other Tribes/Egypt/Buildings/Residence04_gfx87/level_0"", ""Other Tribes/Egypt/Buildings/Residence05_gfx88/level_0"", ""Other Tribes/Egypt/Buildings/Residence06_gfx89/level_0"", ""Other Tribes/Egypt/Buildings/Tower_gfx83/level_0""]",fire spawn points (fx fire house 0..2),,Catalogs/effects.json,SOURCE_COMPLETE (points; per-level files: <level>/effects/metadata.json); PRESENTATION_PARTIAL (activation)
building_effect_point,gfxsmokepoint,,houses.cif,,,,,"[""Arabs/Buildings/Fortress_gfx66/level_0"", ""Arabs/Buildings/Market_gfx67/level_0"", ""Arabs/Buildings/Mosqe_gfx68/level_0"", ""Arabs/Buildings/Palace_gfx69/level_0"", ""Arabs/Buildings/Residence01_gfx70/level_0"", ""Arabs/Buildings/Residence02_gfx71/level_0"", ""Arabs/Buildings/Residence03_gfx72/level_0"", ""Arabs/Buildings/Residence04_gfx73/level_0"", ""Arabs/Buildings/Residence05_gfx74/level_0"", ""Arabs/Buildings/Tent01_gfx76/level_0"", ""Arabs/Buildings/Tent02_gfx77/level_0"", ""Arabs/Buildings/Tent03_gfx78/level_0"", ""Arabs/Buildings/Tent04_gfx79/level_0"", ""Arabs/Buildings/Tent05_gfx80/level_0"", ""Arabs/Buildings/Tower_gfx75/level_0"", ""Byzantines/Buildings/Cathedral_gfx53/level_0"", ""Byzantines/Buildings/Chapel_gfx52/level_0"", ""Byzantines/Buildings/Doorhouse_gfx59/level_0"", ""Byzantines/Buildings/Harbour01_gfx50/level_0"", ""Byzantines/Buildings/Harbour02_gfx51/level_0"", ""Byzantines/Buildings/Home01_gfx56/level_0"", ""Byzantines/Buildings/Home02_gfx57/level_0"", ""Byzantines/Buildings/Home03_gfx58/level_0"", ""Byzantines/Buildings/Kaserne_gfx64/level_0"", ""Byzantines/Buildings/Library_gfx49/level_0"", ""Byzantines/Buildings/Manson_gfx54/level_0"", ""Byzantines/Buildings/Market_gfx55/level_0"", ""Byzantines/Buildings/Palace_gfx65/level_0"", ""Byzantines/Buildings/Tower_gfx60/level_0"", ""Byzantines/Buildings/Work01_gfx61/level_0"", ""Byzantines/Buildings/Work02_gfx62/level_0"", ""Byzantines/Buildings/Work03_gfx63/level_0"", ""Franks/Buildings/Barn_gfx47/level_0"", ""Franks/Buildings/Castle_gfx38/level_0"", ""Franks/Buildings/Church_gfx42/level_0"", ""Franks/Buildings/Farmhouse_gfx37/level_0"", ""Franks/Buildings/Patricianhouse01_gfx43/level_0"", ""Franks/Buildings/Patricianhouse02_gfx44/level_0"", ""Franks/Buildings/Patricianhouse03_gfx45/level_0"", ""Franks/Buildings/Tower_gfx48/level_0"", ""Franks/Buildings/Townhall_gfx46/level_0"", ""Franks/Buildings/Workhouse01_gfx39/level_0"", ""Franks/Buildings/Workhouse02_gfx40/level_0"", ""Franks/Buildings/Workhouse03_gfx41/level_0"", ""Vikings/Buildings/AnimalFarm/level_0"", ""Vikings/Buildings/Armory/level_0"", ""Vikings/Buildings/Armory/level_1"", ""Vikings/Buildings/Bakery/level_0"", ""Vikings/Buildings/Bakery/level_1"", ""Vikings/Buildings/Barracks/level_0"", ""Vikings/Buildings/Brewery/level_0"", ""Vikings/Buildings/CoinMint/level_0"", ""Vikings/Buildings/DruidHut/level_0"", ""Vikings/Buildings/DruidHut/level_1"", ""Vikings/Buildings/Farm/level_0"", ""Vikings/Buildings/Headquarters/gfx_21/level_0"", ""Vikings/Buildings/Headquarters/gfx_27/level_0"", ""Vikings/Buildings/HerbHut/level_0"", ""Vikings/Buildings/Hive/level_0"", ""Vikings/Buildings/Home/level_0"", ""Vikings/Buildings/Home/level_1"", ""Vikings/Buildings/Home/level_2"", ""Vikings/Buildings/Home/level_3"", ""Vikings/Buildings/Home/level_4"", ""Vikings/Buildings/Joinery/level_0"", ""Vikings/Buildings/Joinery/level_1"", ""Vikings/Buildings/Joinery/level_2"", ""Vikings/Buildings/Joinery/level_3"", ""Vikings/Buildings/MasonHut/level_0"", ""Vikings/Buildings/MasonHut/level_1"", ""Vikings/Buildings/Mill/level_0"", ""Vikings/Buildings/Pottery/level_0"", ""Vikings/Buildings/Pottery/level_1"", ""Vikings/Buildings/Pottery/level_2"", ""Vikings/Buildings/School/level_0"", ""Vikings/Buildings/Sewery/level_0"", ""Vikings/Buildings/Sewery/level_1"", ""Vikings/Buildings/Smithy/level_0"", ""Vikings/Buildings/Smithy/level_1"", ""Vikings/Buildings/Stock/level_0"", ""Vikings/Buildings/Stock/level_1"", ""Vikings/Buildings/Stock/level_2"", ""Vikings/Buildings/Temple/level_0"", ""Vikings/Buildings/Tower/level_0"", ""Vikings/Buildings/Tower/level_1"", ""Vikings/Buildings/Well/level_0"", ""Vikings/Buildings/WonderArtemis/level_0"", ""Vikings/Buildings/WonderArtemis/level_1"", ""Vikings/Buildings/WonderArtemis/level_2"", ""Vikings/Buildings/WonderKoloss/level_1"", ""Vikings/Buildings/WonderKoloss/level_2"", ""Vikings/Buildings/WonderKoloss/level_3"", ""Vikings/Buildings/WonderLeuchtturm/level_0"", ""Vikings/Buildings/WonderLeuchtturm/level_1"", ""Vikings/Buildings/WonderLeuchtturm/level_2"", ""Vikings/Buildings/WonderMausoleum/level_0"", ""Vikings/Buildings/WonderMausoleum/level_1"", ""Vikings/Buildings/WonderPyramid/level_0"", ""Vikings/Buildings/WonderPyramid/level_1"", ""Vikings/Buildings/WonderZeus/level_0"", ""Vikings/Buildings/WonderZeus/level_1"", ""Vikings/Buildings/WonderZeus/level_2"", ""Other Tribes/Egypt/Buildings/Barrack_gfx82/level_0"", ""Other Tribes/Egypt/Buildings/Mainhouse_gfx81/level_0"", ""Other Tribes/Egypt/Buildings/Residence01_gfx84/level_0"", ""Other Tribes/Egypt/Buildings/Residence02_gfx85/level_0"", ""Other Tribes/Egypt/Buildings/Residence03_gfx86/level_0"", ""Other Tribes/Egypt/Buildings/Residence04_gfx87/level_0"", ""Other Tribes/Egypt/Buildings/Residence05_gfx88/level_0"", ""Other Tribes/Egypt/Buildings/Residence06_gfx89/level_0"", ""Other Tribes/Egypt/Buildings/Tower_gfx83/level_0""]",smoke spawn points (fx smoke),,Catalogs/effects.json,SOURCE_COMPLETE (points; per-level files: <level>/effects/metadata.json); PRESENTATION_PARTIAL (activation)
building_effect_point,gfxholyfirepoint,,houses.cif,,,,,"[""Vikings/Buildings/Headquarters/gfx_21/level_0"", ""Vikings/Buildings/Headquarters/gfx_27/level_0"", ""Vikings/Buildings/Home/level_2"", ""Vikings/Buildings/Home/level_3"", ""Vikings/Buildings/Home/level_4"", ""Vikings/Buildings/Temple/level_0""]",holy fire points (fx fire incense),,Catalogs/effects.json,SOURCE_COMPLETE (points; per-level files: <level>/effects/metadata.json); PRESENTATION_PARTIAL (activation)
building_effect_point,gfxoverlaylandscape,,houses.cif,,,,,"[""Vikings/Buildings/Wonder8th/level_0"", ""Vikings/Buildings/WonderLeuchtturm/level_2"", ""Vikings/Buildings/WonderSemiramis/level_2"", ""Vikings/Buildings/WonderSemiramisFront/level_2""]",landscape overlays,,Catalogs/effects.json,SOURCE_COMPLETE (points; per-level files: <level>/effects/metadata.json); PRESENTATION_PARTIAL (activation)
