PATH,SIZE,SHA256,CATEGORY,STATUS,BROWSER_ROUTE,NOTES
E:\cultures\original\Editor.exe,1118208,30d05acc22d22de33da9c2553d97a5d934fa7698247a404c9507573bef087c7d,"Original binary (evidence, read-only)",SOURCE_COMPLETE,Metadata/Evidence/index.html,
E:\cultures\original\Game.exe,1549840,c52209cf06493142eca1ba836ac3019943caa003008eb998350354d0a9b8b85f,"Original binary (evidence, read-only)",SOURCE_COMPLETE,Metadata/Evidence/index.html,
E:\cultures\original\Game.protected-install.exe,61440,434643eb6a0182e959091c366d01af8ed86af1660e85624d990620a110697bca,"Original binary (evidence, read-only)",SOURCE_COMPLETE,Metadata/Evidence/index.html,
E:\cultures\original\GameMp.exe,1134592,bdf07c34afe355b54be9dd512f4a267e79700d177d21d65c22f0ae8d460a9894,"Original binary (evidence, read-only)",SOURCE_COMPLETE,Metadata/Evidence/index.html,
E:\cultures\original\gedx8musicdrv.dll,77824,547c5571c39dbcb921a2b8fff2d1568f11ceab9b79a7a2d5a2a82fb5601395bf,"Original binary (evidence, read-only)",SOURCE_COMPLETE,Metadata/Evidence/index.html,
E:\cultures\original\README.md,954,fb977d072cd5ec5906b820b69dc9356c0b43370a82793b8067f8cdc80b0883bc,"Original binary (evidence, read-only)",SOURCE_COMPLETE,Metadata/Evidence/index.html,
E:\cultures\original\rollback_original_binaries_sha256.txt,424,ea001802fe34ec5b7a94261ccb7f6c7e2cc30d21410497c06dbdc609dada626e,"Original binary (evidence, read-only)",SOURCE_COMPLETE,Metadata/Evidence/index.html,
E:\cultures\original\SHA256SUMS.txt,406,bbd07d613061e0b80eec81a778eb11b7c7f1aca9a7c5b3a8771e305b9efdde23,"Original binary (evidence, read-only)",SOURCE_COMPLETE,Metadata/Evidence/index.html,
E:\cultures\vanilla-data\DataX\DM2\001.dls,982844,4764bbb4bf4dccd3832a17e14b9f2fb60b1979665263475701e1045cf7324d65,Audio (DirectMusic),SOURCE_COMPLETE,Audio/index.html,
E:\cultures\vanilla-data\DataX\DM2\002.dls,182454,887658867d690709ea65e459d8c1608550d005757e8c7ebc4d0e83779224d148,Audio (DirectMusic),SOURCE_COMPLETE,Audio/index.html,
E:\cultures\vanilla-data\DataX\DM2\003.dls,378038,50367c5bdf0fe7bca3e066923ebfb8a4d259f358658f9511dc8f147de97e28b1,Audio (DirectMusic),SOURCE_COMPLETE,Audio/index.html,
E:\cultures\vanilla-data\DataX\DM2\004.dls,236702,a3a062a5315fed8178675674278496f16c0feb0d32c32fbc799673dc12b00357,Audio (DirectMusic),SOURCE_COMPLETE,Audio/index.html,
E:\cultures\vanilla-data\DataX\DM2\005.dls,301908,5b0902f3b7ae7d7f4ee28829f9bb185ed0a1d44294903c060627cb053d3616c6,Audio (DirectMusic),SOURCE_COMPLETE,Audio/index.html,
E:\cultures\vanilla-data\DataX\DM2\006.dls,3939416,beb16eb940b08f9c8ca47a38b0a9a8b6534f170ab2dfc585849031524a03b216,Audio (DirectMusic),SOURCE_COMPLETE,Audio/index.html,
E:\cultures\vanilla-data\DataX\DM2\007.dls,144616,bc3c41a7e5f2cbe5b03a13a88307ddc096c38dc5a6e7bd98c34f7e8e73af6094,Audio (DirectMusic),SOURCE_COMPLETE,Audio/index.html,
E:\cultures\vanilla-data\DataX\DM2\008.dls,624322,9b07b1c00c2f7bec2674236a73bdc9348fdbc15b0c6679ec8821709ed9c58748,Audio (DirectMusic),SOURCE_COMPLETE,Audio/index.html,
E:\cultures\vanilla-data\DataX\DM2\009.dls,459824,8a2f67ca351b2582436302e72821c366a1aa1a634b65acfd7b4cbb10bf96f609,Audio (DirectMusic),SOURCE_COMPLETE,Audio/index.html,
E:\cultures\vanilla-data\DataX\DM2\010.dls,1362738,b205940e923a5e6539507f3588bc56a0e43cb491057defac215db4546ee4eaf0,Audio (DirectMusic),SOURCE_COMPLETE,Audio/index.html,
E:\cultures\vanilla-data\DataX\DM2\011.dls,483818,6d93fbe6fd2107224727c9fb7958665dac0ac517f1191cad1f57645c356add8c,Audio (DirectMusic),SOURCE_COMPLETE,Audio/index.html,
E:\cultures\vanilla-data\DataX\DM2\012.dls,30038786,dd2ee5b36158ed5944805b668656ad4782ff798dd7c94b017cc90e87fbd357dd,Audio (DirectMusic),SOURCE_COMPLETE,Audio/index.html,
E:\cultures\vanilla-data\DataX\DM2\013.dls,8054,c697a340355e81f2659e97b257a5c192b97afd671a78af1cfc868afa72d2529e,Audio (DirectMusic),SOURCE_COMPLETE,Audio/index.html,
E:\cultures\vanilla-data\DataX\DM2\014.dls,772498,87c7f4b6334daf034f3132d48ec2958362e50e51a64c8a9198f8c583af2cd0a9,Audio (DirectMusic),SOURCE_COMPLETE,Audio/index.html,
E:\cultures\vanilla-data\DataX\DM2\015.dls,545270,4dcdc0a690be7b754100bd8cd642a3a6b360eed7d06deb3971e69200b889e227,Audio (DirectMusic),SOURCE_COMPLETE,Audio/index.html,
E:\cultures\vanilla-data\DataX\DM2\016.dls,878018,4725229997cd4d79dffd0e473ec642d600617f3f6b90df862f494fc21ff631c7,Audio (DirectMusic),SOURCE_COMPLETE,Audio/index.html,
E:\cultures\vanilla-data\DataX\DM2\017.dls,182848,c89b6b2a74ae42ebf868253a5d3ffa6e95bab8bf30d0a3ed84c5493e925fe409,Audio (DirectMusic),SOURCE_COMPLETE,Audio/index.html,
E:\cultures\vanilla-data\DataX\DM2\018.dls,981256,157a8348995f4bec1986994bd1cd2c8e4e9732b3112fc00f646e6069c1f3862c,Audio (DirectMusic),SOURCE_COMPLETE,Audio/index.html,
E:\cultures\vanilla-data\DataX\DM2\019.dls,138926,7b533c0dba1395be4bbf146ada843eecd9bc21084f69b11f4ae9f1db71e7de72,Audio (DirectMusic),SOURCE_COMPLETE,Audio/index.html,
E:\cultures\vanilla-data\DataX\DM2\020.dls,920400,b5f0e0c6cabf83c099da65fbcc03fcc91d9945b3c6cd864c206a3505e34e035f,Audio (DirectMusic),SOURCE_COMPLETE,Audio/index.html,
E:\cultures\vanilla-data\DataX\DM2\021.dls,2750062,35e6b25e3b14905f7951aea2ab15a291b8479189971cbc4cf7114d20abd1850c,Audio (DirectMusic),SOURCE_COMPLETE,Audio/index.html,
E:\cultures\vanilla-data\DataX\DM2\022.dls,153544,2f78707e1e1eaf76b0a42555379bd28dc204c74fd66465957b6ea0da0c7d9fe5,Audio (DirectMusic),SOURCE_COMPLETE,Audio/index.html,
E:\cultures\vanilla-data\DataX\DM2\023.dls,238060,d0129aa0948bd2756c89297c9c70981a887ac8356c0fa715513dd96d67a0863e,Audio (DirectMusic),SOURCE_COMPLETE,Audio/index.html,
E:\cultures\vanilla-data\DataX\DM2\024.dls,536416,47eaf47acf21866314661fbd3e8dc74b991beb40201f6d021028e6cd027b6d40,Audio (DirectMusic),SOURCE_COMPLETE,Audio/index.html,
E:\cultures\vanilla-data\DataX\DM2\025.dls,1413388,7add3d5b459de9800c646637f4265dc6e6632ee92aa94faa6ccc9c51043d09f1,Audio (DirectMusic),SOURCE_COMPLETE,Audio/index.html,
E:\cultures\vanilla-data\DataX\DM2\026.dls,349820,2958566489b2c394146b05e7af3d1ac7831decd4e1089f89a73ca35b41a1a570,Audio (DirectMusic),SOURCE_COMPLETE,Audio/index.html,
E:\cultures\vanilla-data\DataX\DM2\027.dls,387964,79e524165680a9a66cacefae5d1db80d7679ae7ddbaa9d27f669922515f00fd1,Audio (DirectMusic),SOURCE_COMPLETE,Audio/index.html,
E:\cultures\vanilla-data\DataX\DM2\028.dls,4990112,a32a63ccfc56c5996646f95bd209177ea9dba35d471a2d2662be014b99e1a477,Audio (DirectMusic),SOURCE_COMPLETE,Audio/index.html,
E:\cultures\vanilla-data\DataX\DM2\029.dls,171100,65f93ad3a89bf204f23928ce3fb151555a039f92acac7357c7dd4b1c5f6b1549,Audio (DirectMusic),SOURCE_COMPLETE,Audio/index.html,
E:\cultures\vanilla-data\DataX\DM2\030.dls,575730,f1c15c55be8f97c2f166dbe4d0dc98dde079a24d3ef9e99ac57a36b52c130228,Audio (DirectMusic),SOURCE_COMPLETE,Audio/index.html,
E:\cultures\vanilla-data\DataX\DM2\031.dls,485146,4b4a6653caa8b414c7745bc026be29bb660feb0095a53b7b21df11c78091d98e,Audio (DirectMusic),SOURCE_COMPLETE,Audio/index.html,
E:\cultures\vanilla-data\DataX\DM2\032.dls,3375418,5eb2c34a0678e14184613eb770c660820593ad4c4db1d1452e3ddcf3e3aeede6,Audio (DirectMusic),SOURCE_COMPLETE,Audio/index.html,
E:\cultures\vanilla-data\DataX\DM2\033.dls,4620260,18abbce546f666598fefb3e42eaba7809ab2bf14d29a303ab2d7cf8ebb472699,Audio (DirectMusic),SOURCE_COMPLETE,Audio/index.html,
E:\cultures\vanilla-data\DataX\DM2\034.dls,270784,9f602e9a339388323a188b5610d67112e8f734d12b2867fdea5f0fbc471658a9,Audio (DirectMusic),SOURCE_COMPLETE,Audio/index.html,
E:\cultures\vanilla-data\DataX\DM2\035.dls,1385440,fde40468b5db5defa7516e67ac1b42484b79ca9c6618b9e8314cae3ee76c8803,Audio (DirectMusic),SOURCE_COMPLETE,Audio/index.html,
E:\cultures\vanilla-data\DataX\DM2\036.dls,298654,32edca656fcc75cab6c3304a0d685f91850ced67a3202b8767f02a957e7d29ef,Audio (DirectMusic),SOURCE_COMPLETE,Audio/index.html,
E:\cultures\vanilla-data\DataX\DM2\037.dls,232882,797ae93d659aa35098a77a8928110139feefc694b3ed1e2f835a2e18a7e5923a,Audio (DirectMusic),SOURCE_COMPLETE,Audio/index.html,
E:\cultures\vanilla-data\DataX\DM2\038.dls,158012,54e99cdf2293e62275142f9e74ce8f83c48609d0ad5e79f3ce8efa862c0cf4f7,Audio (DirectMusic),SOURCE_COMPLETE,Audio/index.html,
E:\cultures\vanilla-data\DataX\DM2\039.dls,94498,805ae1fcd407406c0aaf496c5f3f40779f77c37806ad09c0472c8640a8c975d0,Audio (DirectMusic),SOURCE_COMPLETE,Audio/index.html,
E:\cultures\vanilla-data\DataX\DM2\040.dls,52484,d27c40039a7454b21c0f5864801fa0387edbf01f964556543db639269f2bd063,Audio (DirectMusic),SOURCE_COMPLETE,Audio/index.html,
E:\cultures\vanilla-data\DataX\DM2\041.dls,860114,43d980c1788aef8cf011da81dac8c4381c2ae56fb0a669d5ac7a3ea7dc730aa7,Audio (DirectMusic),SOURCE_COMPLETE,Audio/index.html,
E:\cultures\vanilla-data\DataX\DM2\042.dls,481996,cd355eb31dd43d2fb76c0400fc18fe73c6358909dcf44442eeb2a24727999d91,Audio (DirectMusic),SOURCE_COMPLETE,Audio/index.html,
E:\cultures\vanilla-data\DataX\DM2\043.dls,63692,daf6369e2621ebec93e208a1eabc57e1474898e99eaf4283a76be84910e0f15a,Audio (DirectMusic),SOURCE_COMPLETE,Audio/index.html,
E:\cultures\vanilla-data\DataX\DM2\044.dls,390100,6c8713321a9c0723ad08008ac1c5d394feb85776b8a91a04e9c75a49d6af402a,Audio (DirectMusic),SOURCE_COMPLETE,Audio/index.html,
E:\cultures\vanilla-data\DataX\DM2\045.dls,104108,60b4579e30ea6a1c6b85edda2e4449371e10ab62e28b596130cae36470bb4506,Audio (DirectMusic),SOURCE_COMPLETE,Audio/index.html,
E:\cultures\vanilla-data\DataX\DM2\046.dls,1113876,bcf469ef4649b3fbaff146dd932fb48561de733f81c6f2d4dc6b365dd30d5fa1,Audio (DirectMusic),SOURCE_COMPLETE,Audio/index.html,
E:\cultures\vanilla-data\DataX\DM2\100.dls,9961580,c9d9ff4440b7dbd727cbd0049ad8b1367b45b714d1af3d3d1d5e8d79847f9821,Audio (DirectMusic),SOURCE_COMPLETE,Audio/index.html,
E:\cultures\vanilla-data\DataX\DM2\101.dls,1005222,d1e920e47c9f0da9a08c36cf4705747a66fd6cf568d29dd44de60918ba9c5301,Audio (DirectMusic),SOURCE_COMPLETE,Audio/index.html,
E:\cultures\vanilla-data\DataX\DM2\102.dls,1793754,daf37f98d3167cd7839005eab1aed25e89c0789e6cf9df620959ec8fe89e2439,Audio (DirectMusic),SOURCE_COMPLETE,Audio/index.html,
E:\cultures\vanilla-data\DataX\DM2\Attack_Arabs.sgt,61658,33f3c98d259fb26763fd7f7d5a5ebf27c0a5764ffe94a58c6b0e4c58bac07baf,Audio (DirectMusic),SOURCE_COMPLETE,Audio/index.html,
E:\cultures\vanilla-data\DataX\DM2\Attack_Byzanz.sgt,67278,2c7440b82141c5face01f352fa8fc22c0fd1f591bc889f52e25f74f0ea6b9b9e,Audio (DirectMusic),SOURCE_COMPLETE,Audio/index.html,
E:\cultures\vanilla-data\DataX\DM2\Attack_Franken.sgt,65876,5cec9cffe22b1a0a028e58921c85ea6f1ebf76b9d94d7ad99335897f11e2be28,Audio (DirectMusic),SOURCE_COMPLETE,Audio/index.html,
E:\cultures\vanilla-data\DataX\DM2\Attack_Viking.sgt,63330,c1fca3b002d1a613ff9c6cd57365a106acc04f001dbfdba93ddb4220d4a842d4,Audio (DirectMusic),SOURCE_COMPLETE,Audio/index.html,
E:\cultures\vanilla-data\DataX\DM2\Mission_AddOn_Arabs1_Danger.sgt,53608,b01ade672371047e6ffd88e30f40d259e55e630730c1c446dffd280b6454d043,Audio (DirectMusic),SOURCE_COMPLETE,Audio/index.html,
E:\cultures\vanilla-data\DataX\DM2\Mission_AddOn_Arabs1_Standard.sgt,34400,9406879b4db1c2a29e9c0f450222377d6bafbe47145e29428321cc359edadb1c,Audio (DirectMusic),SOURCE_COMPLETE,Audio/index.html,
E:\cultures\vanilla-data\DataX\DM2\Mission_AddOn_Arabs1_Wealthy.sgt,50514,930746ba7653cc6c3765b54c22c32004d670cc42d8c64804274303893dbabcc1,Audio (DirectMusic),SOURCE_COMPLETE,Audio/index.html,
E:\cultures\vanilla-data\DataX\DM2\Mission_AddOn_Arabs2_Danger.sgt,33548,bdc26588bea11f7188a2f6850e5e688898380b7655db47269e7559152458a3e1,Audio (DirectMusic),SOURCE_COMPLETE,Audio/index.html,
E:\cultures\vanilla-data\DataX\DM2\Mission_AddOn_Arabs2_Standard.sgt,25156,99f4cabb2fa18010ba0aaae5f3db306c4061af3017252143d5316c98943f834a,Audio (DirectMusic),SOURCE_COMPLETE,Audio/index.html,
E:\cultures\vanilla-data\DataX\DM2\Mission_AddOn_Arabs2_Wealthy.sgt,45216,24be454a6348e6b06f18eba6bfdce2b125a8f6af422b637be9697a103da5f74c,Audio (DirectMusic),SOURCE_COMPLETE,Audio/index.html,
E:\cultures\vanilla-data\DataX\DM2\Mission_AddOn_Asgard_Standard.sgt,16872,2d212a09416bf1d673562379be8c1239230d411de88ea0f42dfb55eafa2c3ed5,Audio (DirectMusic),SOURCE_COMPLETE,Audio/index.html,
E:\cultures\vanilla-data\DataX\DM2\Mission_AddOn_Franken1_Standard.sgt,16660,52e2d50f24f05169b9409ec61e294cb66c3866cfddd0e556dd99c2e1af3df2e9,Audio (DirectMusic),SOURCE_COMPLETE,Audio/index.html,
E:\cultures\vanilla-data\DataX\DM2\Mission_AddOn_Franken2_Danger.sgt,28568,aa66f2f1ffd28db692e1109d4435ad62cfe6b419aa6961f5301329ba1a0193da,Audio (DirectMusic),SOURCE_COMPLETE,Audio/index.html,
E:\cultures\vanilla-data\DataX\DM2\Mission_AddOn_Franken2_Standard.sgt,53608,817df604772452f644c569fe86162d954074869f75eeb1dd460df9f19ff355d4,Audio (DirectMusic),SOURCE_COMPLETE,Audio/index.html,
E:\cultures\vanilla-data\DataX\DM2\Mission_AddOn_Franken2_Wealthy.sgt,49088,0dea52252ff45a16125eef8b3399b2087bc197790d2b5b2881529130a633f1a7,Audio (DirectMusic),SOURCE_COMPLETE,Audio/index.html,
E:\cultures\vanilla-data\DataX\DM2\Mission_AddOn_Franken3_Danger.sgt,35552,fd8e8f172ecf08834a949ac79f56493fd3be4a0d9ab2bc73c4df6329df57d449,Audio (DirectMusic),SOURCE_COMPLETE,Audio/index.html,
E:\cultures\vanilla-data\DataX\DM2\Mission_AddOn_Franken3_Standard.sgt,46248,d253228bda11c6452938b2edfbe8b3ba24fbd6279f7b92095ba42a2cec330702,Audio (DirectMusic),SOURCE_COMPLETE,Audio/index.html,
E:\cultures\vanilla-data\DataX\DM2\Mission_AddOn_Franken3_Wealthy.sgt,44550,3e91bb6e09d6606c8b743c1086142217291d4d49898c284ecc5b35fff4375990,Audio (DirectMusic),SOURCE_COMPLETE,Audio/index.html,
E:\cultures\vanilla-data\DataX\DM2\Mission_AddOn_Nordland_Standard.sgt,7546,31f1c9e78545bc0446adfbd885f5c4a12cb4bcd12ff9bdb9b10f2fa0ea5f88a4,Audio (DirectMusic),SOURCE_COMPLETE,Audio/index.html,
E:\cultures\vanilla-data\DataX\DM2\Mission_AddOn_Underworld_Standard.sgt,11074,3f1f431a29fde153a6631c7c04dbc2b409413c472d4af9dbc5c0fb45a0d45ed4,Audio (DirectMusic),SOURCE_COMPLETE,Audio/index.html,
E:\cultures\vanilla-data\DataX\DM2\Mission_Arabs1_Danger.sgt,53608,b01ade672371047e6ffd88e30f40d259e55e630730c1c446dffd280b6454d043,Audio (DirectMusic),SOURCE_COMPLETE,Audio/index.html,
E:\cultures\vanilla-data\DataX\DM2\Mission_Arabs1_Standard.sgt,34400,9406879b4db1c2a29e9c0f450222377d6bafbe47145e29428321cc359edadb1c,Audio (DirectMusic),SOURCE_COMPLETE,Audio/index.html,
E:\cultures\vanilla-data\DataX\DM2\Mission_Arabs1_Wealthy.sgt,50514,930746ba7653cc6c3765b54c22c32004d670cc42d8c64804274303893dbabcc1,Audio (DirectMusic),SOURCE_COMPLETE,Audio/index.html,
E:\cultures\vanilla-data\DataX\DM2\Mission_Arabs2_Danger.sgt,23438,4ad4a6964dc93d3a12b930cca16d535d699bfd35c750aa26e05e5dca3bfaa1ae,Audio (DirectMusic),SOURCE_COMPLETE,Audio/index.html,
E:\cultures\vanilla-data\DataX\DM2\Mission_Arabs2_Standard.sgt,24166,edee81726d16e2915e645c92a741b56f5f426f0431095a9572b57c0e61161132,Audio (DirectMusic),SOURCE_COMPLETE,Audio/index.html,
E:\cultures\vanilla-data\DataX\DM2\Mission_Arabs2_Wealthy.sgt,35682,fe1fa7927fdb6a82883fca4fcdd9fd8c3a32018594143d4b9979204799f9c361,Audio (DirectMusic),SOURCE_COMPLETE,Audio/index.html,
E:\cultures\vanilla-data\DataX\DM2\Mission_Arabs3_Danger.sgt,33548,bdc26588bea11f7188a2f6850e5e688898380b7655db47269e7559152458a3e1,Audio (DirectMusic),SOURCE_COMPLETE,Audio/index.html,
E:\cultures\vanilla-data\DataX\DM2\Mission_Arabs3_Standard.sgt,25156,99f4cabb2fa18010ba0aaae5f3db306c4061af3017252143d5316c98943f834a,Audio (DirectMusic),SOURCE_COMPLETE,Audio/index.html,
E:\cultures\vanilla-data\DataX\DM2\Mission_Arabs3_Wealthy.sgt,45216,24be454a6348e6b06f18eba6bfdce2b125a8f6af422b637be9697a103da5f74c,Audio (DirectMusic),SOURCE_COMPLETE,Audio/index.html,
E:\cultures\vanilla-data\DataX\DM2\Mission_Byzanz1_Danger.sgt,20040,9a1c10952a0e70d42a30af784e800d4ef0f7099a647e71fc9130a00d01da0800,Audio (DirectMusic),SOURCE_COMPLETE,Audio/index.html,
E:\cultures\vanilla-data\DataX\DM2\Mission_Byzanz1_Standard.sgt,35658,263fd724e1a993137b7925711bab2fec72a732d046c7775ec0583a872894678d,Audio (DirectMusic),SOURCE_COMPLETE,Audio/index.html,
E:\cultures\vanilla-data\DataX\DM2\Mission_Byzanz1_Wealthy.sgt,57894,7e3c6b57273f2c6eb29edc869992a3bd24c4654b266bd592aeec764a00849289,Audio (DirectMusic),SOURCE_COMPLETE,Audio/index.html,
E:\cultures\vanilla-data\DataX\DM2\Mission_Byzanz2_Danger.sgt,22394,8bef8d931c148058be107a13e1d547222306dd4d9f3418f5145b2b42553a1223,Audio (DirectMusic),SOURCE_COMPLETE,Audio/index.html,
E:\cultures\vanilla-data\DataX\DM2\Mission_Byzanz2_Standard.sgt,28494,8f4519598e414006fa5d7e590b9abc3848a6ab7e0bf9e3d364b98a091d421712,Audio (DirectMusic),SOURCE_COMPLETE,Audio/index.html,
E:\cultures\vanilla-data\DataX\DM2\Mission_Byzanz2_Wealthy.sgt,37348,ccefacb54a494b04a320e7c77748f674734560fe15df565fc455a16ce5b8a077,Audio (DirectMusic),SOURCE_COMPLETE,Audio/index.html,
E:\cultures\vanilla-data\DataX\DM2\Mission_Byzanz3_Danger.sgt,26008,b0a370262155f2799a1ff6bff8edb1caee2a308da7b9d6f415d5954f0b6cb279,Audio (DirectMusic),SOURCE_COMPLETE,Audio/index.html,
E:\cultures\vanilla-data\DataX\DM2\Mission_Byzanz3_Standard.sgt,124864,559475b6bd694f1fda2b53c6960ccd12070005cd4a749d04693b62c135abc01a,Audio (DirectMusic),SOURCE_COMPLETE,Audio/index.html,
E:\cultures\vanilla-data\DataX\DM2\Mission_Byzanz3_Wealthy.sgt,47564,e4e304479f7179cd4d6af3b541a2140ca929990687079504cf916e2279cdd632,Audio (DirectMusic),SOURCE_COMPLETE,Audio/index.html,
E:\cultures\vanilla-data\DataX\DM2\Mission_Byzanz4_Danger.sgt,30406,3672045bdb3bab185ba4d56e0251dc14de02de7234c9cb0faa03a626b93e49da,Audio (DirectMusic),SOURCE_COMPLETE,Audio/index.html,
E:\cultures\vanilla-data\DataX\DM2\Mission_Byzanz4_Standard.sgt,52926,983381e3deb1b79056307d2e0190e7a9d3e7296be362ecc129966b7f2e2894cc,Audio (DirectMusic),SOURCE_COMPLETE,Audio/index.html,
E:\cultures\vanilla-data\DataX\DM2\Mission_Byzanz4_Wealthy.sgt,53802,c141c27e94bf2b77c2db11e682a127229ff572c9c616fb5ad90c5314afe0be66,Audio (DirectMusic),SOURCE_COMPLETE,Audio/index.html,
E:\cultures\vanilla-data\DataX\DM2\Mission_Franken1_Danger.sgt,28568,aa66f2f1ffd28db692e1109d4435ad62cfe6b419aa6961f5301329ba1a0193da,Audio (DirectMusic),SOURCE_COMPLETE,Audio/index.html,
E:\cultures\vanilla-data\DataX\DM2\Mission_Franken1_Standard.sgt,53608,817df604772452f644c569fe86162d954074869f75eeb1dd460df9f19ff355d4,Audio (DirectMusic),SOURCE_COMPLETE,Audio/index.html,
E:\cultures\vanilla-data\DataX\DM2\Mission_Franken1_Wealthy.sgt,49088,0dea52252ff45a16125eef8b3399b2087bc197790d2b5b2881529130a633f1a7,Audio (DirectMusic),SOURCE_COMPLETE,Audio/index.html,
E:\cultures\vanilla-data\DataX\DM2\Mission_Franken2_Danger.sgt,35552,fd8e8f172ecf08834a949ac79f56493fd3be4a0d9ab2bc73c4df6329df57d449,Audio (DirectMusic),SOURCE_COMPLETE,Audio/index.html,
E:\cultures\vanilla-data\DataX\DM2\Mission_Franken2_Standard.sgt,46248,d253228bda11c6452938b2edfbe8b3ba24fbd6279f7b92095ba42a2cec330702,Audio (DirectMusic),SOURCE_COMPLETE,Audio/index.html,
E:\cultures\vanilla-data\DataX\DM2\Mission_Franken2_Wealthy.sgt,44550,3e91bb6e09d6606c8b743c1086142217291d4d49898c284ecc5b35fff4375990,Audio (DirectMusic),SOURCE_COMPLETE,Audio/index.html,
E:\cultures\vanilla-data\DataX\DM2\Mission_Midgard1_Standard.sgt,71758,33352f5819abd323d42d33c42fb2d1bfeb617ba522957967eda537e7e8ba1168,Audio (DirectMusic),SOURCE_COMPLETE,Audio/index.html,
E:\cultures\vanilla-data\DataX\DM2\Mission_Midgard2_Standard.sgt,47644,bb7219937f44f4acbd8005dbf0182ee02028190af32897091a75259e52daf7cc,Audio (DirectMusic),SOURCE_COMPLETE,Audio/index.html,
E:\cultures\vanilla-data\DataX\DM2\Mission_Viking1_Danger.sgt,24926,e30a6dfa017ac1f4aba83635b100a68dc4d3b0a68004f7faafcbff456b482d9a,Audio (DirectMusic),SOURCE_COMPLETE,Audio/index.html,
E:\cultures\vanilla-data\DataX\DM2\Mission_Viking1_Standard.sgt,52614,3b8da096440eaf2a7da9f5bab93325d30b8cf58be93b4e296870763752b152a5,Audio (DirectMusic),SOURCE_COMPLETE,Audio/index.html,
E:\cultures\vanilla-data\DataX\DM2\Mission_Viking1_Wealthy.sgt,32066,72494270473ec023eda098ff0e544e637dff62e5f0c0460f398b2b7943996e57,Audio (DirectMusic),SOURCE_COMPLETE,Audio/index.html,
E:\cultures\vanilla-data\DataX\DM2\Theme_Arabs_Friendly.sgt,51472,94d214a561658835284eeb81a592bf66c0c8bf555b40d4835956ba4b88be217c,Audio (DirectMusic),SOURCE_COMPLETE,Audio/index.html,
E:\cultures\vanilla-data\DataX\DM2\Theme_Arabs_Hostile.sgt,23310,42c46128bc0c804e76a4204350bfce04e0629e4a41363ce41611c4981d1a0a68,Audio (DirectMusic),SOURCE_COMPLETE,Audio/index.html,
E:\cultures\vanilla-data\DataX\DM2\Theme_Arabs_Neutral.sgt,30732,46385b2b252ab7aecaa4103f3fb519680de6cdf29671fe01c4784f8f3d90ae53,Audio (DirectMusic),SOURCE_COMPLETE,Audio/index.html,
E:\cultures\vanilla-data\DataX\DM2\Theme_Byzanz_Friendly.sgt,114582,843dcc74362cc15d54af966904ef0a69b24ccfc8eefa1bcef9638f332a62a325,Audio (DirectMusic),SOURCE_COMPLETE,Audio/index.html,
E:\cultures\vanilla-data\DataX\DM2\Theme_Byzanz_Hostile.sgt,36910,3efbfbd84a5d65d6edba0c9f1b6d2b3460ab777daf1f885dbb1b8589bc8f7ac4,Audio (DirectMusic),SOURCE_COMPLETE,Audio/index.html,
E:\cultures\vanilla-data\DataX\DM2\Theme_Byzanz_Neutral.sgt,53682,f2b0af75f2bcbf2a4f32d9617e610cb19f04f6cf945990eb71346fccaf65cebe,Audio (DirectMusic),SOURCE_COMPLETE,Audio/index.html,
E:\cultures\vanilla-data\DataX\DM2\Theme_Franken_Friendly.sgt,39718,405c02feec5522634df9ffe244bedfe41988e68033983828eb0ec8395facc773,Audio (DirectMusic),SOURCE_COMPLETE,Audio/index.html,
E:\cultures\vanilla-data\DataX\DM2\Theme_Franken_Hostile.sgt,43072,886bbc7a189584e7a2531040e68752fcbc07dc006cc6fcf7da91b7d0b4ff0a0e,Audio (DirectMusic),SOURCE_COMPLETE,Audio/index.html,
E:\cultures\vanilla-data\DataX\DM2\Theme_Franken_Neutral.sgt,46590,f243ed5d8ce6245bad1b84b750ce32bb4697faea2be54018ae1684ef93a4ddcc,Audio (DirectMusic),SOURCE_COMPLETE,Audio/index.html,
E:\cultures\vanilla-data\DataX\DM2\Theme_Viking_Friendly.sgt,59138,6174cc41ba35255f94f140a5168542c2e811bf30ed02538ad0bad3b80e992481,Audio (DirectMusic),SOURCE_COMPLETE,Audio/index.html,
E:\cultures\vanilla-data\DataX\DM2\Theme_Viking_Hostile.sgt,45138,40597709fdfb8bf4d2abf998c28ee49bbd4e72e238f87c5d346f6973ed67119a,Audio (DirectMusic),SOURCE_COMPLETE,Audio/index.html,
E:\cultures\vanilla-data\DataX\DM2\Theme_Viking_Neutral.sgt,51862,8be5c593436587743dd6e2ebab489bc0b6ef373284997d66017d423e9eb953d3,Audio (DirectMusic),SOURCE_COMPLETE,Audio/index.html,
E:\cultures\vanilla-data\DataX\FMV\Eng\intro.mpg,14198788,c10076742d669a52b0bb2041f257000dfae18ead502207edbd1b552288b6d1c7,FMV,SOURCE_COMPLETE,FMV/index.html,
E:\cultures\vanilla-data\DataX\FMV\Eng\Seq_0000.mpg,12636164,02c6b15f6fb97346fdbd89d14c49b786837992d7af874994aa7b289ccef053b7,FMV,SOURCE_COMPLETE,FMV/index.html,
E:\cultures\vanilla-data\DataX\Libs\data0001.lib,255230793,238263d99db1ef55f69b1f2412ed9856887178bdb7a7f7f159725f0526c2626c,Archive container,SOURCE_COMPLETE,Catalogs/index.html,
E:\cultures\vanilla-data\DataX\Libs\t.dat,1,2d711642b726b04401627ca9fbac32f5c8530fb1903cc4db02258717921a4881,Other loose file,SOURCE_COMPLETE,Metadata/Evidence/index.html,not an asset: t.dat
E:\cultures\vanilla-data\DataX\Mouse\MouseNormal.cur,3318,669e9dac4f7f04a9b79c9982a8edf8d14760b664e6cbd9bdd62d62a713e87362,UI,SOURCE_COMPLETE,UI/Cursors/index.html,
E:\cultures\vanilla-data\DataX\Mouse\MousePressed.cur,3318,dfbfe623df5f8fc624445bbcd78b74a60cd438ba500220706e3d8460d7825e3d,UI,SOURCE_COMPLETE,UI/Cursors/index.html,
E:\cultures\vanilla-data\DataX\Mouse\MouseRight.cur,3318,3ce4dda813e159c9c4b875e436716e4a9f5f4860e8fcb113b8562ce593a899e9,UI,SOURCE_COMPLETE,UI/Cursors/index.html,
E:\cultures\vanilla-data\DataX\Pictures\post00.bmp,1440054,09287ca11fe30c338651a8f311c34bd0e8ac3c262fdae5a9c1cae70263d89f4d,UI,SOURCE_COMPLETE,UI/Images/index.html,
E:\cultures\vanilla-data\DataX\Pictures\pre00.bmp,1440054,284ebfbf10d9a8f68df3b958fff085aade706a9e8e22b9b869f2ac3c900b89d0,UI,SOURCE_COMPLETE,UI/Images/index.html,
