ENTRY_ID,ENTRY_NAME,SHA256,MAGIC,VERSION,FIELD_08,LINE_HEIGHT,STATUS,GLYPHS,OUTPUT,DUPLICATE_OF
14,data\maps\campaign_03_01\text\eng\briefings\fonts\font10.fnt,990374232cb409efbd6c749cabe40ebbeb0a494ab52c553aae22050e6f953cd9,0x3f5,0,116,10,DECODED,221,UI/Fonts/maps_campaign_03_01_text_eng_briefings_fonts/font10__index_data.png,
21,data\maps\multiplayer_203_special_militär\text\eng\briefings\fonts\font12.fnt,f31a73f4d36f92db2d66c1f66ef317c43c71634c60d2f472365fbac76c542963,0x3f5,0,116,12,DECODED,221,UI/Fonts/maps_multiplayer_203_special_militär_text_eng_briefings_fonts/font12__index_data.png,
30,data\maps\campaign_03_02\text\eng\briefings\fonts\font10.fnt,990374232cb409efbd6c749cabe40ebbeb0a494ab52c553aae22050e6f953cd9,,,,,DUPLICATE_OF,,,data\maps\campaign_03_01\text\eng\briefings\fonts\font10.fnt
42,data\maps\tutorial_001\text\eng\briefings\fonts\font_10.fnt,7af933506f9a154456aa7bc0fb93f9c195975d0714c06539eac0d25e3cc10086,0x3f5,0,116,10,DECODED,221,UI/Fonts/maps_tutorial_001_text_eng_briefings_fonts/font_10__index_data.png,
46,data\maps\campaign_03_01\text\eng\briefings\fonts\font12.fnt,f31a73f4d36f92db2d66c1f66ef317c43c71634c60d2f472365fbac76c542963,,,,,DUPLICATE_OF,,,data\maps\multiplayer_203_special_militär\text\eng\briefings\fonts\font12.fnt
47,data\maps\campaign_03_03\text\eng\briefings\fonts\font10.fnt,990374232cb409efbd6c749cabe40ebbeb0a494ab52c553aae22050e6f953cd9,,,,,DUPLICATE_OF,,,data\maps\campaign_03_01\text\eng\briefings\fonts\font10.fnt
62,data\maps\multiplayer_201_special_coop\text\eng\briefings\fonts\fonthead16bld.fnt,1de0bfa6b2e2ded55cc175d9e9c1b486d0f0ba9a50b77009f807422565df66bd,0x3f5,0,116,16,DECODED,221,UI/Fonts/maps_multiplayer_201_special_coop_text_eng_briefings_fonts/fonthead16bld__index_data.png,
64,data\maps\tutorial_002\text\eng\briefings\fonts\font_10.fnt,7af933506f9a154456aa7bc0fb93f9c195975d0714c06539eac0d25e3cc10086,,,,,DUPLICATE_OF,,,data\maps\tutorial_001\text\eng\briefings\fonts\font_10.fnt
71,data\maps\campaign_03_02\text\eng\briefings\fonts\font12.fnt,f31a73f4d36f92db2d66c1f66ef317c43c71634c60d2f472365fbac76c542963,,,,,DUPLICATE_OF,,,data\maps\multiplayer_203_special_militär\text\eng\briefings\fonts\font12.fnt
76,data\maps\campaign_03_04\text\eng\briefings\fonts\font10.fnt,990374232cb409efbd6c749cabe40ebbeb0a494ab52c553aae22050e6f953cd9,,,,,DUPLICATE_OF,,,data\maps\campaign_03_01\text\eng\briefings\fonts\font10.fnt
87,data\maps\tutorial_003\text\eng\briefings\fonts\font_10.fnt,7af933506f9a154456aa7bc0fb93f9c195975d0714c06539eac0d25e3cc10086,,,,,DUPLICATE_OF,,,data\maps\tutorial_001\text\eng\briefings\fonts\font_10.fnt
96,data\maps\campaign_03_03\text\eng\briefings\fonts\font12.fnt,f31a73f4d36f92db2d66c1f66ef317c43c71634c60d2f472365fbac76c542963,,,,,DUPLICATE_OF,,,data\maps\multiplayer_203_special_militär\text\eng\briefings\fonts\font12.fnt
99,data\maps\campaign_03_05\text\eng\briefings\fonts\font10.fnt,990374232cb409efbd6c749cabe40ebbeb0a494ab52c553aae22050e6f953cd9,,,,,DUPLICATE_OF,,,data\maps\campaign_03_01\text\eng\briefings\fonts\font10.fnt
108,data\maps\tutorial_004\text\eng\briefings\fonts\font_10.fnt,7af933506f9a154456aa7bc0fb93f9c195975d0714c06539eac0d25e3cc10086,,,,,DUPLICATE_OF,,,data\maps\tutorial_001\text\eng\briefings\fonts\font_10.fnt
119,data\maps\campaign_03_04\text\eng\briefings\fonts\font12.fnt,f31a73f4d36f92db2d66c1f66ef317c43c71634c60d2f472365fbac76c542963,,,,,DUPLICATE_OF,,,data\maps\multiplayer_203_special_militär\text\eng\briefings\fonts\font12.fnt
126,data\maps\campaign_03_06\text\eng\briefings\fonts\font10.fnt,990374232cb409efbd6c749cabe40ebbeb0a494ab52c553aae22050e6f953cd9,,,,,DUPLICATE_OF,,,data\maps\campaign_03_01\text\eng\briefings\fonts\font10.fnt
130,data\maps\tutorial_005\text\eng\briefings\fonts\font_10.fnt,7af933506f9a154456aa7bc0fb93f9c195975d0714c06539eac0d25e3cc10086,,,,,DUPLICATE_OF,,,data\maps\tutorial_001\text\eng\briefings\fonts\font_10.fnt
139,data\maps\campaign_03_05\text\eng\briefings\fonts\font12.fnt,f31a73f4d36f92db2d66c1f66ef317c43c71634c60d2f472365fbac76c542963,,,,,DUPLICATE_OF,,,data\maps\multiplayer_203_special_militär\text\eng\briefings\fonts\font12.fnt
149,data\maps\campaign_03_07\text\eng\briefings\fonts\font10.fnt,990374232cb409efbd6c749cabe40ebbeb0a494ab52c553aae22050e6f953cd9,,,,,DUPLICATE_OF,,,data\maps\campaign_03_01\text\eng\briefings\fonts\font10.fnt
151,data\maps\tutorial_006\text\eng\briefings\fonts\font_10.fnt,7af933506f9a154456aa7bc0fb93f9c195975d0714c06539eac0d25e3cc10086,,,,,DUPLICATE_OF,,,data\maps\tutorial_001\text\eng\briefings\fonts\font_10.fnt
167,data\maps\campaign_03_06\text\eng\briefings\fonts\font12.fnt,f31a73f4d36f92db2d66c1f66ef317c43c71634c60d2f472365fbac76c542963,,,,,DUPLICATE_OF,,,data\maps\multiplayer_203_special_militär\text\eng\briefings\fonts\font12.fnt
170,data\maps\campaign_03_08\text\eng\briefings\fonts\font10.fnt,990374232cb409efbd6c749cabe40ebbeb0a494ab52c553aae22050e6f953cd9,,,,,DUPLICATE_OF,,,data\maps\campaign_03_01\text\eng\briefings\fonts\font10.fnt
171,data\maps\tutorial_007\text\eng\briefings\fonts\font_10.fnt,7af933506f9a154456aa7bc0fb93f9c195975d0714c06539eac0d25e3cc10086,,,,,DUPLICATE_OF,,,data\maps\tutorial_001\text\eng\briefings\fonts\font_10.fnt
187,data\maps\campaign_03_07\text\eng\briefings\fonts\font12.fnt,f31a73f4d36f92db2d66c1f66ef317c43c71634c60d2f472365fbac76c542963,,,,,DUPLICATE_OF,,,data\maps\multiplayer_203_special_militär\text\eng\briefings\fonts\font12.fnt
201,data\maps\campaign_03_08\text\eng\briefings\fonts\font12.fnt,f31a73f4d36f92db2d66c1f66ef317c43c71634c60d2f472365fbac76c542963,,,,,DUPLICATE_OF,,,data\maps\multiplayer_203_special_militär\text\eng\briefings\fonts\font12.fnt
401,data\maps\multiplayer_02_06_ressourcen\text\eng\briefings\fonts\font10.fnt,990374232cb409efbd6c749cabe40ebbeb0a494ab52c553aae22050e6f953cd9,,,,,DUPLICATE_OF,,,data\maps\campaign_03_01\text\eng\briefings\fonts\font10.fnt
445,data\maps\demo_mainmenu_10\text\eng\briefings\fonts\fonthead16bld.fnt,1de0bfa6b2e2ded55cc175d9e9c1b486d0f0ba9a50b77009f807422565df66bd,,,,,DUPLICATE_OF,,,data\maps\multiplayer_201_special_coop\text\eng\briefings\fonts\fonthead16bld.fnt
446,data\maps\multiplayer_02_06_ressourcen\text\eng\briefings\fonts\font12.fnt,f31a73f4d36f92db2d66c1f66ef317c43c71634c60d2f472365fbac76c542963,,,,,DUPLICATE_OF,,,data\maps\multiplayer_203_special_militär\text\eng\briefings\fonts\font12.fnt
836,data\maps\multiplayer_202_special_millitär\text\eng\briefings\fonts\fonthead16bld.fnt,1de0bfa6b2e2ded55cc175d9e9c1b486d0f0ba9a50b77009f807422565df66bd,,,,,DUPLICATE_OF,,,data\maps\multiplayer_201_special_coop\text\eng\briefings\fonts\fonthead16bld.fnt
874,data\maps\multiplayer_201_special_coop\text\eng\briefings\fonts\font10.fnt,990374232cb409efbd6c749cabe40ebbeb0a494ab52c553aae22050e6f953cd9,,,,,DUPLICATE_OF,,,data\maps\campaign_03_01\text\eng\briefings\fonts\font10.fnt
884,data\maps\multiplayer_201_special_coop\text\eng\briefings\fonts\font12.fnt,f31a73f4d36f92db2d66c1f66ef317c43c71634c60d2f472365fbac76c542963,,,,,DUPLICATE_OF,,,data\maps\multiplayer_203_special_militär\text\eng\briefings\fonts\font12.fnt
926,data\maps\singleplayer_03_01-sub1\text\eng\briefings\fonts\fonthead16bld.fnt,1de0bfa6b2e2ded55cc175d9e9c1b486d0f0ba9a50b77009f807422565df66bd,,,,,DUPLICATE_OF,,,data\maps\multiplayer_201_special_coop\text\eng\briefings\fonts\fonthead16bld.fnt
927,data\text\eng\hypertext\history\fonts\fonthead16bld.fnt,1de0bfa6b2e2ded55cc175d9e9c1b486d0f0ba9a50b77009f807422565df66bd,,,,,DUPLICATE_OF,,,data\maps\multiplayer_201_special_coop\text\eng\briefings\fonts\fonthead16bld.fnt
972,data\text\eng\hypertext\ingamehelp\fonts\fonthead16bld.fnt,1de0bfa6b2e2ded55cc175d9e9c1b486d0f0ba9a50b77009f807422565df66bd,,,,,DUPLICATE_OF,,,data\maps\multiplayer_201_special_coop\text\eng\briefings\fonts\fonthead16bld.fnt
995,data\gui\fonts\fontdebug.fnt,471503b2bc94a1f521aaada7f081518cb9e658b3a93389738ad1de4a628cb941,0x3f5,0,116,8,DECODED,221,UI/Fonts/gui_fonts/fontdebug__index_data.png,
1012,data\text\eng\hypertext\credits\fonts\font10.fnt,e981184e865ebf5d1650ff0eaaf495f074b00170edd2a110085d1f0d70845df7,0x3f5,0,116,13,DECODED,221,UI/Fonts/text_eng_hypertext_credits_fonts/font10__index_data.png,
1074,data\maps\demo_mainmenu_10\text\eng\briefings\fonts\font10.fnt,990374232cb409efbd6c749cabe40ebbeb0a494ab52c553aae22050e6f953cd9,,,,,DUPLICATE_OF,,,data\maps\campaign_03_01\text\eng\briefings\fonts\font10.fnt
1100,data\maps\demo_mainmenu_10\text\eng\briefings\fonts\font12.fnt,f31a73f4d36f92db2d66c1f66ef317c43c71634c60d2f472365fbac76c542963,,,,,DUPLICATE_OF,,,data\maps\multiplayer_203_special_militär\text\eng\briefings\fonts\font12.fnt
1282,data\maps\multiplayer_202_special_millitär\text\eng\briefings\fonts\font10.fnt,990374232cb409efbd6c749cabe40ebbeb0a494ab52c553aae22050e6f953cd9,,,,,DUPLICATE_OF,,,data\maps\campaign_03_01\text\eng\briefings\fonts\font10.fnt
1306,data\maps\multiplayer_202_special_millitär\text\eng\briefings\fonts\font12.fnt,f31a73f4d36f92db2d66c1f66ef317c43c71634c60d2f472365fbac76c542963,,,,,DUPLICATE_OF,,,data\maps\multiplayer_203_special_militär\text\eng\briefings\fonts\font12.fnt
1315,data\maps\tutorial_001\text\eng\briefings\fonts\fonthead16bld.fnt,1de0bfa6b2e2ded55cc175d9e9c1b486d0f0ba9a50b77009f807422565df66bd,,,,,DUPLICATE_OF,,,data\maps\multiplayer_201_special_coop\text\eng\briefings\fonts\fonthead16bld.fnt
1324,data\maps\multiplayer_205_special_cap-the-cow\text\eng\briefings\fonts\fonthead16bld.fnt,1de0bfa6b2e2ded55cc175d9e9c1b486d0f0ba9a50b77009f807422565df66bd,,,,,DUPLICATE_OF,,,data\maps\multiplayer_201_special_coop\text\eng\briefings\fonts\fonthead16bld.fnt
1325,data\maps\tutorial_002\text\eng\briefings\fonts\fonthead16bld.fnt,1de0bfa6b2e2ded55cc175d9e9c1b486d0f0ba9a50b77009f807422565df66bd,,,,,DUPLICATE_OF,,,data\maps\multiplayer_201_special_coop\text\eng\briefings\fonts\fonthead16bld.fnt
1334,data\maps\tutorial_003\text\eng\briefings\fonts\fonthead16bld.fnt,1de0bfa6b2e2ded55cc175d9e9c1b486d0f0ba9a50b77009f807422565df66bd,,,,,DUPLICATE_OF,,,data\maps\multiplayer_201_special_coop\text\eng\briefings\fonts\fonthead16bld.fnt
1338,data\maps\tutorial_004\text\eng\briefings\fonts\fonthead16bld.fnt,1de0bfa6b2e2ded55cc175d9e9c1b486d0f0ba9a50b77009f807422565df66bd,,,,,DUPLICATE_OF,,,data\maps\multiplayer_201_special_coop\text\eng\briefings\fonts\fonthead16bld.fnt
1341,data\maps\tutorial_005\text\eng\briefings\fonts\fonthead16bld.fnt,1de0bfa6b2e2ded55cc175d9e9c1b486d0f0ba9a50b77009f807422565df66bd,,,,,DUPLICATE_OF,,,data\maps\multiplayer_201_special_coop\text\eng\briefings\fonts\fonthead16bld.fnt
1344,data\maps\tutorial_006\text\eng\briefings\fonts\fonthead16bld.fnt,1de0bfa6b2e2ded55cc175d9e9c1b486d0f0ba9a50b77009f807422565df66bd,,,,,DUPLICATE_OF,,,data\maps\multiplayer_201_special_coop\text\eng\briefings\fonts\fonthead16bld.fnt
1349,data\maps\tutorial_007\text\eng\briefings\fonts\fonthead16bld.fnt,1de0bfa6b2e2ded55cc175d9e9c1b486d0f0ba9a50b77009f807422565df66bd,,,,,DUPLICATE_OF,,,data\maps\multiplayer_201_special_coop\text\eng\briefings\fonts\fonthead16bld.fnt
1355,data\maps\campaign_03_01_sub\text\eng\briefings\fonts\fonthead16bld.fnt,1de0bfa6b2e2ded55cc175d9e9c1b486d0f0ba9a50b77009f807422565df66bd,,,,,DUPLICATE_OF,,,data\maps\multiplayer_201_special_coop\text\eng\briefings\fonts\fonthead16bld.fnt
1364,data\maps\campaign_03_02_sub\text\eng\briefings\fonts\fonthead16bld.fnt,1de0bfa6b2e2ded55cc175d9e9c1b486d0f0ba9a50b77009f807422565df66bd,,,,,DUPLICATE_OF,,,data\maps\multiplayer_201_special_coop\text\eng\briefings\fonts\fonthead16bld.fnt
1398,data\maps\singleplayer_03_01-sub1\text\eng\briefings\fonts\font10.fnt,990374232cb409efbd6c749cabe40ebbeb0a494ab52c553aae22050e6f953cd9,,,,,DUPLICATE_OF,,,data\maps\campaign_03_01\text\eng\briefings\fonts\font10.fnt
1400,data\text\eng\hypertext\history\fonts\font10.fnt,990374232cb409efbd6c749cabe40ebbeb0a494ab52c553aae22050e6f953cd9,,,,,DUPLICATE_OF,,,data\maps\campaign_03_01\text\eng\briefings\fonts\font10.fnt
1419,data\maps\singleplayer_03_01-sub1\text\eng\briefings\fonts\font12.fnt,f31a73f4d36f92db2d66c1f66ef317c43c71634c60d2f472365fbac76c542963,,,,,DUPLICATE_OF,,,data\maps\multiplayer_203_special_militär\text\eng\briefings\fonts\font12.fnt
1421,data\text\eng\hypertext\history\fonts\font12.fnt,f31a73f4d36f92db2d66c1f66ef317c43c71634c60d2f472365fbac76c542963,,,,,DUPLICATE_OF,,,data\maps\multiplayer_203_special_militär\text\eng\briefings\fonts\font12.fnt
1470,data\text\eng\hypertext\ingamehelp\fonts\font10.fnt,990374232cb409efbd6c749cabe40ebbeb0a494ab52c553aae22050e6f953cd9,,,,,DUPLICATE_OF,,,data\maps\campaign_03_01\text\eng\briefings\fonts\font10.fnt
1490,data\text\eng\hypertext\ingamehelp\fonts\font12.fnt,f31a73f4d36f92db2d66c1f66ef317c43c71634c60d2f472365fbac76c542963,,,,,DUPLICATE_OF,,,data\maps\multiplayer_203_special_militär\text\eng\briefings\fonts\font12.fnt
1694,data\maps\singleplayer_03_01\text\eng\briefings\fonts\fonthead16bld.fnt,1de0bfa6b2e2ded55cc175d9e9c1b486d0f0ba9a50b77009f807422565df66bd,,,,,DUPLICATE_OF,,,data\maps\multiplayer_201_special_coop\text\eng\briefings\fonts\fonthead16bld.fnt
1703,data\maps\singleplayer_03_02\text\eng\briefings\fonts\fonthead16bld.fnt,1de0bfa6b2e2ded55cc175d9e9c1b486d0f0ba9a50b77009f807422565df66bd,,,,,DUPLICATE_OF,,,data\maps\multiplayer_201_special_coop\text\eng\briefings\fonts\fonthead16bld.fnt
1711,data\maps\singleplayer_03_03\text\eng\briefings\fonts\fonthead16bld.fnt,1de0bfa6b2e2ded55cc175d9e9c1b486d0f0ba9a50b77009f807422565df66bd,,,,,DUPLICATE_OF,,,data\maps\multiplayer_201_special_coop\text\eng\briefings\fonts\fonthead16bld.fnt
1719,data\maps\singleplayer_03_04\text\eng\briefings\fonts\fonthead16bld.fnt,1de0bfa6b2e2ded55cc175d9e9c1b486d0f0ba9a50b77009f807422565df66bd,,,,,DUPLICATE_OF,,,data\maps\multiplayer_201_special_coop\text\eng\briefings\fonts\fonthead16bld.fnt
1729,data\maps\singleplayer_03_05\text\eng\briefings\fonts\fonthead16bld.fnt,1de0bfa6b2e2ded55cc175d9e9c1b486d0f0ba9a50b77009f807422565df66bd,,,,,DUPLICATE_OF,,,data\maps\multiplayer_201_special_coop\text\eng\briefings\fonts\fonthead16bld.fnt
1753,data\maps\tutorial_001\text\eng\briefings\fonts\font10.fnt,990374232cb409efbd6c749cabe40ebbeb0a494ab52c553aae22050e6f953cd9,,,,,DUPLICATE_OF,,,data\maps\campaign_03_01\text\eng\briefings\fonts\font10.fnt
1760,data\maps\multiplayer_205_special_cap-the-cow\text\eng\briefings\fonts\font10.fnt,990374232cb409efbd6c749cabe40ebbeb0a494ab52c553aae22050e6f953cd9,,,,,DUPLICATE_OF,,,data\maps\campaign_03_01\text\eng\briefings\fonts\font10.fnt
1762,data\maps\tutorial_002\text\eng\briefings\fonts\font10.fnt,990374232cb409efbd6c749cabe40ebbeb0a494ab52c553aae22050e6f953cd9,,,,,DUPLICATE_OF,,,data\maps\campaign_03_01\text\eng\briefings\fonts\font10.fnt
1771,data\maps\tutorial_001\text\eng\briefings\fonts\font12.fnt,f31a73f4d36f92db2d66c1f66ef317c43c71634c60d2f472365fbac76c542963,,,,,DUPLICATE_OF,,,data\maps\multiplayer_203_special_militär\text\eng\briefings\fonts\font12.fnt
1772,data\maps\tutorial_003\text\eng\briefings\fonts\font10.fnt,990374232cb409efbd6c749cabe40ebbeb0a494ab52c553aae22050e6f953cd9,,,,,DUPLICATE_OF,,,data\maps\campaign_03_01\text\eng\briefings\fonts\font10.fnt
1783,data\maps\multiplayer_205_special_cap-the-cow\text\eng\briefings\fonts\font12.fnt,f31a73f4d36f92db2d66c1f66ef317c43c71634c60d2f472365fbac76c542963,,,,,DUPLICATE_OF,,,data\maps\multiplayer_203_special_militär\text\eng\briefings\fonts\font12.fnt
1785,data\maps\tutorial_002\text\eng\briefings\fonts\font12.fnt,f31a73f4d36f92db2d66c1f66ef317c43c71634c60d2f472365fbac76c542963,,,,,DUPLICATE_OF,,,data\maps\multiplayer_203_special_militär\text\eng\briefings\fonts\font12.fnt
1786,data\maps\tutorial_004\text\eng\briefings\fonts\font10.fnt,990374232cb409efbd6c749cabe40ebbeb0a494ab52c553aae22050e6f953cd9,,,,,DUPLICATE_OF,,,data\maps\campaign_03_01\text\eng\briefings\fonts\font10.fnt
1794,data\maps\campaign_03_03_sub1\text\eng\briefings\fonts\fonthead16bld.fnt,1de0bfa6b2e2ded55cc175d9e9c1b486d0f0ba9a50b77009f807422565df66bd,,,,,DUPLICATE_OF,,,data\maps\multiplayer_201_special_coop\text\eng\briefings\fonts\fonthead16bld.fnt
1796,data\maps\tutorial_003\text\eng\briefings\fonts\font12.fnt,f31a73f4d36f92db2d66c1f66ef317c43c71634c60d2f472365fbac76c542963,,,,,DUPLICATE_OF,,,data\maps\multiplayer_203_special_militär\text\eng\briefings\fonts\font12.fnt
1797,data\maps\tutorial_005\text\eng\briefings\fonts\font10.fnt,990374232cb409efbd6c749cabe40ebbeb0a494ab52c553aae22050e6f953cd9,,,,,DUPLICATE_OF,,,data\maps\campaign_03_01\text\eng\briefings\fonts\font10.fnt
1804,data\maps\campaign_03_03_sub2\text\eng\briefings\fonts\fonthead16bld.fnt,1de0bfa6b2e2ded55cc175d9e9c1b486d0f0ba9a50b77009f807422565df66bd,,,,,DUPLICATE_OF,,,data\maps\multiplayer_201_special_coop\text\eng\briefings\fonts\fonthead16bld.fnt
1806,data\maps\tutorial_004\text\eng\briefings\fonts\font12.fnt,f31a73f4d36f92db2d66c1f66ef317c43c71634c60d2f472365fbac76c542963,,,,,DUPLICATE_OF,,,data\maps\multiplayer_203_special_militär\text\eng\briefings\fonts\font12.fnt
1807,data\maps\tutorial_006\text\eng\briefings\fonts\font10.fnt,990374232cb409efbd6c749cabe40ebbeb0a494ab52c553aae22050e6f953cd9,,,,,DUPLICATE_OF,,,data\maps\campaign_03_01\text\eng\briefings\fonts\font10.fnt
1817,data\maps\campaign_03_03_sub3\text\eng\briefings\fonts\fonthead16bld.fnt,1de0bfa6b2e2ded55cc175d9e9c1b486d0f0ba9a50b77009f807422565df66bd,,,,,DUPLICATE_OF,,,data\maps\multiplayer_201_special_coop\text\eng\briefings\fonts\fonthead16bld.fnt
1818,data\maps\campaign_03_05_sub1\text\eng\briefings\fonts\fonthead16bld.fnt,1de0bfa6b2e2ded55cc175d9e9c1b486d0f0ba9a50b77009f807422565df66bd,,,,,DUPLICATE_OF,,,data\maps\multiplayer_201_special_coop\text\eng\briefings\fonts\fonthead16bld.fnt
1819,data\maps\tutorial_005\text\eng\briefings\fonts\font12.fnt,f31a73f4d36f92db2d66c1f66ef317c43c71634c60d2f472365fbac76c542963,,,,,DUPLICATE_OF,,,data\maps\multiplayer_203_special_militär\text\eng\briefings\fonts\font12.fnt
1820,data\maps\tutorial_007\text\eng\briefings\fonts\font10.fnt,990374232cb409efbd6c749cabe40ebbeb0a494ab52c553aae22050e6f953cd9,,,,,DUPLICATE_OF,,,data\maps\campaign_03_01\text\eng\briefings\fonts\font10.fnt
1827,data\maps\campaign_03_01_sub\text\eng\briefings\fonts\font10.fnt,990374232cb409efbd6c749cabe40ebbeb0a494ab52c553aae22050e6f953cd9,,,,,DUPLICATE_OF,,,data\maps\campaign_03_01\text\eng\briefings\fonts\font10.fnt
1828,data\maps\campaign_03_05_sub2\text\eng\briefings\fonts\fonthead16bld.fnt,1de0bfa6b2e2ded55cc175d9e9c1b486d0f0ba9a50b77009f807422565df66bd,,,,,DUPLICATE_OF,,,data\maps\multiplayer_201_special_coop\text\eng\briefings\fonts\fonthead16bld.fnt
1829,data\maps\campaign_03_06_sub1\text\eng\briefings\fonts\fonthead16bld.fnt,1de0bfa6b2e2ded55cc175d9e9c1b486d0f0ba9a50b77009f807422565df66bd,,,,,DUPLICATE_OF,,,data\maps\multiplayer_201_special_coop\text\eng\briefings\fonts\fonthead16bld.fnt
1830,data\maps\tutorial_006\text\eng\briefings\fonts\font12.fnt,f31a73f4d36f92db2d66c1f66ef317c43c71634c60d2f472365fbac76c542963,,,,,DUPLICATE_OF,,,data\maps\multiplayer_203_special_militär\text\eng\briefings\fonts\font12.fnt
1840,data\gui\fonts\font10.fnt,21467c518c56a8a547872392a350ab49b612866c77d0856b42dd835e04ed3002,0x3f5,0,223,13,DECODED,224,UI/Fonts/gui_fonts/font10__index_data.png,
1841,data\maps\campaign_03_02_sub\text\eng\briefings\fonts\font10.fnt,990374232cb409efbd6c749cabe40ebbeb0a494ab52c553aae22050e6f953cd9,,,,,DUPLICATE_OF,,,data\maps\campaign_03_01\text\eng\briefings\fonts\font10.fnt
1842,data\maps\campaign_03_06_sub2\text\eng\briefings\fonts\fonthead16bld.fnt,1de0bfa6b2e2ded55cc175d9e9c1b486d0f0ba9a50b77009f807422565df66bd,,,,,DUPLICATE_OF,,,data\maps\multiplayer_201_special_coop\text\eng\briefings\fonts\fonthead16bld.fnt
1846,data\maps\tutorial_007\text\eng\briefings\fonts\font12.fnt,f31a73f4d36f92db2d66c1f66ef317c43c71634c60d2f472365fbac76c542963,,,,,DUPLICATE_OF,,,data\maps\multiplayer_203_special_militär\text\eng\briefings\fonts\font12.fnt
1849,data\maps\campaign_03_01_sub\text\eng\briefings\fonts\font12.fnt,f31a73f4d36f92db2d66c1f66ef317c43c71634c60d2f472365fbac76c542963,,,,,DUPLICATE_OF,,,data\maps\multiplayer_203_special_militär\text\eng\briefings\fonts\font12.fnt
1853,data\gui\fonts\font12.fnt,a8eaaf08aa98bf3f9e78f65d56d2302ce8dfaee8d85e639d53730c8bb0f6baf1,0x3f5,0,223,12,DECODED,224,UI/Fonts/gui_fonts/font12__index_data.png,
1854,data\maps\campaign_03_02_sub\text\eng\briefings\fonts\font12.fnt,f31a73f4d36f92db2d66c1f66ef317c43c71634c60d2f472365fbac76c542963,,,,,DUPLICATE_OF,,,data\maps\multiplayer_203_special_militär\text\eng\briefings\fonts\font12.fnt
1877,data\gui\fonts\font08.fnt,ceb9f497234c95a6b5e010a4c05f4273df329759b414eee5bcdd354ef0a9d41d,0x3f5,0,223,8,DECODED,224,UI/Fonts/gui_fonts/font08__index_data.png,
1944,data\maps\multiplayer_204_special_cap-the-flag\text\eng\briefings\fonts\fonthead16bld.fnt,1de0bfa6b2e2ded55cc175d9e9c1b486d0f0ba9a50b77009f807422565df66bd,,,,,DUPLICATE_OF,,,data\maps\multiplayer_201_special_coop\text\eng\briefings\fonts\fonthead16bld.fnt
2014,data\maps\multiplayer_203_special_militär\text\eng\briefings\fonts\fonthead16bld.fnt,1de0bfa6b2e2ded55cc175d9e9c1b486d0f0ba9a50b77009f807422565df66bd,,,,,DUPLICATE_OF,,,data\maps\multiplayer_201_special_coop\text\eng\briefings\fonts\fonthead16bld.fnt
2063,data\maps\campaign_03_01\text\eng\briefings\fonts\fonthead16bld.fnt,1de0bfa6b2e2ded55cc175d9e9c1b486d0f0ba9a50b77009f807422565df66bd,,,,,DUPLICATE_OF,,,data\maps\multiplayer_201_special_coop\text\eng\briefings\fonts\fonthead16bld.fnt
2091,data\maps\campaign_03_02\text\eng\briefings\fonts\fonthead16bld.fnt,1de0bfa6b2e2ded55cc175d9e9c1b486d0f0ba9a50b77009f807422565df66bd,,,,,DUPLICATE_OF,,,data\maps\multiplayer_201_special_coop\text\eng\briefings\fonts\fonthead16bld.fnt
2122,data\maps\campaign_03_03\text\eng\briefings\fonts\fonthead16bld.fnt,1de0bfa6b2e2ded55cc175d9e9c1b486d0f0ba9a50b77009f807422565df66bd,,,,,DUPLICATE_OF,,,data\maps\multiplayer_201_special_coop\text\eng\briefings\fonts\fonthead16bld.fnt
2156,data\maps\campaign_03_04\text\eng\briefings\fonts\fonthead16bld.fnt,1de0bfa6b2e2ded55cc175d9e9c1b486d0f0ba9a50b77009f807422565df66bd,,,,,DUPLICATE_OF,,,data\maps\multiplayer_201_special_coop\text\eng\briefings\fonts\fonthead16bld.fnt
2186,data\maps\campaign_03_05\text\eng\briefings\fonts\fonthead16bld.fnt,1de0bfa6b2e2ded55cc175d9e9c1b486d0f0ba9a50b77009f807422565df66bd,,,,,DUPLICATE_OF,,,data\maps\multiplayer_201_special_coop\text\eng\briefings\fonts\fonthead16bld.fnt
2213,data\maps\campaign_03_06\text\eng\briefings\fonts\fonthead16bld.fnt,1de0bfa6b2e2ded55cc175d9e9c1b486d0f0ba9a50b77009f807422565df66bd,,,,,DUPLICATE_OF,,,data\maps\multiplayer_201_special_coop\text\eng\briefings\fonts\fonthead16bld.fnt
2214,data\maps\singleplayer_03_01\text\eng\briefings\fonts\font10.fnt,990374232cb409efbd6c749cabe40ebbeb0a494ab52c553aae22050e6f953cd9,,,,,DUPLICATE_OF,,,data\maps\campaign_03_01\text\eng\briefings\fonts\font10.fnt
2243,data\maps\campaign_03_07\text\eng\briefings\fonts\fonthead16bld.fnt,1de0bfa6b2e2ded55cc175d9e9c1b486d0f0ba9a50b77009f807422565df66bd,,,,,DUPLICATE_OF,,,data\maps\multiplayer_201_special_coop\text\eng\briefings\fonts\fonthead16bld.fnt
2244,data\maps\singleplayer_03_02\text\eng\briefings\fonts\font10.fnt,990374232cb409efbd6c749cabe40ebbeb0a494ab52c553aae22050e6f953cd9,,,,,DUPLICATE_OF,,,data\maps\campaign_03_01\text\eng\briefings\fonts\font10.fnt
2266,data\maps\campaign_03_08\text\eng\briefings\fonts\fonthead16bld.fnt,1de0bfa6b2e2ded55cc175d9e9c1b486d0f0ba9a50b77009f807422565df66bd,,,,,DUPLICATE_OF,,,data\maps\multiplayer_201_special_coop\text\eng\briefings\fonts\fonthead16bld.fnt
2267,data\maps\singleplayer_03_01\text\eng\briefings\fonts\font12.fnt,f31a73f4d36f92db2d66c1f66ef317c43c71634c60d2f472365fbac76c542963,,,,,DUPLICATE_OF,,,data\maps\multiplayer_203_special_militär\text\eng\briefings\fonts\font12.fnt
2268,data\maps\singleplayer_03_03\text\eng\briefings\fonts\font10.fnt,990374232cb409efbd6c749cabe40ebbeb0a494ab52c553aae22050e6f953cd9,,,,,DUPLICATE_OF,,,data\maps\campaign_03_01\text\eng\briefings\fonts\font10.fnt
2287,data\maps\singleplayer_03_02\text\eng\briefings\fonts\font12.fnt,f31a73f4d36f92db2d66c1f66ef317c43c71634c60d2f472365fbac76c542963,,,,,DUPLICATE_OF,,,data\maps\multiplayer_203_special_militär\text\eng\briefings\fonts\font12.fnt
2288,data\maps\singleplayer_03_04\text\eng\briefings\fonts\font10.fnt,990374232cb409efbd6c749cabe40ebbeb0a494ab52c553aae22050e6f953cd9,,,,,DUPLICATE_OF,,,data\maps\campaign_03_01\text\eng\briefings\fonts\font10.fnt
2301,data\maps\singleplayer_03_03\text\eng\briefings\fonts\font12.fnt,f31a73f4d36f92db2d66c1f66ef317c43c71634c60d2f472365fbac76c542963,,,,,DUPLICATE_OF,,,data\maps\multiplayer_203_special_militär\text\eng\briefings\fonts\font12.fnt
2302,data\maps\singleplayer_03_05\text\eng\briefings\fonts\font10.fnt,990374232cb409efbd6c749cabe40ebbeb0a494ab52c553aae22050e6f953cd9,,,,,DUPLICATE_OF,,,data\maps\campaign_03_01\text\eng\briefings\fonts\font10.fnt
2316,data\maps\singleplayer_03_04\text\eng\briefings\fonts\font12.fnt,f31a73f4d36f92db2d66c1f66ef317c43c71634c60d2f472365fbac76c542963,,,,,DUPLICATE_OF,,,data\maps\multiplayer_203_special_militär\text\eng\briefings\fonts\font12.fnt
2329,data\maps\singleplayer_03_05\text\eng\briefings\fonts\font12.fnt,f31a73f4d36f92db2d66c1f66ef317c43c71634c60d2f472365fbac76c542963,,,,,DUPLICATE_OF,,,data\maps\multiplayer_203_special_militär\text\eng\briefings\fonts\font12.fnt
2378,data\maps\campaign_03_03_sub1\text\eng\briefings\fonts\font10.fnt,990374232cb409efbd6c749cabe40ebbeb0a494ab52c553aae22050e6f953cd9,,,,,DUPLICATE_OF,,,data\maps\campaign_03_01\text\eng\briefings\fonts\font10.fnt
2387,data\maps\campaign_03_03_sub2\text\eng\briefings\fonts\font10.fnt,990374232cb409efbd6c749cabe40ebbeb0a494ab52c553aae22050e6f953cd9,,,,,DUPLICATE_OF,,,data\maps\campaign_03_01\text\eng\briefings\fonts\font10.fnt
2396,data\maps\campaign_03_03_sub1\text\eng\briefings\fonts\font12.fnt,f31a73f4d36f92db2d66c1f66ef317c43c71634c60d2f472365fbac76c542963,,,,,DUPLICATE_OF,,,data\maps\multiplayer_203_special_militär\text\eng\briefings\fonts\font12.fnt
2397,data\maps\campaign_03_03_sub3\text\eng\briefings\fonts\font10.fnt,990374232cb409efbd6c749cabe40ebbeb0a494ab52c553aae22050e6f953cd9,,,,,DUPLICATE_OF,,,data\maps\campaign_03_01\text\eng\briefings\fonts\font10.fnt
2399,data\maps\campaign_03_05_sub1\text\eng\briefings\fonts\font10.fnt,990374232cb409efbd6c749cabe40ebbeb0a494ab52c553aae22050e6f953cd9,,,,,DUPLICATE_OF,,,data\maps\campaign_03_01\text\eng\briefings\fonts\font10.fnt
2406,data\maps\campaign_03_03_sub2\text\eng\briefings\fonts\font12.fnt,f31a73f4d36f92db2d66c1f66ef317c43c71634c60d2f472365fbac76c542963,,,,,DUPLICATE_OF,,,data\maps\multiplayer_203_special_militär\text\eng\briefings\fonts\font12.fnt
2408,data\maps\campaign_03_05_sub2\text\eng\briefings\fonts\font10.fnt,990374232cb409efbd6c749cabe40ebbeb0a494ab52c553aae22050e6f953cd9,,,,,DUPLICATE_OF,,,data\maps\campaign_03_01\text\eng\briefings\fonts\font10.fnt
2409,data\maps\campaign_03_06_sub1\text\eng\briefings\fonts\font10.fnt,990374232cb409efbd6c749cabe40ebbeb0a494ab52c553aae22050e6f953cd9,,,,,DUPLICATE_OF,,,data\maps\campaign_03_01\text\eng\briefings\fonts\font10.fnt
2419,data\maps\campaign_03_03_sub3\text\eng\briefings\fonts\font12.fnt,f31a73f4d36f92db2d66c1f66ef317c43c71634c60d2f472365fbac76c542963,,,,,DUPLICATE_OF,,,data\maps\multiplayer_203_special_militär\text\eng\briefings\fonts\font12.fnt
2420,data\maps\campaign_03_05_sub1\text\eng\briefings\fonts\font12.fnt,f31a73f4d36f92db2d66c1f66ef317c43c71634c60d2f472365fbac76c542963,,,,,DUPLICATE_OF,,,data\maps\multiplayer_203_special_militär\text\eng\briefings\fonts\font12.fnt
2422,data\maps\campaign_03_06_sub2\text\eng\briefings\fonts\font10.fnt,990374232cb409efbd6c749cabe40ebbeb0a494ab52c553aae22050e6f953cd9,,,,,DUPLICATE_OF,,,data\maps\campaign_03_01\text\eng\briefings\fonts\font10.fnt
2431,data\maps\campaign_03_05_sub2\text\eng\briefings\fonts\font12.fnt,f31a73f4d36f92db2d66c1f66ef317c43c71634c60d2f472365fbac76c542963,,,,,DUPLICATE_OF,,,data\maps\multiplayer_203_special_militär\text\eng\briefings\fonts\font12.fnt
2432,data\maps\campaign_03_06_sub1\text\eng\briefings\fonts\font12.fnt,f31a73f4d36f92db2d66c1f66ef317c43c71634c60d2f472365fbac76c542963,,,,,DUPLICATE_OF,,,data\maps\multiplayer_203_special_militär\text\eng\briefings\fonts\font12.fnt
2438,data\maps\campaign_03_06_sub2\text\eng\briefings\fonts\font12.fnt,f31a73f4d36f92db2d66c1f66ef317c43c71634c60d2f472365fbac76c542963,,,,,DUPLICATE_OF,,,data\maps\multiplayer_203_special_militär\text\eng\briefings\fonts\font12.fnt
2517,data\maps\multiplayer_02_06_ressourcen\text\eng\briefings\fonts\fonthead16bld.fnt,1de0bfa6b2e2ded55cc175d9e9c1b486d0f0ba9a50b77009f807422565df66bd,,,,,DUPLICATE_OF,,,data\maps\multiplayer_201_special_coop\text\eng\briefings\fonts\fonthead16bld.fnt
2546,data\maps\multiplayer_204_special_cap-the-flag\text\eng\briefings\fonts\font10.fnt,990374232cb409efbd6c749cabe40ebbeb0a494ab52c553aae22050e6f953cd9,,,,,DUPLICATE_OF,,,data\maps\campaign_03_01\text\eng\briefings\fonts\font10.fnt
2567,data\maps\multiplayer_204_special_cap-the-flag\text\eng\briefings\fonts\font12.fnt,f31a73f4d36f92db2d66c1f66ef317c43c71634c60d2f472365fbac76c542963,,,,,DUPLICATE_OF,,,data\maps\multiplayer_203_special_militär\text\eng\briefings\fonts\font12.fnt
2686,data\maps\multiplayer_203_special_militär\text\eng\briefings\fonts\font10.fnt,990374232cb409efbd6c749cabe40ebbeb0a494ab52c553aae22050e6f953cd9,,,,,DUPLICATE_OF,,,data\maps\campaign_03_01\text\eng\briefings\fonts\font10.fnt
