GOOD_ID,NATIVE_NAME,ENGLISH,LANDSCAPE_TYPE,GFX_LANDSCAPE,GFX_LANDSCAPE_NAME,PILE_VALENCIES,ICON_BOB,ICON_PATH,BMD,PALETTE,CARRIED_ANIMATIONS,CARRIED_TRIBES,HUMAN_RANDOM_PALETTE,PRODUCED_IN_HOUSE,PRODUCTION_INPUTS,PRODUCERS,ALLOWED_TRIBES,WEAPON_TYPE,ARMOR_TYPE,OWNERSHIP,CONFIDENCE,METADATA
1,water,Water,3,175,water pile 01,"[5, 4, 3, 2, 1]",25,Shared/Goods/good_01_water/piles/175_water_pile_01/bob_000025.png,data\engine2d\bin\bobs\ls_goods.bmd,"[""goods_water""]",84,[1],good_water,1,[],"{""1"": [null], ""2"": [null], ""4"": [null], ""3"": [null], ""7"": [null]}","[1, 2, 4, 3, 7]",,,SHARED,SOURCE_COMPLETE,Shared/Goods/good_01_water/metadata.json
2,mud,Clay,14,173,clay pile 01,"[5, 4, 3, 2, 1]",10,Shared/Goods/good_02_mud/piles/173_clay_pile_01/bob_000010.png,data\engine2d\bin\bobs\ls_goods.bmd,"[""goods_clay""]",345,"[1, 2, 3, 4, 7]",good_clay,0,[],{},"[1, 2, 4, 3, 7]",,,SHARED,SOURCE_COMPLETE,Shared/Goods/good_02_mud/metadata.json
3,stone,Quarrystone,17,180,stone pile 01,"[5, 4, 3, 2, 1]",15,Shared/Goods/good_03_stone/piles/180_stone_pile_01/bob_000015.png,data\engine2d\bin\bobs\ls_goods.bmd,"[""goods_stone""]",345,"[1, 2, 3, 4, 7]",good_stone,0,[],{},"[1, 2, 4, 3, 7]",,,SHARED,SOURCE_COMPLETE,Shared/Goods/good_03_stone/metadata.json
4,wheat,Wheat,29,179,wheat pile 01,"[5, 4, 3, 2, 1]",5,Shared/Goods/good_04_wheat/piles/179_wheat_pile_01/bob_000005.png,data\engine2d\bin\bobs\ls_goods.bmd,"[""goods_wheat""]",345,"[1, 2, 3, 4, 7]",good_wheat,0,[],"{""1"": [null], ""2"": [null], ""4"": [null], ""3"": [null], ""7"": [null]}","[1, 2, 4, 3, 7]",,,SHARED,SOURCE_COMPLETE,Shared/Goods/good_04_wheat/metadata.json
5,wood,Wood,7,172,wood pile 01,"[5, 4, 3, 2, 1]",0,Shared/Goods/good_05_wood/piles/172_wood_pile_01/bob_000000.png,data\engine2d\bin\bobs\ls_goods.bmd,"[""goods_wood""]",345,"[1, 2, 3, 4, 7]",good_wood,0,[],{},"[1, 2, 4, 3, 7]",,,SHARED,SOURCE_COMPLETE,Shared/Goods/good_05_wood/metadata.json
6,iron,Iron,20,178,iron pile 01,"[5, 4, 3, 2, 1]",20,Shared/Goods/good_06_iron/piles/178_iron_pile_01/bob_000020.png,data\engine2d\bin\bobs\ls_goods.bmd,"[""goods_iron""]",345,"[1, 2, 3, 4, 7]",good_iron,0,[],{},"[1, 2, 4, 3, 7]",,,SHARED,SOURCE_COMPLETE,Shared/Goods/good_06_iron/metadata.json
7,gold,Gold,23,177,gold pile 01,"[5, 4, 3, 2, 1]",20,Shared/Goods/good_07_gold/piles/177_gold_pile_01/bob_000020.png,data\engine2d\bin\bobs\ls_goods.bmd,"[""goods_gold""]",345,"[1, 2, 3, 4, 7]",good_gold,0,[],{},"[1, 2, 4, 3, 7]",,,SHARED,SOURCE_COMPLETE,Shared/Goods/good_07_gold/metadata.json
8,coin,Coin,24,185,coin pile 01,"[5, 4, 3, 2, 1]",135,Shared/Goods/good_08_coin/piles/185_coin_pile_01/bob_000135.png,data\engine2d\bin\bobs\ls_goods.bmd,"[""gold01""]",84,[1],,1,"[[5, 7]]","{""1"": [null], ""2"": [null], ""4"": [null], ""3"": [null], ""7"": [null]}","[1, 2, 4, 3, 7]",,,SHARED,SOURCE_COMPLETE,Shared/Goods/good_08_coin/metadata.json
9,leather,Leather,25,188,leather pile 01,"[5, 4, 3, 2, 1]",75,Shared/Goods/good_09_leather/piles/188_leather_pile_01/bob_000075.png,data\engine2d\bin\bobs\ls_goods.bmd,"[""goods_leather""]",345,"[1, 2, 3, 4, 7]",good_leather,1,[[58]],{},"[1, 2, 4, 3, 7]",,,SHARED,SOURCE_COMPLETE,Shared/Goods/good_09_leather/metadata.json
10,wool,Wool,26,189,wool pile 01,"[5, 4, 3, 2, 1]",45,Shared/Goods/good_10_wool/piles/189_wool_pile_01/bob_000045.png,data\engine2d\bin\bobs\ls_goods.bmd,"[""goods01""]",84,[1],good_wool,1,[[57]],{},"[1, 2, 4, 3, 7]",,,SHARED,SOURCE_COMPLETE,Shared/Goods/good_10_wool/metadata.json
11,flour,Flour,30,184,flour pile 01,"[5, 4, 3, 2, 1]",45,Shared/Goods/good_11_flour/piles/184_flour_pile_01/bob_000045.png,data\engine2d\bin\bobs\ls_goods.bmd,"[""goods_wood""]",345,"[1, 2, 3, 4, 7]",good_flour,1,[[4]],"{""1"": [null], ""2"": [null], ""4"": [null], ""3"": [null], ""7"": [null]}","[1, 2, 4, 3, 7]",,,SHARED,SOURCE_COMPLETE,Shared/Goods/good_11_flour/metadata.json
12,honey,Honey,32,191,honey pile 01,"[5, 4, 3, 2, 1]",40,Shared/Goods/good_12_honey/piles/191_honey_pile_01/bob_000040.png,data\engine2d\bin\bobs\ls_goods.bmd,"[""goods_wheat""]",84,[1],good_honey,1,[],"{""1"": [null], ""2"": [null], ""4"": [null], ""3"": [null], ""7"": [null]}","[1, 2, 4, 3, 7]",,,SHARED,SOURCE_COMPLETE,Shared/Goods/good_12_honey/metadata.json
13,herb,Herb,35,192,herb pile 01,"[5, 4, 3, 2, 1]",5,Shared/Goods/good_13_herb/piles/192_herb_pile_01/bob_000005.png,data\engine2d\bin\bobs\ls_goods.bmd,"[""herbs01""]",84,[1],good_herb,0,[],"{""1"": [null], ""2"": [null], ""4"": [null], ""3"": [null], ""7"": [null]}","[1, 2, 4, 3, 7]",,,SHARED,SOURCE_COMPLETE,Shared/Goods/good_13_herb/metadata.json
14,mushroom,Mushroom,37,194,mushroom pile 01,"[5, 4, 3, 2, 1]",120,Shared/Goods/good_14_mushroom/piles/194_mushroom_pile_01/bob_000120.png,data\engine2d\bin\bobs\ls_goods.bmd,"[""flower01""]",84,[1],good_mushroom,0,[],{},"[1, 2, 4, 3, 7]",,,SHARED,SOURCE_COMPLETE,Shared/Goods/good_14_mushroom/metadata.json
15,holy_oil,Oil,38,183,incense pile 01,"[5, 4, 3, 2, 1]",40,Shared/Goods/good_15_holy_oil/piles/183_incense_pile_01/bob_000040.png,data\engine2d\bin\bobs\ls_goods.bmd,"[""goods_incense""]",91,"[1, 2, 3, 4, 7]",good_holyoil,1,[[14]],"{""1"": [null], ""2"": [null], ""4"": [null], ""3"": [null], ""7"": [null]}","[1, 2, 4, 3, 7]",,,SHARED,SOURCE_COMPLETE,Shared/Goods/good_15_holy_oil/metadata.json
16,food_simple,Food,39,171,food simple pile 01,"[5, 4, 3, 2, 1]",80,Shared/Goods/good_16_food_simple/piles/171_food_simple_pile_01/bob_000080.png,data\engine2d\bin\bobs\ls_goods.bmd,"[""goods_food""]",352,"[1, 2, 3, 4, 7]",good_food_simple,1,[],{},"[1, 2, 4, 3, 7, 5, 6]",,,SHARED,SOURCE_COMPLETE,Shared/Goods/good_16_food_simple/metadata.json
17,food_extra,Cake,40,198,food extra pile 01,"[5, 4, 3, 2, 1]",120,Shared/Goods/good_20_candy/piles/193_candy_pile_01/bob_000120.png,data\engine2d\bin\bobs\ls_goods.bmd,"[""goods_bow""]",352,"[1, 2, 3, 4, 7]",good_food_simple,1,[],{},"[1, 2, 4, 3, 7, 5, 6]",,,SHARED,SOURCE_COMPLETE,Shared/Goods/good_17_food_extra/metadata.json
18,fruit,Fruit,41,221,fruit pile 01,"[5, 4, 3, 2, 1]",85,Shared/Goods/good_19_bread/piles/195_bread_pile_01/bob_000085.png,data\engine2d\bin\bobs\ls_goods.bmd,"[""goods_bread""]",0,[],,0,[],{},[],,,SHARED,SOURCE_COMPLETE,Shared/Goods/good_18_fruit/metadata.json
19,bread,Bread,42,195,bread pile 01,"[5, 4, 3, 2, 1]",85,Shared/Goods/good_19_bread/piles/195_bread_pile_01/bob_000085.png,data\engine2d\bin\bobs\ls_goods.bmd,"[""goods_bread""]",91,"[1, 2, 3, 4, 7]",good_tile,1,"[[11, 1]]","{""1"": [null], ""2"": [null], ""4"": [null], ""3"": [null], ""7"": [null]}","[1, 2, 4, 3, 7, 5, 6]",,,SHARED,SOURCE_COMPLETE,Shared/Goods/good_19_bread/metadata.json
20,candy,Cake,43,193,candy pile 01,"[5, 4, 3, 2, 1]",120,Shared/Goods/good_20_candy/piles/193_candy_pile_01/bob_000120.png,data\engine2d\bin\bobs\ls_goods.bmd,"[""goods_bow""]",86,[1],good_tile,1,"[[11, 1, 12]]","{""1"": [null], ""2"": [null], ""4"": [null], ""3"": [null], ""7"": [null]}","[1, 2, 4, 3, 7, 5, 6]",,,SHARED,SOURCE_COMPLETE,Shared/Goods/good_20_candy/metadata.json
21,meat,Meat,44,215,meat pile 01,"[5, 4, 3, 2, 1]",130,Shared/Goods/good_21_meat/piles/215_meat_pile_01/bob_000130.png,data\engine2d\bin\bobs\ls_goods.bmd,"[""goods_crockery""]",352,"[1, 2, 3, 4, 7]",good_honey,1,[],{},"[1, 2, 4, 3, 7, 5, 6]",,,SHARED,SOURCE_COMPLETE,Shared/Goods/good_21_meat/metadata.json
22,fish,Fish,45,217,fish pile 01,"[5, 4, 3, 2, 1]",20,Shared/Goods/good_07_gold/piles/177_gold_pile_01/bob_000020.png,data\engine2d\bin\bobs\ls_goods.bmd,"[""goods_gold""]",84,[1],,1,[],{},"[1, 2, 4, 3, 7, 5, 6]",,,SHARED,SOURCE_COMPLETE,Shared/Goods/good_22_fish/metadata.json
23,sausage,Sausage,46,216,sausage pile 01,"[5, 4, 3, 2, 1]",20,Shared/Goods/good_07_gold/piles/177_gold_pile_01/bob_000020.png,data\engine2d\bin\bobs\ls_goods.bmd,"[""goods_gold""]",0,[],,1,[[21]],{},[],,,SHARED,SOURCE_COMPLETE,Shared/Goods/good_23_sausage/metadata.json
24,brick,Brick,50,202,brick pile 01,"[5, 4, 3, 2, 1]",50,Shared/Goods/good_24_brick/piles/202_brick_pile_01/bob_000050.png,data\engine2d\bin\bobs\ls_goods.bmd,"[""goods_clay""]",345,"[1, 2, 3, 4, 7]",good_brick,1,"[[2, 5]]","{""1"": [null], ""2"": [null], ""4"": [null], ""3"": [null], ""7"": [null]}","[1, 2, 4, 3, 7]",,,SHARED,SOURCE_COMPLETE,Shared/Goods/good_24_brick/metadata.json
25,tile,Tile,51,201,tiles pile 01,"[5, 4, 3, 2, 1]",55,Shared/Goods/good_25_tile/piles/201_tiles_pile_01/bob_000055.png,data\engine2d\bin\bobs\ls_goods.bmd,"[""goods_clay""]",345,"[1, 2, 3, 4, 7]",good_tile,1,"[[2, 5, 2]]","{""1"": [null], ""2"": [null], ""4"": [null], ""3"": [null], ""7"": [null]}","[1, 2, 4, 3, 7]",,,SHARED,SOURCE_COMPLETE,Shared/Goods/good_25_tile/metadata.json
26,pillar,Stone,52,218,pillar pile 01,"[5, 4, 3, 2, 1]",50,Shared/Goods/good_26_pillar/piles/218_pillar_pile_01/bob_000050.png,data\engine2d\bin\bobs\ls_goods.bmd,"[""goods_stone""]",345,"[1, 2, 3, 4, 7]",good_pillar,1,[[3]],"{""1"": [null], ""2"": [null], ""4"": [null], ""3"": [null], ""7"": [null]}","[1, 2, 4, 3, 7]",,,SHARED,SOURCE_COMPLETE,Shared/Goods/good_26_pillar/metadata.json
27,ornament,Marble,53,219,ornament pile 01,"[5, 4, 3, 2, 1]",60,Shared/Goods/good_27_ornament/piles/219_ornament_pile_01/bob_000060.png,data\engine2d\bin\bobs\ls_goods.bmd,"[""goods_stone""]",84,[1],good_ornament,1,"[[3, 3]]","{""1"": [null], ""2"": [null], ""4"": [null], ""3"": [null], ""7"": [null]}","[1, 2, 4, 3, 7]",,,SHARED,SOURCE_COMPLETE,Shared/Goods/good_27_ornament/metadata.json
28,crockery,Crockery,54,182,crockery pile 01,"[5, 4, 3, 2, 1]",35,Shared/Goods/good_28_crockery/piles/182_crockery_pile_01/bob_000035.png,data\engine2d\bin\bobs\ls_goods.bmd,"[""goods_crockery""]",150,"[1, 2, 3, 4, 7]",good_crockery,1,"[[2, 5, 5]]","{""1"": [null], ""2"": [null], ""4"": [null], ""3"": [null], ""7"": [null]}","[1, 2, 4, 3, 7]",,,SHARED,SOURCE_COMPLETE,Shared/Goods/good_28_crockery/metadata.json
29,furniture,Furniture,55,181,furniture pile 01,"[5, 4, 3, 2, 1]",30,Shared/Goods/good_29_furniture/piles/181_furniture_pile_01/bob_000030.png,data\engine2d\bin\bobs\ls_goods.bmd,"[""goods_furniture""]",352,"[1, 2, 3, 4, 7]",good_furniture,1,"[[5, 5]]","{""1"": [null], ""2"": [null], ""4"": [null], ""3"": [null], ""7"": [null]}","[1, 2, 4, 3, 7]",,,SHARED,SOURCE_COMPLETE,Shared/Goods/good_29_furniture/metadata.json
30,shoes,Shoes,56,203,shoes pile 01,"[5, 4, 3, 2, 1]",90,Shared/Goods/good_30_shoes/piles/203_shoes_pile_01/bob_000090.png,data\engine2d\bin\bobs\ls_goods.bmd,"[""goods_shoes""]",84,[1],good_tile,1,[[9]],"{""1"": [null], ""2"": [null], ""4"": [null], ""3"": [null], ""7"": [null]}","[1, 2, 4, 3, 7]",,,SHARED,SOURCE_COMPLETE,Shared/Goods/good_30_shoes/metadata.json
31,tool_wooden,Wooden Tool,48,199,tool_wooden pile 01,"[5, 4, 3, 2, 1]",70,Shared/Goods/good_31_tool_wooden/piles/199_tool_wooden_pile_01/bob_000070.png,data\engine2d\bin\bobs\ls_goods.bmd,"[""goods_clay""]",84,[1],good_tools_wooden,1,[[5]],"{""1"": [null], ""2"": [null], ""4"": [null], ""3"": [null], ""7"": [null]}","[1, 2, 4, 3, 7]",,,SHARED,SOURCE_COMPLETE,Shared/Goods/good_31_tool_wooden/metadata.json
32,tool_iron,Iron Tool,49,200,tool_iron pile 01,"[5, 4, 3, 2, 1]",70,Shared/Goods/good_32_tool_iron/piles/200_tool_iron_pile_01/bob_000070.png,data\engine2d\bin\bobs\ls_goods.bmd,"[""goods_furniture""]",84,[1],good_tools_iron,1,"[[5, 6]]","{""1"": [null], ""2"": [null], ""4"": [null], ""3"": [null], ""7"": [null]}","[1, 2, 4, 3, 7]",,,SHARED,SOURCE_COMPLETE,Shared/Goods/good_32_tool_iron/metadata.json
33,armor_wool,Tunic,57,204,armor_wool pile 01,"[5, 4, 3, 2, 1]",140,Shared/Goods/good_33_armor_wool/piles/204_armor_wool_pile_01/bob_000140.png,data\engine2d\bin\bobs\ls_goods.bmd,"[""house_saracen01""]",84,[1],,1,[[10]],"{""1"": [null], ""2"": [null], ""4"": [null], ""3"": [null], ""7"": [null]}","[1, 2, 4, 3, 7, 5, 6]",,1,SHARED,SOURCE_COMPLETE,Shared/Goods/good_33_armor_wool/metadata.json
34,armor_leather,Leather Armour,58,205,armor_leather pile 01,"[5, 4, 3, 2, 1]",140,Shared/Goods/good_34_armor_leather/piles/205_armor_leather_pile_01/bob_000140.png,data\engine2d\bin\bobs\ls_goods.bmd,"[""goods_bread""]",84,[1],,1,"[[9, 9]]","{""1"": [null], ""2"": [null], ""4"": [null], ""3"": [null], ""7"": [null]}","[1, 2, 4, 3, 7, 5, 6]",,2,SHARED,SOURCE_COMPLETE,Shared/Goods/good_34_armor_leather/metadata.json
35,armor_chain,Chain Mail,59,206,armor_chain pile 01,"[5, 4, 3, 2, 1]",140,Shared/Goods/good_35_armor_chain/piles/206_armor_chain_pile_01/bob_000140.png,data\engine2d\bin\bobs\ls_goods.bmd,"[""goods_stone""]",84,[1],,1,"[[5, 6, 6]]","{""1"": [null], ""2"": [null], ""4"": [null], ""3"": [null], ""7"": [null]}","[1, 2, 4, 3, 7, 5, 6]",,3,SHARED,SOURCE_COMPLETE,Shared/Goods/good_35_armor_chain/metadata.json
36,armor_plate,Plate Armour,60,207,armor_plate pile 01,"[5, 4, 3, 2, 1]",140,Shared/Goods/good_36_armor_plate/piles/207_armor_plate_pile_01/bob_000140.png,data\engine2d\bin\bobs\ls_goods.bmd,"[""clay01""]",84,[1],,1,"[[5, 5, 6, 6, 6]]","{""1"": [null], ""2"": [null], ""4"": [null], ""3"": [null], ""7"": [null]}","[1, 2, 4, 3, 7, 5, 6]",,4,SHARED,SOURCE_COMPLETE,Shared/Goods/good_36_armor_plate/metadata.json
37,bow_short,Short Bow,61,208,bow_short pile 01,"[5, 4, 3, 2, 1]",105,Shared/Goods/good_37_bow_short/piles/208_bow_short_pile_01/bob_000105.png,data\engine2d\bin\bobs\ls_goods.bmd,"[""goods_bow""]",84,[1],good_bow,1,[[5]],"{""1"": [null], ""2"": [null], ""4"": [null], ""3"": [null], ""7"": [null]}","[1, 4, 7, 5, 6]",16,,SHARED,SOURCE_COMPLETE,Shared/Goods/good_37_bow_short/metadata.json
38,bow_long,Longbow,62,209,bow_long pile 01,"[5, 4, 3, 2, 1]",110,Shared/Goods/good_38_bow_long/piles/209_bow_long_pile_01/bob_000110.png,data\engine2d\bin\bobs\ls_goods.bmd,"[""goods_bow""]",84,[1],good_bow,1,"[[5, 5]]","{""1"": [null], ""2"": [null], ""4"": [null], ""3"": [null], ""7"": [null]}","[1, 2, 3, 5, 6]",17,,SHARED,SOURCE_COMPLETE,Shared/Goods/good_38_bow_long/metadata.json
39,spear_wooden,Wooden Spear,63,210,spear_wooden pile 01,"[5, 4, 3, 2, 1]",115,Shared/Goods/good_39_spear_wooden/piles/210_spear_wooden_pile_01/bob_000115.png,data\engine2d\bin\bobs\ls_goods.bmd,"[""goods_spear_wooden""]",84,[1],good_bow,1,"[[5, 5]]","{""1"": [null], ""2"": [null], ""4"": [null], ""3"": [null], ""7"": [null]}","[1, 5, 6]",4,,SHARED,SOURCE_COMPLETE,Shared/Goods/good_39_spear_wooden/metadata.json
40,spear_iron,Iron Spear,64,212,spear_iron pile 01,"[5, 4, 3, 2, 1]",115,Shared/Goods/good_40_spear_iron/piles/212_spear_iron_pile_01/bob_000115.png,data\engine2d\bin\bobs\ls_goods.bmd,"[""goods_spear_iron""]",84,[1],good_iron,1,"[[39, 6]]","{""1"": [null], ""2"": [null], ""4"": [null], ""3"": [null], ""7"": [null]}","[1, 4, 3, 7, 5, 6]",5,,SHARED,SOURCE_COMPLETE,Shared/Goods/good_40_spear_iron/metadata.json
41,sword_shord,Shortsword,65,211,sword_short pile 01,"[5, 4, 3, 2, 1]",95,Shared/Goods/good_41_sword_shord/piles/211_sword_short_pile_01/bob_000095.png,data\engine2d\bin\bobs\ls_goods.bmd,"[""goods_sword""]",84,[1],good_bow,1,"[[5, 6]]","{""1"": [null], ""2"": [null], ""4"": [null], ""3"": [null], ""7"": [null]}","[1, 2, 4, 5, 6]",7,,SHARED,SOURCE_COMPLETE,Shared/Goods/good_41_sword_shord/metadata.json
42,sword_long,Longsword,66,213,sword_long pile 01,"[5, 4, 3, 2, 1]",100,Shared/Goods/good_42_sword_long/piles/213_sword_long_pile_01/bob_000100.png,data\engine2d\bin\bobs\ls_goods.bmd,"[""goods_longsword""]",84,[1],good_bow,1,"[[5, 6, 6]]","{""1"": [null], ""2"": [null], ""4"": [null], ""3"": [null], ""7"": [null]}","[1, 2, 3, 7, 5, 6]",8,,SHARED,SOURCE_COMPLETE,Shared/Goods/good_42_sword_long/metadata.json
43,mead,Mead,47,197,mead pile 01,"[5, 4, 3, 2, 1]",125,Shared/Goods/good_43_mead/piles/197_mead_pile_01/bob_000125.png,data\engine2d\bin\bobs\ls_goods.bmd,"[""goods_spear_wooden""]",91,"[1, 2, 3, 4, 7]",,1,"[[1, 12]]","{""1"": [null], ""2"": [null], ""4"": [null], ""3"": [null], ""7"": [null]}","[1, 2, 4, 3, 7, 5, 6]",,,SHARED,SOURCE_COMPLETE,Shared/Goods/good_43_mead/metadata.json
44,potion_food_small,S Nourishing Potion,67,223,potion food small,"[5, 4, 3, 2, 1]",125,Shared/Goods/good_44_potion_food_small/piles/223_potion_food_small/bob_000125.png,data\engine2d\bin\bobs\ls_goods.bmd,"[""flower01""]",84,[1],,1,"[[1, 14, 13, 8]]","{""1"": [null], ""2"": [null], ""4"": [null], ""3"": [null], ""7"": [null]}","[1, 2, 4, 3, 7]",,,SHARED,SOURCE_COMPLETE,Shared/Goods/good_44_potion_food_small/metadata.json
45,potion_food_big,L Nourishing Potion,68,224,potion food big,"[5, 4, 3, 2, 1]",145,Shared/Goods/good_45_potion_food_big/piles/224_potion_food_big/bob_000145.png,data\engine2d\bin\bobs\ls_goods.bmd,"[""flower01""]",84,[1],,1,"[[1, 1, 14, 14, 13, 13, 8, 8]]","{""1"": [null], ""2"": [null], ""4"": [null], ""3"": [null], ""7"": [null]}","[1, 2, 4, 3, 7]",,,SHARED,SOURCE_COMPLETE,Shared/Goods/good_45_potion_food_big/metadata.json
46,potion_stamina_small,S Stamina Potion,69,226,potion stamina small,"[5, 4, 3, 2, 1]",125,Shared/Goods/good_46_potion_stamina_small/piles/226_potion_stamina_small/bob_000125.png,data\engine2d\bin\bobs\ls_goods.bmd,"[""goods_water""]",84,[1],,1,"[[1, 14, 13, 8]]","{""1"": [null], ""2"": [null], ""4"": [null], ""3"": [null], ""7"": [null]}","[1, 2, 4, 3, 7]",,,SHARED,SOURCE_COMPLETE,Shared/Goods/good_46_potion_stamina_small/metadata.json
47,potion_stamina_big,L Stamina Potion,70,225,potion stamina big,"[5, 4, 3, 2, 1]",145,Shared/Goods/good_47_potion_stamina_big/piles/225_potion_stamina_big/bob_000145.png,data\engine2d\bin\bobs\ls_goods.bmd,"[""goods_water""]",84,[1],,1,"[[1, 1, 14, 14, 13, 13, 8, 8]]","{""1"": [null], ""2"": [null], ""4"": [null], ""3"": [null], ""7"": [null]}","[1, 2, 4, 3, 7]",,,SHARED,SOURCE_COMPLETE,Shared/Goods/good_47_potion_stamina_big/metadata.json
48,potion_heal_small,S Healing Potion,71,228,potion healing small,"[5, 4, 3, 2, 1]",125,Shared/Goods/good_48_potion_heal_small/piles/228_potion_healing_small/bob_000125.png,data\engine2d\bin\bobs\ls_goods.bmd,"[""goods_leather""]",84,[1],,1,"[[1, 14, 13, 8]]","{""1"": [null], ""2"": [null], ""4"": [null], ""3"": [null], ""7"": [null]}","[1, 2, 4, 3, 7]",,,SHARED,SOURCE_COMPLETE,Shared/Goods/good_48_potion_heal_small/metadata.json
49,potion_heal_big,L Healing Potion,72,227,potion healing big,"[5, 4, 3, 2, 1]",145,Shared/Goods/good_49_potion_heal_big/piles/227_potion_healing_big/bob_000145.png,data\engine2d\bin\bobs\ls_goods.bmd,"[""goods_leather""]",84,[1],,1,"[[1, 1, 14, 14, 13, 13, 8, 8]]","{""1"": [null], ""2"": [null], ""4"": [null], ""3"": [null], ""7"": [null]}","[1, 2, 4, 3, 7]",,,SHARED,SOURCE_COMPLETE,Shared/Goods/good_49_potion_heal_big/metadata.json
50,amulet_food,Nourishing Amulet,73,229,amulett food,"[5, 4, 3, 2, 1]",150,Shared/Goods/good_50_amulet_food/piles/229_amulett_food/bob_000150.png,data\engine2d\bin\bobs\ls_goods.bmd,"[""debris01""]",84,[1],,,[],{},[],,,SHARED,SOURCE_COMPLETE,Shared/Goods/good_50_amulet_food/metadata.json
51,amulet_stamina,Amulet of Stamina,74,230,amulett stamina,"[5, 4, 3, 2, 1]",150,Shared/Goods/good_50_amulet_food/piles/229_amulett_food/bob_000150.png,data\engine2d\bin\bobs\ls_goods.bmd,"[""debris01""]",84,[1],,,[],{},[],,,SHARED,SOURCE_COMPLETE,Shared/Goods/good_51_amulet_stamina/metadata.json
52,amulet_strength,Amulet of Strength,75,231,amulett strength,"[5, 4, 3, 2, 1]",150,Shared/Goods/good_52_amulet_strength/piles/231_amulett_strength/bob_000150.png,data\engine2d\bin\bobs\ls_goods.bmd,"[""goods_crockery""]",84,[1],,,[],{},[],,,SHARED,SOURCE_COMPLETE,Shared/Goods/good_52_amulet_strength/metadata.json
53,amulet_defense,Amulet of Defence,76,232,amulett defense,"[5, 4, 3, 2, 1]",150,Shared/Goods/good_53_amulet_defense/piles/232_amulett_defense/bob_000150.png,data\engine2d\bin\bobs\ls_goods.bmd,"[""goods_iron""]",84,[1],,,[],{},[],,,SHARED,SOURCE_COMPLETE,Shared/Goods/good_53_amulet_defense/metadata.json
54,amulet_critHit,Amulet of Precision,77,233,amulett critical hit,"[5, 4, 3, 2, 1]",150,Shared/Goods/good_54_amulet_critHit/piles/233_amulett_critical_hit/bob_000150.png,data\engine2d\bin\bobs\ls_goods.bmd,"[""human_colors""]",84,[1],,,[],{},[],,,SHARED,SOURCE_COMPLETE,Shared/Goods/good_54_amulet_critHit/metadata.json
55,amulet_speed,Wind Amulet,78,234,amulett speed,"[5, 4, 3, 2, 1]",150,Shared/Goods/good_55_amulet_speed/piles/234_amulett_speed/bob_000150.png,data\engine2d\bin\bobs\ls_goods.bmd,"[""goods_longsword""]",84,[1],,,[],{},[],,,SHARED,SOURCE_COMPLETE,Shared/Goods/good_55_amulet_speed/metadata.json
56,prey,Prey,1,,,[],,,,,345,"[1, 2, 3, 4, 7]",,0,[],{},"[1, 2, 4, 3, 7]",,,SHARED,UNKNOWN_NO_VISUAL,Shared/Goods/good_56_prey/metadata.json
57,sheep,Sheep,1,,,[],,,,,0,[],,1,"[[4, 4, 1]]","{""1"": [null], ""2"": [null], ""4"": [null], ""3"": [null], ""7"": [null]}","[1, 2, 4, 3, 7]",,,SHARED,UNKNOWN_NO_VISUAL,Shared/Goods/good_57_sheep/metadata.json
58,cattle,Ox,1,,,[],,,,,0,[],,1,"[[4, 4, 1, 1]]","{""1"": [null], ""2"": [null], ""4"": [null], ""3"": [null], ""7"": [null]}","[1, 2, 4, 3, 7]",,,SHARED,UNKNOWN_NO_VISUAL,Shared/Goods/good_58_cattle/metadata.json
59,handcart,Handcart,1,,,[],,,,,4,[1],good_HandCart,0,[],"{""1"": [null], ""2"": [null], ""4"": [null], ""3"": [null], ""7"": [null]}","[1, 2, 4, 3, 7]",,,SHARED,UNKNOWN_NO_VISUAL,Shared/Goods/good_59_handcart/metadata.json
60,oxcart,Ox Cart,1,,,[],,,,,4,[1],good_OxCart,0,[],"{""1"": [null], ""2"": [null], ""4"": [null], ""3"": [null], ""7"": [null]}","[1, 2, 4, 3, 7]",,,SHARED,UNKNOWN_NO_VISUAL,Shared/Goods/good_60_oxcart/metadata.json
61,ship_small,Ship,1,,,[],,,,,0,[],,0,[],"{""1"": [null], ""2"": [null], ""4"": [null], ""3"": [null], ""7"": [null]}","[1, 2, 4, 3, 7]",,,SHARED,UNKNOWN_NO_VISUAL,Shared/Goods/good_61_ship_small/metadata.json
62,ship_big,Big Ship,1,,,[],,,,,0,[],,0,[],{},[],,,SHARED,UNKNOWN_NO_VISUAL,Shared/Goods/good_62_ship_big/metadata.json
63,catapult,Catapult,1,,,[],,,,,0,[],,0,[],"{""1"": [null], ""2"": [null], ""4"": [null], ""3"": [null], ""7"": [null]}","[1, 2, 4, 3, 7]",,,SHARED,UNKNOWN_NO_VISUAL,Shared/Goods/good_63_catapult/metadata.json
64,chest,Chest,1,,,[],,,,,0,[],,0,[],{},"[1, 2, 4, 3, 7]",,,SHARED,UNKNOWN_NO_VISUAL,Shared/Goods/good_64_chest/metadata.json
65,anything,All,1,,,[],,,,,0,[],,0,[],{},[1],,,SHARED,UNKNOWN_NO_VISUAL,Shared/Goods/good_65_anything/metadata.json
