NAME,LOGIC_ID,GFX_ID,TRIBE,LEVEL,BOB_ID,MAIN_LIBRARY,SHADOW_LIBRARY,SHADOW_BOB_ID,WIDTH,HEIGHT,PIVOT_X,PIVOT_Y,PIXEL_KIND,CONSTRUCTION,CONFIDENCE,OVERALL,OUTPUT_PATH,METADATA,SOURCE_EXPORT,NOTES,TRIBE_NAME,BODY_PIXEL_AUDIT,STATUS,PRESENTATION,ERRORS,BROWSER_ROUTE
viking mill,13,5,1,0,70,data\engine2d\bin\bobs\ls_houses_viking.bmd,data\engine2d\bin\bobs\ls_houses_viking_s.bmd,70,152,231,74,188,4,"[[0, 0, 72, 75, 9, 81], [0, 0, 71, -1, 0, 73], [0, 0, 70, -1, 26, 100]]",AUTOMATED_CONFIRMED,PARTIAL,Vikings/Buildings/Mill/level_0/main/frame_000070.png,Vikings/Buildings/Mill/level_0/metadata.json,COMPLETE,Base source confidence only; live presentation separate.,Vikings,PIXEL_CONFIRMED,PIXEL_CONFIRMED,PRESENTATION_PARTIAL,[],Vikings/Buildings/index.html
viking bakery,14,6,1,0,101,data\engine2d\bin\bobs\ls_houses_viking.bmd,data\engine2d\bin\bobs\ls_houses_viking_s.bmd,101,305,154,147,116,4,"[[0, 0, 103, -1, 0, 50], [0, 0, 102, -1, 0, 64], [0, 1, 105, -1, 0, 100], [0, 0, 101, 104, 6, 100]]",AUTOMATED_CONFIRMED,PARTIAL,Vikings/Buildings/Bakery/level_0/main/frame_000101.png,Vikings/Buildings/Bakery/level_0/metadata.json,COMPLETE,Base source confidence only; live presentation separate.,Vikings,PIXEL_CONFIRMED,PIXEL_CONFIRMED,PRESENTATION_PARTIAL,[],Vikings/Buildings/index.html
viking bakery,15,6,1,1,105,data\engine2d\bin\bobs\ls_houses_viking.bmd,data\engine2d\bin\bobs\ls_houses_viking_s.bmd,105,315,234,150,196,4,"[[1, 0, 106, -1, 0, 50], [1, 0, 107, -1, 0, 51], [1, 0, 105, 108, 8, 100]]",AUTOMATED_CONFIRMED,PARTIAL,Vikings/Buildings/Bakery/level_0/construction/layers/house01/body_000105.png,Vikings/Buildings/Bakery/level_1/metadata.json,COMPLETE,Base source confidence only; live presentation separate.,Vikings,PIXEL_CONFIRMED,PIXEL_CONFIRMED,PRESENTATION_PARTIAL,[],Vikings/Buildings/index.html
viking home,2,3,1,0,1,data\engine2d\bin\bobs\ls_houses_viking.bmd,data\engine2d\bin\bobs\ls_houses_viking_s.bmd,1,160,145,88,76,4,"[[0, 0, 3, -1, 10, 70], [0, 0, 2, 5, 0, 100], [0, 0, 1, -1, 20, 100], [0, 1, 11, -1, 0, 100]]",AUTOMATED_CONFIRMED,PARTIAL,Vikings/Buildings/Home/level_0/main/frame_000001.png,Vikings/Buildings/Home/level_0/metadata.json,COMPLETE,Base source confidence only; live presentation separate.,Vikings,PIXEL_CONFIRMED,PIXEL_CONFIRMED,PRESENTATION_PARTIAL,[],Vikings/Buildings/index.html
viking home,3,3,1,1,11,data\engine2d\bin\bobs\ls_houses_viking.bmd,data\engine2d\bin\bobs\ls_houses_viking_s.bmd,11,213,198,96,127,4,"[[1, 0, 13, -1, 10, 70], [1, 0, 12, -1, 0, 50], [1, 0, 11, 15, 20, 100], [1, 1, 21, -1, 0, 100]]",AUTOMATED_CONFIRMED,PARTIAL,Vikings/Buildings/Home/level_0/construction/layers/house01/body_000011.png,Vikings/Buildings/Home/level_1/metadata.json,COMPLETE,Base source confidence only; live presentation separate.,Vikings,PIXEL_CONFIRMED,PIXEL_CONFIRMED,PRESENTATION_PARTIAL,[],Vikings/Buildings/index.html
viking home,4,3,1,2,21,data\engine2d\bin\bobs\ls_houses_viking.bmd,data\engine2d\bin\bobs\ls_houses_viking_s.bmd,21,266,259,121,182,4,"[[2, 0, 23, -1, 10, 70], [2, 0, 22, -1, 0, 50], [2, 0, 21, 25, 20, 100], [2, 1, 31, -1, 0, 100]]",AUTOMATED_CONFIRMED,PARTIAL,Vikings/Buildings/Home/level_1/construction/layers/house01/body_000021.png,Vikings/Buildings/Home/level_2/metadata.json,COMPLETE,Base source confidence only; live presentation separate.,Vikings,PIXEL_CONFIRMED,PIXEL_CONFIRMED,PRESENTATION_PARTIAL,[],Vikings/Buildings/index.html
viking home,5,3,1,3,31,data\engine2d\bin\bobs\ls_houses_viking.bmd,data\engine2d\bin\bobs\ls_houses_viking_s.bmd,31,282,274,137,194,4,"[[3, 0, 33, -1, 10, 70], [3, 0, 32, -1, 0, 50], [3, 0, 31, 35, 20, 100], [3, 1, 41, -1, 0, 100]]",AUTOMATED_CONFIRMED,PARTIAL,Vikings/Buildings/Home/level_2/construction/layers/house01/body_000031.png,Vikings/Buildings/Home/level_3/metadata.json,COMPLETE,Base source confidence only; live presentation separate.,Vikings,PIXEL_CONFIRMED,PIXEL_CONFIRMED,PRESENTATION_PARTIAL,[],Vikings/Buildings/index.html
viking home,6,3,1,4,41,data\engine2d\bin\bobs\ls_houses_viking.bmd,data\engine2d\bin\bobs\ls_houses_viking_s.bmd,41,299,340,139,241,4,"[[4, 0, 43, -1, 10, 70], [4, 0, 42, -1, 0, 50], [4, 0, 41, 45, 20, 100]]",AUTOMATED_CONFIRMED,PARTIAL,Vikings/Buildings/Home/level_3/construction/layers/house01/body_000041.png,Vikings/Buildings/Home/level_4/metadata.json,COMPLETE,Base source confidence only; live presentation separate.,Vikings,PIXEL_CONFIRMED,PIXEL_CONFIRMED,PRESENTATION_PARTIAL,[],Vikings/Buildings/index.html
viking headquarters,1,21,1,0,34,data\engine2d\bin\bobs\ls_houses_viking4.bmd,data\engine2d\bin\bobs\ls_houses_viking4_s.bmd,34,433,380,203,286,4,"[[0, 0, 36, -1, 0, 74], [0, 0, 35, -1, 0, 80], [0, 0, 34, 38, 24, 100]]",AUTOMATED_CONFIRMED,PARTIAL,Vikings/Buildings/Headquarters/gfx_21/level_0/main/frame_000034.png,Vikings/Buildings/Headquarters/gfx_21/level_0/metadata.json,COMPLETE,Base source confidence only; live presentation separate.,Vikings,PIXEL_CONFIRMED,PIXEL_CONFIRMED,PRESENTATION_PARTIAL,[],Vikings/Buildings/index.html
viking headquarters house,1,27,1,0,44,data\engine2d\bin\bobs\ls_houses_viking4.bmd,data\engine2d\bin\bobs\ls_houses_viking4_s.bmd,44,292,327,112,215,4,"[[0, 0, 46, -1, 0, 74], [0, 0, 45, -1, 0, 80], [0, 0, 44, 38, 24, 100]]",AUTOMATED_CONFIRMED,PARTIAL,Vikings/Buildings/Headquarters/gfx_27/level_0/main/frame_000044.png,Vikings/Buildings/Headquarters/gfx_27/level_0/metadata.json,COMPLETE,Base source confidence only; live presentation separate.,Vikings,PIXEL_CONFIRMED,PIXEL_CONFIRMED,PRESENTATION_PARTIAL,[],Vikings/Buildings/index.html
viking well,10,0,1,0,131,data\engine2d\bin\bobs\ls_houses_viking.bmd,data\engine2d\bin\bobs\ls_houses_viking_s.bmd,131,63,88,31,71,4,"[[0, 0, 133, -1, 10, 70], [0, 0, 132, -1, 0, 50], [0, 0, 131, 134, 20, 100]]",AUTOMATED_CONFIRMED,PARTIAL,Vikings/Buildings/Well/level_0/main/frame_000131.png,Vikings/Buildings/Well/level_0/metadata.json,COMPLETE,Base source confidence only; live presentation separate.,Vikings,PIXEL_CONFIRMED,PIXEL_CONFIRMED,PRESENTATION_PARTIAL,[],Vikings/Buildings/index.html
viking mason hut,29,17,1,0,10,data\engine2d\bin\bobs\ls_houses_viking3.bmd,data\engine2d\bin\bobs\ls_houses_viking3_s.bmd,10,256,188,108,140,4,"[[0, 0, 11, -1, 0, 57], [0, 0, 12, -1, 0, 66], [0, 1, 20, -1, 0, 100], [0, 0, 10, 13, 8, 100]]",AUTOMATED_CONFIRMED,PARTIAL,Vikings/Buildings/MasonHut/level_0/main/frame_000010.png,Vikings/Buildings/MasonHut/level_0/metadata.json,COMPLETE,Base source confidence only; live presentation separate.,Vikings,PIXEL_CONFIRMED,PIXEL_CONFIRMED,PRESENTATION_PARTIAL,[],Vikings/Buildings/index.html
viking mason hut,30,17,1,1,20,data\engine2d\bin\bobs\ls_houses_viking3.bmd,data\engine2d\bin\bobs\ls_houses_viking3_s.bmd,20,307,207,109,140,4,"[[1, 0, 21, -1, 0, 52], [1, 0, 22, -1, 0, 77], [1, 0, 20, 23, 5, 100]]",AUTOMATED_CONFIRMED,PARTIAL,Vikings/Buildings/MasonHut/level_0/construction/layers/house01/body_000020.png,Vikings/Buildings/MasonHut/level_1/metadata.json,COMPLETE,Base source confidence only; live presentation separate.,Vikings,PIXEL_CONFIRMED,PIXEL_CONFIRMED,PRESENTATION_PARTIAL,[],Vikings/Buildings/index.html
viking pottery,20,12,1,0,0,data\engine2d\bin\bobs\ls_houses_viking2.bmd,data\engine2d\bin\bobs\ls_houses_viking2_s.bmd,0,177,171,82,126,4,"[[0, 0, 2, -1, 10, 62], [0, 0, 1, -1, 0, 69], [0, 0, 0, 3, 16, 100], [0, 1, 10, -1, 0, 100]]",AUTOMATED_CONFIRMED,PARTIAL,Vikings/Buildings/Pottery/level_0/main/frame_000000.png,Vikings/Buildings/Pottery/level_0/metadata.json,COMPLETE,Base source confidence only; live presentation separate.,Vikings,PIXEL_CONFIRMED,PIXEL_CONFIRMED,PRESENTATION_PARTIAL,[],Vikings/Buildings/index.html
viking pottery,21,12,1,1,10,data\engine2d\bin\bobs\ls_houses_viking2.bmd,data\engine2d\bin\bobs\ls_houses_viking2_s.bmd,10,239,211,87,151,4,"[[1, 1, 20, -1, 0, 100], [1, 0, 12, -1, 10, 85], [1, 0, 11, -1, 0, 83], [1, 0, 10, 13, 0, 100]]",AUTOMATED_CONFIRMED,PARTIAL,Vikings/Buildings/Pottery/level_0/construction/layers/house01/body_000010.png,Vikings/Buildings/Pottery/level_1/metadata.json,COMPLETE,Base source confidence only; live presentation separate.,Vikings,PIXEL_CONFIRMED,PIXEL_CONFIRMED,PRESENTATION_PARTIAL,[],Vikings/Buildings/index.html
viking pottery,22,12,1,2,20,data\engine2d\bin\bobs\ls_houses_viking2.bmd,data\engine2d\bin\bobs\ls_houses_viking2_s.bmd,20,252,223,98,157,4,"[[2, 0, 22, -1, 0, 100], [2, 0, 21, -1, 0, 100], [2, 0, 20, 23, 0, 100]]",AUTOMATED_CONFIRMED,PARTIAL,Vikings/Buildings/Pottery/level_1/construction/layers/house01/body_000020.png,Vikings/Buildings/Pottery/level_2/metadata.json,COMPLETE,Base source confidence only; live presentation separate.,Vikings,PIXEL_CONFIRMED,PIXEL_CONFIRMED,PRESENTATION_PARTIAL,[],Vikings/Buildings/index.html
viking joinery,23,8,1,0,180,data\engine2d\bin\bobs\ls_houses_viking2.bmd,data\engine2d\bin\bobs\ls_houses_viking2_s.bmd,180,214,200,87,146,4,"[[0, 0, 182, 5, 0, 100], [0, 0, 181, -1, 20, 100], [0, 1, 190, -1, 0, 100], [0, 0, 180, 183, 0, 100]]",AUTOMATED_CONFIRMED,PARTIAL,Vikings/Buildings/Joinery/level_0/main/frame_000180.png,Vikings/Buildings/Joinery/level_0/metadata.json,COMPLETE,Base source confidence only; live presentation separate.,Vikings,PIXEL_CONFIRMED,PIXEL_CONFIRMED,PRESENTATION_PARTIAL,[],Vikings/Buildings/index.html
viking joinery,24,8,1,1,190,data\engine2d\bin\bobs\ls_houses_viking2.bmd,data\engine2d\bin\bobs\ls_houses_viking2_s.bmd,190,227,208,100,154,4,"[[1, 0, 192, -1, 19, 62], [1, 0, 191, -1, 0, 85], [1, 1, 200, -1, 0, 100], [1, 0, 190, 193, 7, 100]]",AUTOMATED_CONFIRMED,PARTIAL,Vikings/Buildings/Joinery/level_0/construction/layers/house01/body_000190.png,Vikings/Buildings/Joinery/level_1/metadata.json,COMPLETE,Base source confidence only; live presentation separate.,Vikings,PIXEL_CONFIRMED,PIXEL_CONFIRMED,PRESENTATION_PARTIAL,[],Vikings/Buildings/index.html
viking joinery,25,8,1,2,200,data\engine2d\bin\bobs\ls_houses_viking2.bmd,data\engine2d\bin\bobs\ls_houses_viking2_s.bmd,200,236,208,101,154,4,"[[2, 0, 202, -1, 0, 50], [2, 0, 201, -1, 0, 54], [2, 1, 210, -1, 0, 100], [2, 0, 200, 203, 0, 100]]",AUTOMATED_CONFIRMED,PARTIAL,Vikings/Buildings/Joinery/level_1/construction/layers/house01/body_000200.png,Vikings/Buildings/Joinery/level_2/metadata.json,COMPLETE,Base source confidence only; live presentation separate.,Vikings,PIXEL_CONFIRMED,PIXEL_CONFIRMED,PRESENTATION_PARTIAL,[],Vikings/Buildings/index.html
viking joinery,26,8,1,3,210,data\engine2d\bin\bobs\ls_houses_viking2.bmd,data\engine2d\bin\bobs\ls_houses_viking2_s.bmd,210,248,244,113,188,4,"[[3, 0, 212, -1, 0, 50], [3, 0, 211, -1, 5, 67], [3, 0, 210, 213, 0, 100]]",AUTOMATED_CONFIRMED,PARTIAL,Vikings/Buildings/Joinery/level_2/construction/layers/house01/body_000210.png,Vikings/Buildings/Joinery/level_3/metadata.json,COMPLETE,Base source confidence only; live presentation separate.,Vikings,PIXEL_CONFIRMED,PIXEL_CONFIRMED,PRESENTATION_PARTIAL,[],Vikings/Buildings/index.html
viking sewery,18,11,1,0,0,data\engine2d\bin\bobs\ls_houses_viking3.bmd,data\engine2d\bin\bobs\ls_houses_viking3_s.bmd,0,228,168,98,117,4,"[[0, 0, 1, -1, 0, 56], [0, 0, 2, -1, 0, 72], [0, 1, 30, -1, 0, 100], [0, 0, 0, 3, 5, 100]]",AUTOMATED_CONFIRMED,PARTIAL,Vikings/Buildings/Sewery/level_0/main/frame_000000.png,Vikings/Buildings/Sewery/level_0/metadata.json,COMPLETE,Base source confidence only; live presentation separate.,Vikings,PIXEL_CONFIRMED,PIXEL_CONFIRMED,PRESENTATION_PARTIAL,[],Vikings/Buildings/index.html
viking sewery,19,11,1,1,30,data\engine2d\bin\bobs\ls_houses_viking3.bmd,data\engine2d\bin\bobs\ls_houses_viking3_s.bmd,30,228,203,98,152,4,"[[1, 0, 32, -1, 0, 53], [1, 0, 31, -1, 0, 70], [1, 0, 30, 15, 4, 100]]",AUTOMATED_CONFIRMED,PARTIAL,Vikings/Buildings/Sewery/level_0/construction/layers/house01/body_000030.png,Vikings/Buildings/Sewery/level_1/metadata.json,COMPLETE,Base source confidence only; live presentation separate.,Vikings,PIXEL_CONFIRMED,PIXEL_CONFIRMED,PRESENTATION_PARTIAL,[],Vikings/Buildings/index.html
viking farm,12,4,1,0,60,data\engine2d\bin\bobs\ls_houses_viking.bmd,data\engine2d\bin\bobs\ls_houses_viking_s.bmd,60,129,150,62,106,4,"[[0, 0, 62, -1, 12, 74], [0, 0, 61, -1, 0, 64], [0, 0, 60, 65, 21, 100]]",MANUAL_CONFIRMED_1TO1,PARTIAL,Vikings/Buildings/Farm/level_0/main/frame_000060.png,Vikings/Buildings/Farm/level_0/metadata.json,COMPLETE,Base source confidence only; live presentation separate.,Vikings,PIXEL_CONFIRMED,MANUAL_CONFIRMED_1TO1,PRESENTATION_PARTIAL,[],Vikings/Buildings/index.html
viking hive,11,1,1,0,91,data\engine2d\bin\bobs\ls_houses_viking.bmd,data\engine2d\bin\bobs\ls_houses_viking_s.bmd,91,64,89,31,69,4,"[[0, 0, 93, -1, 10, 70], [0, 0, 92, -1, 0, 50], [0, 0, 91, 134, 20, 100]]",AUTOMATED_CONFIRMED,PARTIAL,Vikings/Buildings/Hive/level_0/main/frame_000091.png,Vikings/Buildings/Hive/level_0/metadata.json,COMPLETE,Base source confidence only; live presentation separate.,Vikings,PIXEL_CONFIRMED,PIXEL_CONFIRMED,PRESENTATION_PARTIAL,[],Vikings/Buildings/index.html
viking stock,7,2,1,0,53,data\engine2d\bin\bobs\ls_houses_viking.bmd,data\engine2d\bin\bobs\ls_houses_viking_s.bmd,53,155,152,71,104,4,"[[0, 0, 51, -1, 12, 89], [0, 0, 52, -1, 0, 57], [0, 1, 111, -1, 0, 100], [0, 0, 53, 55, 37, 100]]",AUTOMATED_CONFIRMED,PARTIAL,Vikings/Buildings/Stock/level_0/main/frame_000053.png,Vikings/Buildings/Stock/level_0/metadata.json,COMPLETE,Base source confidence only; live presentation separate.,Vikings,PIXEL_CONFIRMED,PIXEL_CONFIRMED,PRESENTATION_PARTIAL,[],Vikings/Buildings/index.html
viking stock,8,2,1,1,111,data\engine2d\bin\bobs\ls_houses_viking.bmd,data\engine2d\bin\bobs\ls_houses_viking_s.bmd,111,198,192,96,131,4,"[[1, 0, 113, -1, 10, 70], [1, 0, 112, -1, 0, 50], [1, 1, 121, -1, 0, 100], [1, 0, 111, 114, 20, 100]]",AUTOMATED_CONFIRMED,PARTIAL,Vikings/Buildings/Stock/level_0/construction/layers/house02/body_000111.png,Vikings/Buildings/Stock/level_1/metadata.json,COMPLETE,Base source confidence only; live presentation separate.,Vikings,PIXEL_CONFIRMED,PIXEL_CONFIRMED,PRESENTATION_PARTIAL,[],Vikings/Buildings/index.html
viking stock,9,2,1,2,121,data\engine2d\bin\bobs\ls_houses_viking.bmd,data\engine2d\bin\bobs\ls_houses_viking_s.bmd,121,224,206,91,137,4,"[[2, 0, 123, -1, 10, 70], [2, 0, 122, -1, 0, 50], [2, 0, 121, 124, 20, 100]]",AUTOMATED_CONFIRMED,PARTIAL,Vikings/Buildings/Stock/level_1/construction/layers/house02/body_000121.png,Vikings/Buildings/Stock/level_2/metadata.json,COMPLETE,Base source confidence only; live presentation separate.,Vikings,PIXEL_CONFIRMED,PIXEL_CONFIRMED,PRESENTATION_PARTIAL,[],Vikings/Buildings/index.html
viking brewery,16,7,1,0,220,data\engine2d\bin\bobs\ls_houses_viking2.bmd,data\engine2d\bin\bobs\ls_houses_viking2_s.bmd,220,389,344,162,268,4,"[[0, 0, 222, -1, 0, 85], [0, 0, 221, -1, 1, 82], [0, 0, 220, 223, 29, 100]]",AUTOMATED_CONFIRMED,PARTIAL,Vikings/Buildings/Brewery/level_0/main/frame_000220.png,Vikings/Buildings/Brewery/level_0/metadata.json,COMPLETE,Base source confidence only; live presentation separate.,Vikings,PIXEL_CONFIRMED,PIXEL_CONFIRMED,PRESENTATION_PARTIAL,[],Vikings/Buildings/index.html
viking armory,27,9,1,0,50,data\engine2d\bin\bobs\ls_houses_viking3.bmd,data\engine2d\bin\bobs\ls_houses_viking3_s.bmd,50,292,276,166,199,4,"[[0, 0, 52, -1, 0, 56], [0, 0, 51, -1, 20, 100], [0, 1, 60, -1, 0, 100], [0, 0, 50, 53, 0, 100]]",AUTOMATED_CONFIRMED,PARTIAL,Vikings/Buildings/Armory/level_0/main/frame_000050.png,Vikings/Buildings/Armory/level_0/metadata.json,COMPLETE,Base source confidence only; live presentation separate.,Vikings,PIXEL_CONFIRMED,PIXEL_CONFIRMED,PRESENTATION_PARTIAL,[],Vikings/Buildings/index.html
viking armory,28,9,1,1,60,data\engine2d\bin\bobs\ls_houses_viking3.bmd,data\engine2d\bin\bobs\ls_houses_viking3_s.bmd,60,311,280,166,201,4,"[[1, 0, 62, -1, 0, 100], [1, 0, 61, -1, 0, 100], [1, 0, 60, 63, 0, 100]]",AUTOMATED_CONFIRMED,PARTIAL,Vikings/Buildings/Armory/level_0/construction/layers/house01/body_000060.png,Vikings/Buildings/Armory/level_1/metadata.json,COMPLETE,Base source confidence only; live presentation separate.,Vikings,PIXEL_CONFIRMED,PIXEL_CONFIRMED,PRESENTATION_PARTIAL,[],Vikings/Buildings/index.html
viking animal farm,17,10,1,0,30,data\engine2d\bin\bobs\ls_houses_viking4.bmd,data\engine2d\bin\bobs\ls_houses_viking4_s.bmd,30,405,329,157,165,4,"[[0, 0, 32, -1, 0, 73], [0, 0, 31, -1, 0, 56], [0, 0, 30, 33, 0, 100]]",AUTOMATED_CONFIRMED,PARTIAL,Vikings/Buildings/AnimalFarm/level_0/main/frame_000030.png,Vikings/Buildings/AnimalFarm/level_0/metadata.json,COMPLETE,Base source confidence only; live presentation separate.,Vikings,PIXEL_CONFIRMED,PIXEL_CONFIRMED,PRESENTATION_PARTIAL,[],Vikings/Buildings/index.html
viking herb hut,34,13,1,0,0,data\engine2d\bin\bobs\ls_houses_viking4.bmd,data\engine2d\bin\bobs\ls_houses_viking4_s.bmd,0,182,283,95,214,4,"[[0, 0, 2, -1, 0, 77], [0, 0, 1, -1, 0, 75], [0, 0, 0, 4, 9, 100]]",AUTOMATED_CONFIRMED,PARTIAL,Vikings/Buildings/HerbHut/level_0/main/frame_000000.png,Vikings/Buildings/HerbHut/level_0/metadata.json,COMPLETE,Base source confidence only; live presentation separate.,Vikings,PIXEL_CONFIRMED,PIXEL_CONFIRMED,PRESENTATION_PARTIAL,[],Vikings/Buildings/index.html
viking druid hut,35,14,1,0,5,data\engine2d\bin\bobs\ls_houses_viking4.bmd,data\engine2d\bin\bobs\ls_houses_viking4_s.bmd,5,208,228,99,158,4,"[[0, 1, 10, -1, 0, 100], [0, 0, 7, -1, 0, 100], [0, 0, 6, -1, 0, 100], [0, 0, 5, 9, 0, 100]]",AUTOMATED_CONFIRMED,PARTIAL,Vikings/Buildings/DruidHut/level_0/main/frame_000005.png,Vikings/Buildings/DruidHut/level_0/metadata.json,COMPLETE,Base source confidence only; live presentation separate.,Vikings,PIXEL_CONFIRMED,PIXEL_CONFIRMED,PRESENTATION_PARTIAL,[],Vikings/Buildings/index.html
viking druid hut,36,14,1,1,10,data\engine2d\bin\bobs\ls_houses_viking4.bmd,data\engine2d\bin\bobs\ls_houses_viking4_s.bmd,10,275,352,99,282,4,"[[1, 0, 12, -1, 0, 84], [1, 0, 11, -1, 0, 84], [1, 0, 10, 14, 7, 100]]",AUTOMATED_CONFIRMED,PARTIAL,Vikings/Buildings/DruidHut/level_0/construction/layers/house01/body_000010.png,Vikings/Buildings/DruidHut/level_1/metadata.json,COMPLETE,Base source confidence only; live presentation separate.,Vikings,PIXEL_CONFIRMED,PIXEL_CONFIRMED,PRESENTATION_PARTIAL,[],Vikings/Buildings/index.html
viking smithy,31,15,1,0,150,data\engine2d\bin\bobs\ls_houses_viking2.bmd,data\engine2d\bin\bobs\ls_houses_viking2_s.bmd,150,294,203,146,164,4,"[[0, 0, 152, -1, 0, 55], [0, 0, 151, -1, 4, 72], [0, 1, 160, -1, 0, 100], [0, 0, 150, 153, 0, 100]]",AUTOMATED_CONFIRMED,PARTIAL,Vikings/Buildings/Smithy/level_0/main/frame_000150.png,Vikings/Buildings/Smithy/level_0/metadata.json,COMPLETE,Base source confidence only; live presentation separate.,Vikings,PIXEL_CONFIRMED,PIXEL_CONFIRMED,PRESENTATION_PARTIAL,[],Vikings/Buildings/index.html
viking smithy,32,15,1,1,160,data\engine2d\bin\bobs\ls_houses_viking2.bmd,data\engine2d\bin\bobs\ls_houses_viking2_s.bmd,160,294,211,146,172,4,"[[1, 0, 162, -1, 0, 69], [1, 0, 161, -1, 0, 100], [1, 0, 160, 153, 7, 100]]",AUTOMATED_CONFIRMED,PARTIAL,Vikings/Buildings/Smithy/level_0/construction/layers/house01/body_000160.png,Vikings/Buildings/Smithy/level_1/metadata.json,COMPLETE,Base source confidence only; live presentation separate.,Vikings,PIXEL_CONFIRMED,PIXEL_CONFIRMED,PRESENTATION_PARTIAL,[],Vikings/Buildings/index.html
viking coin mint,33,16,1,0,170,data\engine2d\bin\bobs\ls_houses_viking2.bmd,data\engine2d\bin\bobs\ls_houses_viking2_s.bmd,170,398,384,130,306,4,"[[0, 0, 172, -1, 7, 84], [0, 0, 171, -1, 0, 77], [0, 0, 170, 173, 8, 100]]",AUTOMATED_CONFIRMED,PARTIAL,Vikings/Buildings/CoinMint/level_0/main/frame_000170.png,Vikings/Buildings/CoinMint/level_0/metadata.json,COMPLETE,Base source confidence only; live presentation separate.,Vikings,PIXEL_CONFIRMED,PIXEL_CONFIRMED,PRESENTATION_PARTIAL,[],Vikings/Buildings/index.html
viking school,38,18,1,0,40,data\engine2d\bin\bobs\ls_houses_viking3.bmd,data\engine2d\bin\bobs\ls_houses_viking3_s.bmd,40,315,297,162,225,4,"[[0, 0, 42, -1, 0, 100], [0, 0, 41, -1, 0, 100], [0, 0, 40, 43, 0, 100]]",AUTOMATED_CONFIRMED,PARTIAL,Vikings/Buildings/School/level_0/main/frame_000040.png,Vikings/Buildings/School/level_0/metadata.json,COMPLETE,Base source confidence only; live presentation separate.,Vikings,PIXEL_CONFIRMED,PIXEL_CONFIRMED,PRESENTATION_PARTIAL,[],Vikings/Buildings/index.html
viking barracks,39,19,1,0,25,data\engine2d\bin\bobs\ls_houses_viking4.bmd,data\engine2d\bin\bobs\ls_houses_viking4_s.bmd,25,367,392,178,295,4,"[[0, 0, 27, -1, 10, 70], [0, 0, 26, -1, 0, 100], [0, 0, 25, 29, 20, 100]]",AUTOMATED_CONFIRMED,PARTIAL,Vikings/Buildings/Barracks/level_0/main/frame_000025.png,Vikings/Buildings/Barracks/level_0/metadata.json,COMPLETE,Base source confidence only; live presentation separate.,Vikings,PIXEL_CONFIRMED,PIXEL_CONFIRMED,PRESENTATION_PARTIAL,[],Vikings/Buildings/index.html
viking tower,40,20,1,0,15,data\engine2d\bin\bobs\ls_houses_viking4.bmd,data\engine2d\bin\bobs\ls_houses_viking4_s.bmd,15,117,270,63,242,4,"[[0, 0, 17, -1, 4, 62], [0, 0, 16, -1, 0, 100], [0, 1, 20, -1, 0, 100], [0, 0, 15, 19, 20, 100]]",AUTOMATED_CONFIRMED,PARTIAL,Vikings/Buildings/Tower/level_0/main/frame_000015.png,Vikings/Buildings/Tower/level_0/metadata.json,COMPLETE,Base source confidence only; live presentation separate.,Vikings,PIXEL_CONFIRMED,PIXEL_CONFIRMED,PRESENTATION_PARTIAL,[],Vikings/Buildings/index.html
viking tower,41,20,1,1,20,data\engine2d\bin\bobs\ls_houses_viking4.bmd,data\engine2d\bin\bobs\ls_houses_viking4_s.bmd,20,133,294,70,258,4,"[[1, 0, 22, -1, 10, 70], [1, 0, 21, -1, 0, 50], [1, 0, 20, 24, 20, 100]]",AUTOMATED_CONFIRMED,PARTIAL,Vikings/Buildings/Tower/level_0/construction/layers/house01/body_000020.png,Vikings/Buildings/Tower/level_1/metadata.json,COMPLETE,Base source confidence only; live presentation separate.,Vikings,PIXEL_CONFIRMED,PIXEL_CONFIRMED,PRESENTATION_PARTIAL,[],Vikings/Buildings/index.html
viking temple,37,22,1,0,39,data\engine2d\bin\bobs\ls_houses_viking4.bmd,data\engine2d\bin\bobs\ls_houses_viking4_s.bmd,39,344,317,174,208,4,"[[0, 0, 41, -1, 0, 63], [0, 0, 40, 43, 0, 73], [0, 0, 39, -1, 14, 100]]",AUTOMATED_CONFIRMED,PARTIAL,Vikings/Buildings/Temple/level_0/main/frame_000039.png,Vikings/Buildings/Temple/level_0/metadata.json,COMPLETE,Base source confidence only; live presentation separate.,Vikings,PIXEL_CONFIRMED,PIXEL_CONFIRMED,PRESENTATION_PARTIAL,[],Vikings/Buildings/index.html
viking handcart,42,23,1,0,0,data\engine2d\bin\bobs\ls_houses_vehicles.bmd,data\engine2d\bin\bobs\ls_houses_vehicles_s.bmd,0,47,46,15,24,4,"[[0, 0, 0, 1, 0, 100]]",AUTOMATED_CONFIRMED,PARTIAL,Vikings/Buildings/Handcart/level_0/main/frame_000000.png,Vikings/Buildings/Handcart/level_0/metadata.json,COMPLETE,Base source confidence only; live presentation separate.,Vikings,PIXEL_CONFIRMED,PIXEL_CONFIRMED,PRESENTATION_PARTIAL,[],Vikings/Buildings/index.html
viking oxcart,43,24,1,0,2,data\engine2d\bin\bobs\ls_houses_vehicles.bmd,data\engine2d\bin\bobs\ls_houses_vehicles_s.bmd,2,55,48,28,31,4,"[[0, 0, 2, 3, 0, 100]]",AUTOMATED_CONFIRMED,PARTIAL,Vikings/Buildings/Oxcart/level_0/main/frame_000002.png,Vikings/Buildings/Oxcart/level_0/metadata.json,COMPLETE,Base source confidence only; live presentation separate.,Vikings,PIXEL_CONFIRMED,PIXEL_CONFIRMED,PRESENTATION_PARTIAL,[],Vikings/Buildings/index.html
viking catapult,46,25,1,0,32,data\engine2d\bin\bobs\ls_vehicles.bmd,data\engine2d\bin\bobs\ls_vehicles_s.bmd,32,112,104,64,53,4,"[[0, 0, 32, 33, 0, 100]]",AUTOMATED_CONFIRMED,PARTIAL,Vikings/Buildings/Catapult/level_0/main/frame_000032.png,Vikings/Buildings/Catapult/level_0/metadata.json,COMPLETE,Base source confidence only; live presentation separate.,Vikings,PIXEL_CONFIRMED,PIXEL_CONFIRMED,PRESENTATION_PARTIAL,[],Vikings/Buildings/index.html
viking ship small,44,26,1,0,4,data\engine2d\bin\bobs\ls_houses_vehicles.bmd,data\engine2d\bin\bobs\ls_houses_viking_s.bmd,4,214,253,95,178,4,"[[0, 0, 4, 5, 0, 100]]",AUTOMATED_CONFIRMED,PARTIAL,Vikings/Buildings/ShipSmall/level_0/main/frame_000004.png,Vikings/Buildings/ShipSmall/level_0/metadata.json,COMPLETE,Base source confidence only; live presentation separate.,Vikings,PIXEL_CONFIRMED,PIXEL_CONFIRMED,PRESENTATION_PARTIAL,[],Vikings/Buildings/index.html
wonder pyramid,53,28,1,0,0,data\engine2d\bin\bobs\ls_wonders.bmd,data\engine2d\bin\bobs\ls_wonders_s.bmd,0,879,656,406,430,1,"[[0, 1, 1, -1, 0, 100], [0, 0, 0, -1, 0, 100]]",AUTOMATED_CONFIRMED,PARTIAL,Vikings/Buildings/WonderPyramid/level_0/main/frame_000000.png,Vikings/Buildings/WonderPyramid/level_0/metadata.json,PARTIAL,Base source confidence only; live presentation separate.,Vikings,PIXEL_CONFIRMED,PARTIAL,PRESENTATION_PARTIAL,"[""shadow_coverage: data\\engine2d\\bin\\bobs\\ls_wonders_s.bmd BOB 0: KeyError: 0"", ""body: data\\engine2d\\bin\\bobs\\ls_wonders.bmd BOB 66: KeyError: 66""]",Vikings/Buildings/index.html
wonder pyramid,53,28,1,1,1,data\engine2d\bin\bobs\ls_wonders.bmd,data\engine2d\bin\bobs\ls_wonders_s.bmd,1,897,669,414,443,4,"[[1, 0, 1, -1, 0, 100]]",AUTOMATED_CONFIRMED,PARTIAL,Vikings/Buildings/WonderPyramid/level_0/construction/layers/wonders_pyramid/body_000001.png,Vikings/Buildings/WonderPyramid/level_1/metadata.json,PARTIAL,Base source confidence only; live presentation separate.,Vikings,PIXEL_CONFIRMED,PARTIAL,PRESENTATION_PARTIAL,"[""shadow_coverage: data\\engine2d\\bin\\bobs\\ls_wonders_s.bmd BOB 1: KeyError: 1"", ""body: data\\engine2d\\bin\\bobs\\ls_wonders.bmd BOB 66: KeyError: 66""]",Vikings/Buildings/index.html
wonder leuchtturm,47,29,1,0,4,data\engine2d\bin\bobs\ls_wonders2.bmd,data\engine2d\bin\bobs\ls_wonders2_s.bmd,4,437,395,162,260,4,"[[0, 1, 3, -1, 0, 100], [0, 0, 4, -1, 20, 100]]",AUTOMATED_CONFIRMED,PARTIAL,Vikings/Buildings/WonderLeuchtturm/level_0/main/frame_000004.png,Vikings/Buildings/WonderLeuchtturm/level_0/metadata.json,PARTIAL,Base source confidence only; live presentation separate.,Vikings,PIXEL_CONFIRMED,PARTIAL,PRESENTATION_PARTIAL,"[""shadow_coverage: data\\engine2d\\bin\\bobs\\ls_wonders2_s.bmd BOB 4: KeyError: 4""]",Vikings/Buildings/index.html
wonder leuchtturm,47,29,1,1,3,data\engine2d\bin\bobs\ls_wonders2.bmd,data\engine2d\bin\bobs\ls_wonders2_s.bmd,3,437,540,162,405,4,"[[1, 1, 2, -1, 0, 100], [1, 0, 3, -1, 20, 100]]",AUTOMATED_CONFIRMED,PARTIAL,Vikings/Buildings/WonderLeuchtturm/level_0/construction/layers/wonders_pyramid/body_000003.png,Vikings/Buildings/WonderLeuchtturm/level_1/metadata.json,PARTIAL,Base source confidence only; live presentation separate.,Vikings,PIXEL_CONFIRMED,PARTIAL,PRESENTATION_PARTIAL,"[""shadow_coverage: data\\engine2d\\bin\\bobs\\ls_wonders2_s.bmd BOB 3: KeyError: 3""]",Vikings/Buildings/index.html
wonder leuchtturm,47,29,1,2,2,data\engine2d\bin\bobs\ls_wonders2.bmd,data\engine2d\bin\bobs\ls_wonders2_s.bmd,2,437,703,162,568,4,"[[2, 0, 4, -1, 10, 70], [2, 0, 3, -1, 0, 50], [2, 0, 2, -1, 20, 100]]",AUTOMATED_CONFIRMED,PARTIAL,Vikings/Buildings/WonderLeuchtturm/level_1/construction/layers/wonders_pyramid/body_000002.png,Vikings/Buildings/WonderLeuchtturm/level_2/metadata.json,COMPLETE,Base source confidence only; live presentation separate.,Vikings,PIXEL_CONFIRMED,PIXEL_CONFIRMED,PRESENTATION_PARTIAL,[],Vikings/Buildings/index.html
wonder semiramis,48,30,1,0,6,data\engine2d\bin\bobs\ls_wonders.bmd,data\engine2d\bin\bobs\ls_wonders_s.bmd,6,,,,,,"[[0, 0, 6, -1, 20, 100]]",UNKNOWN,PARTIAL,,Vikings/Buildings/WonderSemiramis/level_0/metadata.json,PARTIAL,Base source confidence only; live presentation separate.,Vikings,NOT_APPLICABLE,PARTIAL,PRESENTATION_PARTIAL,"[""body: data\\engine2d\\bin\\bobs\\ls_wonders.bmd BOB 6: KeyError: 6"", ""shadow_coverage: data\\engine2d\\bin\\bobs\\ls_wonders_s.bmd BOB 6: KeyError: 6"", ""body: data\\engine2d\\bin\\bobs\\ls_wonders.bmd BOB 6: KeyError: 6"", ""reveal_threshold: data\\engine2d\\bin\\bobs\\ls_wonders.bmd BOB 6: KeyError: 6"", ""Construction snapshot: 6""]",Vikings/Buildings/index.html
wonder semiramis,48,30,1,1,3,data\engine2d\bin\bobs\ls_wonders.bmd,data\engine2d\bin\bobs\ls_wonders_s.bmd,3,697,539,326,308,4,"[[1, 1, 2, -1, 0, 100], [1, 0, 3, -1, 20, 100]]",AUTOMATED_CONFIRMED,PARTIAL,Vikings/Buildings/WonderSemiramis/level_1/main/frame_000003.png,Vikings/Buildings/WonderSemiramis/level_1/metadata.json,PARTIAL,Base source confidence only; live presentation separate.,Vikings,PIXEL_CONFIRMED,PARTIAL,PRESENTATION_PARTIAL,"[""shadow_coverage: data\\engine2d\\bin\\bobs\\ls_wonders_s.bmd BOB 3: KeyError: 3""]",Vikings/Buildings/index.html
wonder semiramis,48,30,1,2,2,data\engine2d\bin\bobs\ls_wonders.bmd,data\engine2d\bin\bobs\ls_wonders_s.bmd,2,707,543,330,309,4,"[[2, 0, 2, -1, 20, 100]]",AUTOMATED_CONFIRMED,PARTIAL,Vikings/Buildings/WonderSemiramis/level_1/construction/layers/wonders_pyramid/body_000002.png,Vikings/Buildings/WonderSemiramis/level_2/metadata.json,PARTIAL,Base source confidence only; live presentation separate.,Vikings,PIXEL_CONFIRMED,PARTIAL,PRESENTATION_PARTIAL,"[""shadow_coverage: data\\engine2d\\bin\\bobs\\ls_wonders_s.bmd BOB 2: KeyError: 2""]",Vikings/Buildings/index.html
wonder semiramis front,48,31,1,0,6,data\engine2d\bin\bobs\ls_wonders.bmd,data\engine2d\bin\bobs\ls_wonders_s.bmd,6,,,,,,"[[0, 1, 5, -1, 0, 100], [0, 0, 6, -1, 20, 100]]",UNKNOWN,PARTIAL,,Vikings/Buildings/WonderSemiramisFront/level_0/metadata.json,PARTIAL,Base source confidence only; live presentation separate.,Vikings,NOT_APPLICABLE,PARTIAL,PRESENTATION_PARTIAL,"[""body: data\\engine2d\\bin\\bobs\\ls_wonders.bmd BOB 6: KeyError: 6"", ""shadow_coverage: data\\engine2d\\bin\\bobs\\ls_wonders_s.bmd BOB 6: KeyError: 6"", ""body: data\\engine2d\\bin\\bobs\\ls_wonders.bmd BOB 6: KeyError: 6"", ""reveal_threshold: data\\engine2d\\bin\\bobs\\ls_wonders.bmd BOB 6: KeyError: 6"", ""Construction snapshot: 6""]",Vikings/Buildings/index.html
wonder semiramis front,48,31,1,1,5,data\engine2d\bin\bobs\ls_wonders.bmd,data\engine2d\bin\bobs\ls_wonders_s.bmd,5,685,403,342,235,4,"[[1, 1, 4, -1, 0, 100], [1, 0, 5, -1, 20, 100]]",AUTOMATED_CONFIRMED,PARTIAL,Vikings/Buildings/WonderSemiramisFront/level_0/construction/layers/wonders_pyramid/body_000005.png,Vikings/Buildings/WonderSemiramisFront/level_1/metadata.json,PARTIAL,Base source confidence only; live presentation separate.,Vikings,PIXEL_CONFIRMED,PARTIAL,PRESENTATION_PARTIAL,"[""shadow_coverage: data\\engine2d\\bin\\bobs\\ls_wonders_s.bmd BOB 5: KeyError: 5""]",Vikings/Buildings/index.html
wonder semiramis front,48,31,1,2,4,data\engine2d\bin\bobs\ls_wonders.bmd,data\engine2d\bin\bobs\ls_wonders_s.bmd,4,691,422,343,236,4,"[[2, 0, 4, -1, 20, 100]]",AUTOMATED_CONFIRMED,PARTIAL,Vikings/Buildings/WonderSemiramisFront/level_1/construction/layers/wonders_pyramid/body_000004.png,Vikings/Buildings/WonderSemiramisFront/level_2/metadata.json,PARTIAL,Base source confidence only; live presentation separate.,Vikings,PIXEL_CONFIRMED,PARTIAL,PRESENTATION_PARTIAL,"[""shadow_coverage: data\\engine2d\\bin\\bobs\\ls_wonders_s.bmd BOB 4: KeyError: 4""]",Vikings/Buildings/index.html
wonder artemis,51,32,1,0,1,data\engine2d\bin\bobs\ls_wonders2.bmd,data\engine2d\bin\bobs\ls_wonders2_s.bmd,1,845,681,369,411,4,"[[0, 0, 1, -1, 20, 100]]",AUTOMATED_CONFIRMED,PARTIAL,Vikings/Buildings/WonderArtemis/level_0/main/frame_000001.png,Vikings/Buildings/WonderArtemis/level_0/metadata.json,COMPLETE,Base source confidence only; live presentation separate.,Vikings,PIXEL_CONFIRMED,PIXEL_CONFIRMED,PRESENTATION_PARTIAL,[],Vikings/Buildings/index.html
wonder artemis,51,32,1,1,5,data\engine2d\bin\bobs\ls_wonders2.bmd,data\engine2d\bin\bobs\ls_wonders2_s.bmd,5,845,561,369,291,4,"[[1, 1, 0, -1, 0, 100], [1, 0, 5, -1, 20, 100]]",AUTOMATED_CONFIRMED,PARTIAL,Vikings/Buildings/WonderArtemis/level_1/main/frame_000005.png,Vikings/Buildings/WonderArtemis/level_1/metadata.json,PARTIAL,Base source confidence only; live presentation separate.,Vikings,PIXEL_CONFIRMED,PARTIAL,PRESENTATION_PARTIAL,"[""shadow_coverage: data\\engine2d\\bin\\bobs\\ls_wonders2_s.bmd BOB 5: KeyError: 5""]",Vikings/Buildings/index.html
wonder artemis,51,32,1,2,0,data\engine2d\bin\bobs\ls_wonders2.bmd,data\engine2d\bin\bobs\ls_wonders2_s.bmd,0,845,681,369,411,4,"[[2, 0, 0, -1, 20, 100]]",AUTOMATED_CONFIRMED,PARTIAL,Vikings/Buildings/WonderArtemis/level_1/construction/layers/wonders_pyramid/body_000000.png,Vikings/Buildings/WonderArtemis/level_2/metadata.json,COMPLETE,Base source confidence only; live presentation separate.,Vikings,PIXEL_CONFIRMED,PIXEL_CONFIRMED,PRESENTATION_PARTIAL,[],Vikings/Buildings/index.html
wonder koloss,49,33,1,0,3,data\engine2d\bin\bobs\ls_wonders3.bmd,data\engine2d\bin\bobs\ls_wonders3_s.bmd,3,312,200,162,88,1,"[[0, 1, 2, -1, 0, 100], [0, 0, 3, -1, 20, 100]]",AUTOMATED_CONFIRMED,PARTIAL,Vikings/Buildings/WonderKoloss/level_0/main/frame_000003.png,Vikings/Buildings/WonderKoloss/level_0/metadata.json,COMPLETE,Base source confidence only; live presentation separate.,Vikings,PIXEL_CONFIRMED,PIXEL_CONFIRMED,PRESENTATION_PARTIAL,[],Vikings/Buildings/index.html
wonder koloss,49,33,1,1,2,data\engine2d\bin\bobs\ls_wonders3.bmd,data\engine2d\bin\bobs\ls_wonders3_s.bmd,2,312,363,162,251,4,"[[1, 1, 1, -1, 0, 100], [1, 0, 2, -1, 20, 100]]",AUTOMATED_CONFIRMED,PARTIAL,Vikings/Buildings/WonderKoloss/level_0/construction/layers/oxcart/body_000002.png,Vikings/Buildings/WonderKoloss/level_1/metadata.json,COMPLETE,Base source confidence only; live presentation separate.,Vikings,PIXEL_CONFIRMED,PIXEL_CONFIRMED,PRESENTATION_PARTIAL,[],Vikings/Buildings/index.html
wonder koloss,49,33,1,2,1,data\engine2d\bin\bobs\ls_wonders3.bmd,data\engine2d\bin\bobs\ls_wonders3_s.bmd,1,312,573,162,461,4,"[[2, 1, 0, -1, 0, 100], [2, 0, 1, -1, 20, 100]]",AUTOMATED_CONFIRMED,PARTIAL,Vikings/Buildings/WonderKoloss/level_1/construction/layers/oxcart/body_000001.png,Vikings/Buildings/WonderKoloss/level_2/metadata.json,COMPLETE,Base source confidence only; live presentation separate.,Vikings,PIXEL_CONFIRMED,PIXEL_CONFIRMED,PRESENTATION_PARTIAL,[],Vikings/Buildings/index.html
wonder koloss,49,33,1,3,0,data\engine2d\bin\bobs\ls_wonders3.bmd,data\engine2d\bin\bobs\ls_wonders3_s.bmd,0,312,763,162,651,4,"[[3, 0, 0, -1, 20, 100]]",AUTOMATED_CONFIRMED,PARTIAL,Vikings/Buildings/WonderKoloss/level_2/construction/layers/oxcart/body_000000.png,Vikings/Buildings/WonderKoloss/level_3/metadata.json,COMPLETE,Base source confidence only; live presentation separate.,Vikings,PIXEL_CONFIRMED,PIXEL_CONFIRMED,PRESENTATION_PARTIAL,[],Vikings/Buildings/index.html
wonder mausoleum,50,34,1,0,5,data\engine2d\bin\bobs\ls_wonders3.bmd,data\engine2d\bin\bobs\ls_wonders3_s.bmd,5,647,462,358,258,4,"[[0, 1, 4, -1, 0, 100], [0, 0, 5, -1, 20, 100]]",AUTOMATED_CONFIRMED,PARTIAL,Vikings/Buildings/WonderMausoleum/level_0/main/frame_000005.png,Vikings/Buildings/WonderMausoleum/level_0/metadata.json,COMPLETE,Base source confidence only; live presentation separate.,Vikings,PIXEL_CONFIRMED,PIXEL_CONFIRMED,PRESENTATION_PARTIAL,[],Vikings/Buildings/index.html
wonder mausoleum,50,34,1,1,4,data\engine2d\bin\bobs\ls_wonders3.bmd,data\engine2d\bin\bobs\ls_wonders3_s.bmd,4,647,668,358,464,4,"[[1, 0, 4, -1, 20, 100]]",AUTOMATED_CONFIRMED,PARTIAL,Vikings/Buildings/WonderMausoleum/level_0/construction/layers/wonders_pyramid/body_000004.png,Vikings/Buildings/WonderMausoleum/level_1/metadata.json,COMPLETE,Base source confidence only; live presentation separate.,Vikings,PIXEL_CONFIRMED,PIXEL_CONFIRMED,PRESENTATION_PARTIAL,[],Vikings/Buildings/index.html
wonder zeus,52,35,1,0,8,data\engine2d\bin\bobs\ls_wonders3.bmd,data\engine2d\bin\bobs\ls_wonders3_s.bmd,8,223,245,106,104,4,"[[0, 1, 7, -1, 0, 100], [0, 0, 8, -1, 20, 100]]",AUTOMATED_CONFIRMED,PARTIAL,Vikings/Buildings/WonderZeus/level_0/main/frame_000008.png,Vikings/Buildings/WonderZeus/level_0/metadata.json,COMPLETE,Base source confidence only; live presentation separate.,Vikings,PIXEL_CONFIRMED,PIXEL_CONFIRMED,PRESENTATION_PARTIAL,[],Vikings/Buildings/index.html
wonder zeus,52,35,1,1,7,data\engine2d\bin\bobs\ls_wonders3.bmd,data\engine2d\bin\bobs\ls_wonders3_s.bmd,7,239,472,111,331,4,"[[1, 1, 6, -1, 0, 100], [1, 0, 7, -1, 20, 100]]",AUTOMATED_CONFIRMED,PARTIAL,Vikings/Buildings/WonderZeus/level_0/construction/layers/wonders_pyramid/body_000007.png,Vikings/Buildings/WonderZeus/level_1/metadata.json,COMPLETE,Base source confidence only; live presentation separate.,Vikings,PIXEL_CONFIRMED,PIXEL_CONFIRMED,PRESENTATION_PARTIAL,[],Vikings/Buildings/index.html
wonder zeus,52,35,1,2,6,data\engine2d\bin\bobs\ls_wonders3.bmd,data\engine2d\bin\bobs\ls_wonders3_s.bmd,6,362,631,170,490,4,"[[2, 0, 8, -1, 10, 70], [2, 0, 7, -1, 0, 50], [2, 0, 6, -1, 20, 100]]",AUTOMATED_CONFIRMED,PARTIAL,Vikings/Buildings/WonderZeus/level_1/construction/layers/wonders_pyramid/body_000006.png,Vikings/Buildings/WonderZeus/level_2/metadata.json,COMPLETE,Base source confidence only; live presentation separate.,Vikings,PIXEL_CONFIRMED,PIXEL_CONFIRMED,PRESENTATION_PARTIAL,[],Vikings/Buildings/index.html
wonder 8th,54,36,1,0,28,data\engine2d\bin\bobs\ls_wonders3.bmd,data\engine2d\bin\bobs\ls_wonders3_s.bmd,28,654,737,325,485,1,"[[0, 0, 28, -1, 0, 100]]",AUTOMATED_CONFIRMED,PARTIAL,Vikings/Buildings/Wonder8th/level_0/main/frame_000028.png,Vikings/Buildings/Wonder8th/level_0/metadata.json,COMPLETE,Base source confidence only; live presentation separate.,Vikings,PIXEL_CONFIRMED,PIXEL_CONFIRMED,PRESENTATION_PARTIAL,[],Vikings/Buildings/index.html
frank farmhouse,17,37,2,0,0,data\engine2d\bin\bobs\ls_houses_frank.bmd,data\engine2d\bin\bobs\ls_houses_frank_s.bmd,0,341,265,173,176,4,"[[0, 0, 3, -1, 0, 100], [0, 0, 2, -1, 12, 74], [0, 0, 0, 1, 21, 100]]",AUTOMATED_CONFIRMED,PARTIAL,Franks/Buildings/Farmhouse_gfx37/level_0/main/frame_000000.png,Franks/Buildings/Farmhouse_gfx37/level_0/metadata.json,PARTIAL,Base source confidence only; live presentation separate.,Franks,PIXEL_CONFIRMED,PARTIAL,PRESENTATION_PARTIAL,"[""body: data\\engine2d\\bin\\bobs\\ls_houses_frank.bmd BOB 66: KeyError: 66"", ""body: data\\engine2d\\bin\\bobs\\ls_houses_frank.bmd BOB 66: KeyError: 66""]",Franks/Buildings/index.html
frank castle,39,38,2,0,4,data\engine2d\bin\bobs\ls_houses_frank.bmd,data\engine2d\bin\bobs\ls_houses_frank_s.bmd,4,370,426,151,309,4,"[[0, 0, 6, -1, 0, 53], [0, 0, 7, -1, 7, 50], [0, 0, 4, 5, 18, 100]]",AUTOMATED_CONFIRMED,PARTIAL,Franks/Buildings/Castle_gfx38/level_0/main/frame_000004.png,Franks/Buildings/Castle_gfx38/level_0/metadata.json,PARTIAL,Base source confidence only; live presentation separate.,Franks,PIXEL_CONFIRMED,PARTIAL,PRESENTATION_PARTIAL,"[""body: data\\engine2d\\bin\\bobs\\ls_houses_frank.bmd BOB 66: KeyError: 66"", ""body: data\\engine2d\\bin\\bobs\\ls_houses_frank.bmd BOB 66: KeyError: 66""]",Franks/Buildings/index.html
frank workhouse 01,31,39,2,0,8,data\engine2d\bin\bobs\ls_houses_frank.bmd,data\engine2d\bin\bobs\ls_houses_frank_s.bmd,8,189,194,116,133,4,"[[0, 0, 10, -1, 0, 53], [0, 0, 11, -1, 0, 63], [0, 0, 8, 9, 35, 100]]",AUTOMATED_CONFIRMED,PARTIAL,Franks/Buildings/Workhouse01_gfx39/level_0/main/frame_000008.png,Franks/Buildings/Workhouse01_gfx39/level_0/metadata.json,PARTIAL,Base source confidence only; live presentation separate.,Franks,PIXEL_CONFIRMED,PARTIAL,PRESENTATION_PARTIAL,"[""body: data\\engine2d\\bin\\bobs\\ls_houses_frank.bmd BOB 66: KeyError: 66"", ""body: data\\engine2d\\bin\\bobs\\ls_houses_frank.bmd BOB 66: KeyError: 66""]",Franks/Buildings/index.html
frank workhouse 02,14,40,2,0,12,data\engine2d\bin\bobs\ls_houses_frank.bmd,data\engine2d\bin\bobs\ls_houses_frank_s.bmd,12,185,219,99,175,4,"[[0, 0, 14, -1, 0, 69], [0, 0, 15, -1, 0, 66], [0, 0, 12, 13, 35, 100]]",AUTOMATED_CONFIRMED,PARTIAL,Franks/Buildings/Workhouse02_gfx40/level_0/main/frame_000012.png,Franks/Buildings/Workhouse02_gfx40/level_0/metadata.json,PARTIAL,Base source confidence only; live presentation separate.,Franks,PIXEL_CONFIRMED,PARTIAL,PRESENTATION_PARTIAL,"[""body: data\\engine2d\\bin\\bobs\\ls_houses_frank.bmd BOB 66: KeyError: 66"", ""body: data\\engine2d\\bin\\bobs\\ls_houses_frank.bmd BOB 66: KeyError: 66""]",Franks/Buildings/index.html
frank workhouse 03,23,41,2,0,16,data\engine2d\bin\bobs\ls_houses_frank.bmd,data\engine2d\bin\bobs\ls_houses_frank_s.bmd,16,224,226,103,178,4,"[[0, 0, 18, -1, 0, 69], [0, 0, 19, -1, 0, 100], [0, 0, 16, 17, 35, 100]]",AUTOMATED_CONFIRMED,PARTIAL,Franks/Buildings/Workhouse03_gfx41/level_0/main/frame_000016.png,Franks/Buildings/Workhouse03_gfx41/level_0/metadata.json,PARTIAL,Base source confidence only; live presentation separate.,Franks,PIXEL_CONFIRMED,PARTIAL,PRESENTATION_PARTIAL,"[""body: data\\engine2d\\bin\\bobs\\ls_houses_frank.bmd BOB 66: KeyError: 66"", ""body: data\\engine2d\\bin\\bobs\\ls_houses_frank.bmd BOB 66: KeyError: 66""]",Franks/Buildings/index.html
frank church,19,42,2,0,20,data\engine2d\bin\bobs\ls_houses_frank.bmd,data\engine2d\bin\bobs\ls_houses_frank_s.bmd,20,362,369,184,268,4,"[[0, 0, 22, -1, 0, 69], [0, 0, 23, -1, 0, 100], [0, 0, 20, 21, 35, 100]]",AUTOMATED_CONFIRMED,PARTIAL,Franks/Buildings/Church_gfx42/level_0/main/frame_000020.png,Franks/Buildings/Church_gfx42/level_0/metadata.json,PARTIAL,Base source confidence only; live presentation separate.,Franks,PIXEL_CONFIRMED,PARTIAL,PRESENTATION_PARTIAL,"[""body: data\\engine2d\\bin\\bobs\\ls_houses_frank.bmd BOB 66: KeyError: 66"", ""body: data\\engine2d\\bin\\bobs\\ls_houses_frank.bmd BOB 66: KeyError: 66""]",Franks/Buildings/index.html
frank patricianhouse 01,2,43,2,0,24,data\engine2d\bin\bobs\ls_houses_frank.bmd,data\engine2d\bin\bobs\ls_houses_frank_s.bmd,24,184,209,96,148,4,"[[0, 0, 26, -1, 0, 53], [0, 0, 27, -1, 0, 100], [0, 0, 24, 25, 35, 100]]",AUTOMATED_CONFIRMED,PARTIAL,Franks/Buildings/Patricianhouse01_gfx43/level_0/main/frame_000024.png,Franks/Buildings/Patricianhouse01_gfx43/level_0/metadata.json,PARTIAL,Base source confidence only; live presentation separate.,Franks,PIXEL_CONFIRMED,PARTIAL,PRESENTATION_PARTIAL,"[""body: data\\engine2d\\bin\\bobs\\ls_houses_frank.bmd BOB 66: KeyError: 66"", ""body: data\\engine2d\\bin\\bobs\\ls_houses_frank.bmd BOB 66: KeyError: 66""]",Franks/Buildings/index.html
frank patricianhouse 02,3,44,2,0,28,data\engine2d\bin\bobs\ls_houses_frank.bmd,data\engine2d\bin\bobs\ls_houses_frank_s.bmd,28,180,240,89,185,4,"[[0, 0, 30, -1, 0, 53], [0, 0, 31, -1, 0, 100], [0, 0, 28, 29, 35, 100]]",AUTOMATED_CONFIRMED,PARTIAL,Franks/Buildings/Patricianhouse02_gfx44/level_0/main/frame_000028.png,Franks/Buildings/Patricianhouse02_gfx44/level_0/metadata.json,PARTIAL,Base source confidence only; live presentation separate.,Franks,PIXEL_CONFIRMED,PARTIAL,PRESENTATION_PARTIAL,"[""body: data\\engine2d\\bin\\bobs\\ls_houses_frank.bmd BOB 66: KeyError: 66"", ""body: data\\engine2d\\bin\\bobs\\ls_houses_frank.bmd BOB 66: KeyError: 66""]",Franks/Buildings/index.html
frank patricianhouse 03,4,45,2,0,32,data\engine2d\bin\bobs\ls_houses_frank.bmd,data\engine2d\bin\bobs\ls_houses_frank_s.bmd,32,235,334,117,238,4,"[[0, 0, 34, -1, 0, 53], [0, 0, 35, -1, 0, 100], [0, 0, 32, 33, 35, 100]]",AUTOMATED_CONFIRMED,PARTIAL,Franks/Buildings/Patricianhouse03_gfx45/level_0/main/frame_000032.png,Franks/Buildings/Patricianhouse03_gfx45/level_0/metadata.json,PARTIAL,Base source confidence only; live presentation separate.,Franks,PIXEL_CONFIRMED,PARTIAL,PRESENTATION_PARTIAL,"[""body: data\\engine2d\\bin\\bobs\\ls_houses_frank.bmd BOB 66: KeyError: 66"", ""body: data\\engine2d\\bin\\bobs\\ls_houses_frank.bmd BOB 66: KeyError: 66""]",Franks/Buildings/index.html
frank townhall,20,46,2,0,36,data\engine2d\bin\bobs\ls_houses_frank.bmd,data\engine2d\bin\bobs\ls_houses_frank_s.bmd,36,298,353,154,248,4,"[[0, 0, 38, -1, 0, 53], [0, 0, 39, -1, 0, 100], [0, 0, 36, 37, 35, 100]]",AUTOMATED_CONFIRMED,PARTIAL,Franks/Buildings/Townhall_gfx46/level_0/main/frame_000036.png,Franks/Buildings/Townhall_gfx46/level_0/metadata.json,PARTIAL,Base source confidence only; live presentation separate.,Franks,PIXEL_CONFIRMED,PARTIAL,PRESENTATION_PARTIAL,"[""body: data\\engine2d\\bin\\bobs\\ls_houses_frank.bmd BOB 66: KeyError: 66"", ""body: data\\engine2d\\bin\\bobs\\ls_houses_frank.bmd BOB 66: KeyError: 66""]",Franks/Buildings/index.html
frank barn,7,47,2,0,40,data\engine2d\bin\bobs\ls_houses_frank.bmd,data\engine2d\bin\bobs\ls_houses_frank_s.bmd,40,235,229,127,162,4,"[[0, 0, 42, -1, 0, 53], [0, 0, 43, -1, 0, 100], [0, 0, 40, 41, 35, 100]]",AUTOMATED_CONFIRMED,PARTIAL,Franks/Buildings/Barn_gfx47/level_0/main/frame_000040.png,Franks/Buildings/Barn_gfx47/level_0/metadata.json,PARTIAL,Base source confidence only; live presentation separate.,Franks,PIXEL_CONFIRMED,PARTIAL,PRESENTATION_PARTIAL,"[""body: data\\engine2d\\bin\\bobs\\ls_houses_frank.bmd BOB 66: KeyError: 66"", ""body: data\\engine2d\\bin\\bobs\\ls_houses_frank.bmd BOB 66: KeyError: 66""]",Franks/Buildings/index.html
frank tower,40,48,2,0,44,data\engine2d\bin\bobs\ls_houses_frank.bmd,data\engine2d\bin\bobs\ls_houses_frank_s.bmd,44,134,351,69,316,4,"[[0, 0, 46, -1, 0, 53], [0, 0, 47, -1, 0, 100], [0, 0, 44, 45, 35, 100]]",AUTOMATED_CONFIRMED,PARTIAL,Franks/Buildings/Tower_gfx48/level_0/main/frame_000044.png,Franks/Buildings/Tower_gfx48/level_0/metadata.json,PARTIAL,Base source confidence only; live presentation separate.,Franks,PIXEL_CONFIRMED,PARTIAL,PRESENTATION_PARTIAL,"[""body: data\\engine2d\\bin\\bobs\\ls_houses_frank.bmd BOB 66: KeyError: 66"", ""body: data\\engine2d\\bin\\bobs\\ls_houses_frank.bmd BOB 66: KeyError: 66""]",Franks/Buildings/index.html
byzantine library,37,49,3,0,0,data\engine2d\bin\bobs\ls_houses_byzantine.bmd,data\engine2d\bin\bobs\ls_houses_byzantine_s.bmd,0,439,408,212,272,4,"[[0, 0, 1, -1, 0, 89], [0, 0, 2, -1, 0, 57], [0, 0, 0, 3, 13, 100]]",AUTOMATED_CONFIRMED,PARTIAL,Byzantines/Buildings/Library_gfx49/level_0/main/frame_000000.png,Byzantines/Buildings/Library_gfx49/level_0/metadata.json,PARTIAL,Base source confidence only; live presentation separate.,Byzantines,PIXEL_CONFIRMED,PARTIAL,PRESENTATION_PARTIAL,"[""body: data\\engine2d\\bin\\bobs\\ls_houses_byzantine.bmd BOB 66: KeyError: 66"", ""body: data\\engine2d\\bin\\bobs\\ls_houses_byzantine.bmd BOB 66: KeyError: 66""]",Byzantines/Buildings/index.html
byzantine harbour01,7,50,3,0,4,data\engine2d\bin\bobs\ls_houses_byzantine.bmd,data\engine2d\bin\bobs\ls_houses_byzantine_s.bmd,4,188,361,109,303,4,"[[0, 0, 5, -1, 0, 100], [0, 0, 6, -1, 0, 89], [0, 0, 4, 7, 13, 100]]",AUTOMATED_CONFIRMED,PARTIAL,Byzantines/Buildings/Harbour01_gfx50/level_0/main/frame_000004.png,Byzantines/Buildings/Harbour01_gfx50/level_0/metadata.json,PARTIAL,Base source confidence only; live presentation separate.,Byzantines,PIXEL_CONFIRMED,PARTIAL,PRESENTATION_PARTIAL,"[""body: data\\engine2d\\bin\\bobs\\ls_houses_byzantine.bmd BOB 66: KeyError: 66"", ""body: data\\engine2d\\bin\\bobs\\ls_houses_byzantine.bmd BOB 66: KeyError: 66""]",Byzantines/Buildings/index.html
byzantine harbour02,17,51,3,0,8,data\engine2d\bin\bobs\ls_houses_byzantine.bmd,data\engine2d\bin\bobs\ls_houses_byzantine_s.bmd,8,249,233,132,162,4,"[[0, 0, 9, -1, 0, 100], [0, 0, 10, -1, 0, 100], [0, 0, 8, 11, 13, 100]]",AUTOMATED_CONFIRMED,PARTIAL,Byzantines/Buildings/Harbour02_gfx51/level_0/main/frame_000008.png,Byzantines/Buildings/Harbour02_gfx51/level_0/metadata.json,PARTIAL,Base source confidence only; live presentation separate.,Byzantines,PIXEL_CONFIRMED,PARTIAL,PRESENTATION_PARTIAL,"[""body: data\\engine2d\\bin\\bobs\\ls_houses_byzantine.bmd BOB 66: KeyError: 66"", ""body: data\\engine2d\\bin\\bobs\\ls_houses_byzantine.bmd BOB 66: KeyError: 66""]",Byzantines/Buildings/index.html
byzantine chapel,31,52,3,0,12,data\engine2d\bin\bobs\ls_houses_byzantine.bmd,data\engine2d\bin\bobs\ls_houses_byzantine_s.bmd,12,221,311,107,247,4,"[[0, 0, 13, -1, 0, 100], [0, 0, 14, -1, 0, 89], [0, 0, 12, 15, 13, 100]]",AUTOMATED_CONFIRMED,PARTIAL,Byzantines/Buildings/Chapel_gfx52/level_0/main/frame_000012.png,Byzantines/Buildings/Chapel_gfx52/level_0/metadata.json,PARTIAL,Base source confidence only; live presentation separate.,Byzantines,PIXEL_CONFIRMED,PARTIAL,PRESENTATION_PARTIAL,"[""body: data\\engine2d\\bin\\bobs\\ls_houses_byzantine.bmd BOB 66: KeyError: 66"", ""body: data\\engine2d\\bin\\bobs\\ls_houses_byzantine.bmd BOB 66: KeyError: 66""]",Byzantines/Buildings/index.html
byzantine cathedral,7,53,3,0,16,data\engine2d\bin\bobs\ls_houses_byzantine.bmd,data\engine2d\bin\bobs\ls_houses_byzantine_s.bmd,16,423,451,200,343,4,"[[0, 0, 17, -1, 0, 85], [0, 0, 18, -1, 0, 90], [0, 0, 16, 19, 6, 100]]",AUTOMATED_CONFIRMED,PARTIAL,Byzantines/Buildings/Cathedral_gfx53/level_0/main/frame_000016.png,Byzantines/Buildings/Cathedral_gfx53/level_0/metadata.json,PARTIAL,Base source confidence only; live presentation separate.,Byzantines,PIXEL_CONFIRMED,PARTIAL,PRESENTATION_PARTIAL,"[""body: data\\engine2d\\bin\\bobs\\ls_houses_byzantine.bmd BOB 66: KeyError: 66"", ""body: data\\engine2d\\bin\\bobs\\ls_houses_byzantine.bmd BOB 66: KeyError: 66""]",Byzantines/Buildings/index.html
byzantine manson,14,54,3,0,20,data\engine2d\bin\bobs\ls_houses_byzantine.bmd,data\engine2d\bin\bobs\ls_houses_byzantine_s.bmd,20,530,316,261,226,4,"[[0, 0, 21, -1, 0, 100], [0, 0, 22, -1, 0, 85], [0, 0, 20, 23, 6, 100]]",AUTOMATED_CONFIRMED,PARTIAL,Byzantines/Buildings/Manson_gfx54/level_0/main/frame_000020.png,Byzantines/Buildings/Manson_gfx54/level_0/metadata.json,PARTIAL,Base source confidence only; live presentation separate.,Byzantines,PIXEL_CONFIRMED,PARTIAL,PRESENTATION_PARTIAL,"[""body: data\\engine2d\\bin\\bobs\\ls_houses_byzantine.bmd BOB 66: KeyError: 66"", ""body: data\\engine2d\\bin\\bobs\\ls_houses_byzantine.bmd BOB 66: KeyError: 66""]",Byzantines/Buildings/index.html
byzantine market,28,55,3,0,24,data\engine2d\bin\bobs\ls_houses_byzantine2.bmd,data\engine2d\bin\bobs\ls_houses_byzantine2_s.bmd,24,550,360,295,213,4,"[[0, 0, 25, -1, 0, 100], [0, 0, 26, -1, 0, 100], [0, 0, 24, 27, 6, 100]]",AUTOMATED_CONFIRMED,PARTIAL,Byzantines/Buildings/Market_gfx55/level_0/main/frame_000024.png,Byzantines/Buildings/Market_gfx55/level_0/metadata.json,PARTIAL,Base source confidence only; live presentation separate.,Byzantines,PIXEL_CONFIRMED,PARTIAL,PRESENTATION_PARTIAL,"[""body: data\\engine2d\\bin\\bobs\\ls_houses_byzantine2.bmd BOB 66: KeyError: 66"", ""body: data\\engine2d\\bin\\bobs\\ls_houses_byzantine2.bmd BOB 66: KeyError: 66""]",Byzantines/Buildings/index.html
byzantine home01,5,56,3,0,28,data\engine2d\bin\bobs\ls_houses_byzantine2.bmd,data\engine2d\bin\bobs\ls_houses_byzantine2_s.bmd,28,271,268,143,192,4,"[[0, 0, 29, -1, 0, 100], [0, 0, 30, -1, 0, 100], [0, 0, 28, 31, 6, 100]]",AUTOMATED_CONFIRMED,PARTIAL,Byzantines/Buildings/Home01_gfx56/level_0/main/frame_000028.png,Byzantines/Buildings/Home01_gfx56/level_0/metadata.json,PARTIAL,Base source confidence only; live presentation separate.,Byzantines,PIXEL_CONFIRMED,PARTIAL,PRESENTATION_PARTIAL,"[""body: data\\engine2d\\bin\\bobs\\ls_houses_byzantine2.bmd BOB 66: KeyError: 66"", ""body: data\\engine2d\\bin\\bobs\\ls_houses_byzantine2.bmd BOB 66: KeyError: 66""]",Byzantines/Buildings/index.html
byzantine home02,4,57,3,0,32,data\engine2d\bin\bobs\ls_houses_byzantine2.bmd,data\engine2d\bin\bobs\ls_houses_byzantine2_s.bmd,32,241,240,127,196,4,"[[0, 0, 33, -1, 0, 100], [0, 0, 34, -1, 0, 100], [0, 0, 32, 35, 6, 100]]",AUTOMATED_CONFIRMED,PARTIAL,Byzantines/Buildings/Home02_gfx57/level_0/main/frame_000032.png,Byzantines/Buildings/Home02_gfx57/level_0/metadata.json,PARTIAL,Base source confidence only; live presentation separate.,Byzantines,PIXEL_CONFIRMED,PARTIAL,PRESENTATION_PARTIAL,"[""body: data\\engine2d\\bin\\bobs\\ls_houses_byzantine2.bmd BOB 66: KeyError: 66"", ""body: data\\engine2d\\bin\\bobs\\ls_houses_byzantine2.bmd BOB 66: KeyError: 66""]",Byzantines/Buildings/index.html
byzantine home03,3,58,3,0,36,data\engine2d\bin\bobs\ls_houses_byzantine2.bmd,data\engine2d\bin\bobs\ls_houses_byzantine2_s.bmd,36,259,217,141,161,4,"[[0, 0, 37, -1, 0, 100], [0, 0, 38, -1, 0, 100], [0, 0, 36, 39, 6, 100]]",AUTOMATED_CONFIRMED,PARTIAL,Byzantines/Buildings/Home03_gfx58/level_0/main/frame_000036.png,Byzantines/Buildings/Home03_gfx58/level_0/metadata.json,PARTIAL,Base source confidence only; live presentation separate.,Byzantines,PIXEL_CONFIRMED,PARTIAL,PRESENTATION_PARTIAL,"[""body: data\\engine2d\\bin\\bobs\\ls_houses_byzantine2.bmd BOB 66: KeyError: 66"", ""body: data\\engine2d\\bin\\bobs\\ls_houses_byzantine2.bmd BOB 66: KeyError: 66""]",Byzantines/Buildings/index.html
byzantine doorhouse,29,59,3,0,40,data\engine2d\bin\bobs\ls_houses_byzantine2.bmd,data\engine2d\bin\bobs\ls_houses_byzantine2_s.bmd,40,203,206,116,162,4,"[[0, 0, 41, -1, 0, 100], [0, 0, 42, -1, 0, 100], [0, 0, 40, 43, 6, 100]]",AUTOMATED_CONFIRMED,PARTIAL,Byzantines/Buildings/Doorhouse_gfx59/level_0/main/frame_000040.png,Byzantines/Buildings/Doorhouse_gfx59/level_0/metadata.json,PARTIAL,Base source confidence only; live presentation separate.,Byzantines,PIXEL_CONFIRMED,PARTIAL,PRESENTATION_PARTIAL,"[""body: data\\engine2d\\bin\\bobs\\ls_houses_byzantine2.bmd BOB 66: KeyError: 66"", ""body: data\\engine2d\\bin\\bobs\\ls_houses_byzantine2.bmd BOB 66: KeyError: 66""]",Byzantines/Buildings/index.html
byzantine tower,40,60,3,0,44,data\engine2d\bin\bobs\ls_houses_byzantine2.bmd,data\engine2d\bin\bobs\ls_houses_byzantine2_s.bmd,44,109,266,49,242,4,"[[0, 0, 45, -1, 0, 100], [0, 0, 46, -1, 0, 100], [0, 0, 44, 47, 6, 100]]",AUTOMATED_CONFIRMED,PARTIAL,Byzantines/Buildings/Tower_gfx60/level_0/main/frame_000044.png,Byzantines/Buildings/Tower_gfx60/level_0/metadata.json,PARTIAL,Base source confidence only; live presentation separate.,Byzantines,PIXEL_CONFIRMED,PARTIAL,PRESENTATION_PARTIAL,"[""body: data\\engine2d\\bin\\bobs\\ls_houses_byzantine2.bmd BOB 66: KeyError: 66"", ""body: data\\engine2d\\bin\\bobs\\ls_houses_byzantine2.bmd BOB 66: KeyError: 66""]",Byzantines/Buildings/index.html
byzantine work01,18,61,3,0,48,data\engine2d\bin\bobs\ls_houses_byzantine2.bmd,data\engine2d\bin\bobs\ls_houses_byzantine2_s.bmd,48,272,262,105,190,4,"[[0, 0, 49, -1, 0, 100], [0, 0, 50, -1, 0, 100], [0, 0, 48, 51, 6, 100]]",AUTOMATED_CONFIRMED,PARTIAL,Byzantines/Buildings/Work01_gfx61/level_0/main/frame_000048.png,Byzantines/Buildings/Work01_gfx61/level_0/metadata.json,PARTIAL,Base source confidence only; live presentation separate.,Byzantines,PIXEL_CONFIRMED,PARTIAL,PRESENTATION_PARTIAL,"[""body: data\\engine2d\\bin\\bobs\\ls_houses_byzantine2.bmd BOB 66: KeyError: 66"", ""body: data\\engine2d\\bin\\bobs\\ls_houses_byzantine2.bmd BOB 66: KeyError: 66""]",Byzantines/Buildings/index.html
byzantine work02,23,62,3,0,52,data\engine2d\bin\bobs\ls_houses_byzantine2.bmd,data\engine2d\bin\bobs\ls_houses_byzantine2_s.bmd,52,346,285,195,193,4,"[[0, 0, 53, -1, 0, 100], [0, 0, 54, -1, 0, 100], [0, 0, 52, 55, 6, 100]]",AUTOMATED_CONFIRMED,PARTIAL,Byzantines/Buildings/Work02_gfx62/level_0/main/frame_000052.png,Byzantines/Buildings/Work02_gfx62/level_0/metadata.json,PARTIAL,Base source confidence only; live presentation separate.,Byzantines,PIXEL_CONFIRMED,PARTIAL,PRESENTATION_PARTIAL,"[""body: data\\engine2d\\bin\\bobs\\ls_houses_byzantine2.bmd BOB 66: KeyError: 66"", ""body: data\\engine2d\\bin\\bobs\\ls_houses_byzantine2.bmd BOB 66: KeyError: 66""]",Byzantines/Buildings/index.html
byzantine work03,19,63,3,0,56,data\engine2d\bin\bobs\ls_houses_byzantine2.bmd,data\engine2d\bin\bobs\ls_houses_byzantine2_s.bmd,56,238,245,106,185,4,"[[0, 0, 57, -1, 0, 100], [0, 0, 58, -1, 0, 100], [0, 0, 56, 59, 6, 100]]",AUTOMATED_CONFIRMED,PARTIAL,Byzantines/Buildings/Work03_gfx63/level_0/main/frame_000056.png,Byzantines/Buildings/Work03_gfx63/level_0/metadata.json,PARTIAL,Base source confidence only; live presentation separate.,Byzantines,PIXEL_CONFIRMED,PARTIAL,PRESENTATION_PARTIAL,"[""body: data\\engine2d\\bin\\bobs\\ls_houses_byzantine2.bmd BOB 66: KeyError: 66"", ""body: data\\engine2d\\bin\\bobs\\ls_houses_byzantine2.bmd BOB 66: KeyError: 66""]",Byzantines/Buildings/index.html
byzantine kaserne,39,64,3,0,24,data\engine2d\bin\bobs\ls_houses_byzantine.bmd,data\engine2d\bin\bobs\ls_houses_byzantine_s.bmd,24,479,409,214,290,4,"[[0, 0, 26, -1, 0, 100], [0, 0, 25, -1, 0, 100], [0, 0, 24, 27, 6, 100]]",AUTOMATED_CONFIRMED,PARTIAL,Byzantines/Buildings/Kaserne_gfx64/level_0/main/frame_000024.png,Byzantines/Buildings/Kaserne_gfx64/level_0/metadata.json,PARTIAL,Base source confidence only; live presentation separate.,Byzantines,PIXEL_CONFIRMED,PARTIAL,PRESENTATION_PARTIAL,"[""body: data\\engine2d\\bin\\bobs\\ls_houses_byzantine.bmd BOB 66: KeyError: 66"", ""body: data\\engine2d\\bin\\bobs\\ls_houses_byzantine.bmd BOB 66: KeyError: 66""]",Byzantines/Buildings/index.html
byzantine palace,20,65,3,0,28,data\engine2d\bin\bobs\ls_houses_byzantine.bmd,data\engine2d\bin\bobs\ls_houses_byzantine_s.bmd,28,339,451,163,372,4,"[[0, 0, 30, -1, 0, 100], [0, 0, 29, -1, 0, 100], [0, 0, 28, 31, 6, 100]]",AUTOMATED_CONFIRMED,PARTIAL,Byzantines/Buildings/Palace_gfx65/level_0/main/frame_000028.png,Byzantines/Buildings/Palace_gfx65/level_0/metadata.json,PARTIAL,Base source confidence only; live presentation separate.,Byzantines,PIXEL_CONFIRMED,PARTIAL,PRESENTATION_PARTIAL,"[""body: data\\engine2d\\bin\\bobs\\ls_houses_byzantine.bmd BOB 66: KeyError: 66"", ""body: data\\engine2d\\bin\\bobs\\ls_houses_byzantine.bmd BOB 66: KeyError: 66""]",Byzantines/Buildings/index.html
saracen fortress,39,66,4,0,0,data\engine2d\bin\bobs\ls_houses_saracen.bmd,data\engine2d\bin\bobs\ls_houses_saracen_s.bmd,0,320,356,132,259,4,"[[0, 0, 2, -1, 22, 87], [0, 0, 1, -1, 0, 60], [0, 0, 0, 3, 39, 100]]",AUTOMATED_CONFIRMED,PARTIAL,Arabs/Buildings/Fortress_gfx66/level_0/main/frame_000000.png,Arabs/Buildings/Fortress_gfx66/level_0/metadata.json,COMPLETE,Base source confidence only; live presentation separate.,Saracens (Arabs),PIXEL_CONFIRMED,PIXEL_CONFIRMED,PRESENTATION_PARTIAL,[],Arabs/Buildings/index.html
saracen market,7,67,4,0,50,data\engine2d\bin\bobs\ls_houses_saracen.bmd,data\engine2d\bin\bobs\ls_houses_saracen_s.bmd,50,131,223,27,184,4,"[[0, 0, 52, -1, 23, 86], [0, 0, 51, -1, 0, 60], [0, 0, 50, 53, 38, 100]]",AUTOMATED_CONFIRMED,PARTIAL,Arabs/Buildings/Market_gfx67/level_0/main/frame_000050.png,Arabs/Buildings/Market_gfx67/level_0/metadata.json,COMPLETE,Base source confidence only; live presentation separate.,Saracens (Arabs),PIXEL_CONFIRMED,PIXEL_CONFIRMED,PRESENTATION_PARTIAL,[],Arabs/Buildings/index.html
saracen mosqe,31,68,4,0,30,data\engine2d\bin\bobs\ls_houses_saracen.bmd,data\engine2d\bin\bobs\ls_houses_saracen_s.bmd,30,275,335,105,258,4,"[[0, 0, 32, -1, 22, 87], [0, 0, 31, -1, 0, 60], [0, 0, 30, 33, 39, 100]]",AUTOMATED_CONFIRMED,PARTIAL,Arabs/Buildings/Mosqe_gfx68/level_0/main/frame_000030.png,Arabs/Buildings/Mosqe_gfx68/level_0/metadata.json,COMPLETE,Base source confidence only; live presentation separate.,Saracens (Arabs),PIXEL_CONFIRMED,PIXEL_CONFIRMED,PRESENTATION_PARTIAL,[],Arabs/Buildings/index.html
saracen palace,7,69,4,0,40,data\engine2d\bin\bobs\ls_houses_saracen.bmd,data\engine2d\bin\bobs\ls_houses_saracen_s.bmd,40,326,368,141,269,4,"[[0, 0, 42, -1, 22, 87], [0, 0, 41, -1, 0, 60], [0, 0, 40, 43, 39, 100]]",AUTOMATED_CONFIRMED,PARTIAL,Arabs/Buildings/Palace_gfx69/level_0/main/frame_000040.png,Arabs/Buildings/Palace_gfx69/level_0/metadata.json,COMPLETE,Base source confidence only; live presentation separate.,Saracens (Arabs),PIXEL_CONFIRMED,PIXEL_CONFIRMED,PRESENTATION_PARTIAL,[],Arabs/Buildings/index.html
saracen residence 01,2,70,4,0,50,data\engine2d\bin\bobs\ls_houses_saracen.bmd,data\engine2d\bin\bobs\ls_houses_saracen_s.bmd,50,131,223,27,184,4,"[[0, 0, 52, -1, 22, 87], [0, 0, 51, -1, 0, 60], [0, 0, 50, 53, 39, 100]]",AUTOMATED_CONFIRMED,PARTIAL,Arabs/Buildings/Market_gfx67/level_0/main/frame_000050.png,Arabs/Buildings/Residence01_gfx70/level_0/metadata.json,COMPLETE,Base source confidence only; live presentation separate.,Saracens (Arabs),PIXEL_CONFIRMED,PIXEL_CONFIRMED,PRESENTATION_PARTIAL,[],Arabs/Buildings/index.html
saracen residence 02,3,71,4,0,60,data\engine2d\bin\bobs\ls_houses_saracen.bmd,data\engine2d\bin\bobs\ls_houses_saracen_s.bmd,60,130,201,23,158,4,"[[0, 0, 62, -1, 22, 87], [0, 0, 61, -1, 0, 60], [0, 0, 60, 63, 39, 100]]",AUTOMATED_CONFIRMED,PARTIAL,Arabs/Buildings/Residence02_gfx71/level_0/main/frame_000060.png,Arabs/Buildings/Residence02_gfx71/level_0/metadata.json,COMPLETE,Base source confidence only; live presentation separate.,Saracens (Arabs),PIXEL_CONFIRMED,PIXEL_CONFIRMED,PRESENTATION_PARTIAL,[],Arabs/Buildings/index.html
saracen residence 03,14,72,4,0,70,data\engine2d\bin\bobs\ls_houses_saracen.bmd,data\engine2d\bin\bobs\ls_houses_saracen_s.bmd,70,165,144,124,103,4,"[[0, 0, 72, -1, 22, 87], [0, 0, 71, -1, 0, 60], [0, 0, 70, 73, 39, 100]]",AUTOMATED_CONFIRMED,PARTIAL,Arabs/Buildings/Residence03_gfx72/level_0/main/frame_000070.png,Arabs/Buildings/Residence03_gfx72/level_0/metadata.json,COMPLETE,Base source confidence only; live presentation separate.,Saracens (Arabs),PIXEL_CONFIRMED,PIXEL_CONFIRMED,PRESENTATION_PARTIAL,[],Arabs/Buildings/index.html
saracen residence 04,5,73,4,0,80,data\engine2d\bin\bobs\ls_houses_saracen.bmd,data\engine2d\bin\bobs\ls_houses_saracen_s.bmd,80,221,212,57,147,4,"[[0, 0, 82, -1, 22, 87], [0, 0, 81, -1, 0, 60], [0, 0, 80, 83, 39, 100]]",AUTOMATED_CONFIRMED,PARTIAL,Arabs/Buildings/Residence04_gfx73/level_0/main/frame_000080.png,Arabs/Buildings/Residence04_gfx73/level_0/metadata.json,COMPLETE,Base source confidence only; live presentation separate.,Saracens (Arabs),PIXEL_CONFIRMED,PIXEL_CONFIRMED,PRESENTATION_PARTIAL,[],Arabs/Buildings/index.html
saracen residence 05,6,74,4,0,90,data\engine2d\bin\bobs\ls_houses_saracen.bmd,data\engine2d\bin\bobs\ls_houses_saracen_s.bmd,90,206,194,42,136,4,"[[0, 0, 92, -1, 22, 87], [0, 0, 91, -1, 0, 60], [0, 0, 90, 93, 39, 100]]",AUTOMATED_CONFIRMED,PARTIAL,Arabs/Buildings/Residence05_gfx74/level_0/main/frame_000090.png,Arabs/Buildings/Residence05_gfx74/level_0/metadata.json,COMPLETE,Base source confidence only; live presentation separate.,Saracens (Arabs),PIXEL_CONFIRMED,PIXEL_CONFIRMED,PRESENTATION_PARTIAL,[],Arabs/Buildings/index.html
saracen tower,40,75,4,0,100,data\engine2d\bin\bobs\ls_houses_saracen.bmd,data\engine2d\bin\bobs\ls_houses_saracen_s.bmd,100,82,328,13,289,4,"[[0, 0, 102, -1, 22, 87], [0, 0, 101, -1, 0, 60], [0, 0, 100, 103, 39, 100]]",AUTOMATED_CONFIRMED,PARTIAL,Arabs/Buildings/Tower_gfx75/level_0/main/frame_000100.png,Arabs/Buildings/Tower_gfx75/level_0/metadata.json,COMPLETE,Base source confidence only; live presentation separate.,Saracens (Arabs),PIXEL_CONFIRMED,PIXEL_CONFIRMED,PRESENTATION_PARTIAL,[],Arabs/Buildings/index.html
saracen tent 01,2,76,4,0,0,data\engine2d\bin\bobs\ls_houses_beduines.bmd,data\engine2d\bin\bobs\ls_houses_beduines_s.bmd,0,254,197,130,113,4,"[[0, 0, 2, -1, 6, 87], [0, 0, 1, -1, 0, 60], [0, 0, 0, 3, 10, 100]]",AUTOMATED_CONFIRMED,PARTIAL,Arabs/Buildings/Tent01_gfx76/level_0/main/frame_000000.png,Arabs/Buildings/Tent01_gfx76/level_0/metadata.json,COMPLETE,Base source confidence only; live presentation separate.,Saracens (Arabs),PIXEL_CONFIRMED,PIXEL_CONFIRMED,PRESENTATION_PARTIAL,[],Arabs/Buildings/index.html
saracen tent 02,3,77,4,0,4,data\engine2d\bin\bobs\ls_houses_beduines.bmd,data\engine2d\bin\bobs\ls_houses_beduines_s.bmd,4,257,196,127,113,4,"[[0, 0, 6, -1, 6, 87], [0, 0, 5, -1, 0, 60], [0, 0, 4, 7, 10, 100]]",AUTOMATED_CONFIRMED,PARTIAL,Arabs/Buildings/Tent02_gfx77/level_0/main/frame_000004.png,Arabs/Buildings/Tent02_gfx77/level_0/metadata.json,COMPLETE,Base source confidence only; live presentation separate.,Saracens (Arabs),PIXEL_CONFIRMED,PIXEL_CONFIRMED,PRESENTATION_PARTIAL,[],Arabs/Buildings/index.html
saracen tent 03,18,78,4,0,8,data\engine2d\bin\bobs\ls_houses_beduines.bmd,data\engine2d\bin\bobs\ls_houses_beduines_s.bmd,8,162,144,79,89,4,"[[0, 0, 10, -1, 6, 87], [0, 0, 9, -1, 0, 60], [0, 0, 8, 11, 10, 100]]",AUTOMATED_CONFIRMED,PARTIAL,Arabs/Buildings/Tent03_gfx78/level_0/main/frame_000008.png,Arabs/Buildings/Tent03_gfx78/level_0/metadata.json,COMPLETE,Base source confidence only; live presentation separate.,Saracens (Arabs),PIXEL_CONFIRMED,PIXEL_CONFIRMED,PRESENTATION_PARTIAL,[],Arabs/Buildings/index.html
saracen tent 04,20,79,4,0,12,data\engine2d\bin\bobs\ls_houses_beduines.bmd,data\engine2d\bin\bobs\ls_houses_beduines_s.bmd,12,204,141,84,82,4,"[[0, 0, 14, -1, 6, 87], [0, 0, 13, -1, 0, 60], [0, 0, 12, 15, 10, 100]]",AUTOMATED_CONFIRMED,PARTIAL,Arabs/Buildings/Tent04_gfx79/level_0/main/frame_000012.png,Arabs/Buildings/Tent04_gfx79/level_0/metadata.json,COMPLETE,Base source confidence only; live presentation separate.,Saracens (Arabs),PIXEL_CONFIRMED,PIXEL_CONFIRMED,PRESENTATION_PARTIAL,[],Arabs/Buildings/index.html
saracen tent 05,17,80,4,0,16,data\engine2d\bin\bobs\ls_houses_beduines.bmd,data\engine2d\bin\bobs\ls_houses_beduines_s.bmd,16,201,145,117,85,4,"[[0, 0, 18, -1, 6, 87], [0, 0, 17, -1, 0, 60], [0, 0, 16, 19, 10, 100]]",AUTOMATED_CONFIRMED,PARTIAL,Arabs/Buildings/Tent05_gfx80/level_0/main/frame_000016.png,Arabs/Buildings/Tent05_gfx80/level_0/metadata.json,COMPLETE,Base source confidence only; live presentation separate.,Saracens (Arabs),PIXEL_CONFIRMED,PIXEL_CONFIRMED,PRESENTATION_PARTIAL,[],Arabs/Buildings/index.html
Egypt MainHouse,9,81,7,0,0,data\engine2d\bin\bobs\ls_houses_egypt.bmd,data\engine2d\bin\bobs\ls_houses_egypt_s.bmd,0,418,381,191,249,4,"[[0, 0, 0, 9, 20, 100]]",AUTOMATED_CONFIRMED,PARTIAL,Other Tribes/Egypt/Buildings/Mainhouse_gfx81/level_0/main/frame_000000.png,Other Tribes/Egypt/Buildings/Mainhouse_gfx81/level_0/metadata.json,COMPLETE,Base source confidence only; live presentation separate.,Egypt,PIXEL_CONFIRMED,PIXEL_CONFIRMED,PRESENTATION_PARTIAL,[],Other Tribes/Egypt/Buildings/index.html
Egypt Barrack,39,82,7,0,1,data\engine2d\bin\bobs\ls_houses_egypt.bmd,data\engine2d\bin\bobs\ls_houses_egypt_s.bmd,1,507,421,250,285,4,"[[0, 0, 1, 10, 20, 100]]",AUTOMATED_CONFIRMED,PARTIAL,Other Tribes/Egypt/Buildings/Barrack_gfx82/level_0/main/frame_000001.png,Other Tribes/Egypt/Buildings/Barrack_gfx82/level_0/metadata.json,COMPLETE,Base source confidence only; live presentation separate.,Egypt,PIXEL_CONFIRMED,PIXEL_CONFIRMED,PRESENTATION_PARTIAL,[],Other Tribes/Egypt/Buildings/index.html
Egypt Tower,40,83,7,0,2,data\engine2d\bin\bobs\ls_houses_egypt.bmd,data\engine2d\bin\bobs\ls_houses_egypt_s.bmd,2,173,326,83,255,4,"[[0, 0, 2, 11, 20, 100]]",AUTOMATED_CONFIRMED,PARTIAL,Other Tribes/Egypt/Buildings/Tower_gfx83/level_0/main/frame_000002.png,Other Tribes/Egypt/Buildings/Tower_gfx83/level_0/metadata.json,COMPLETE,Base source confidence only; live presentation separate.,Egypt,PIXEL_CONFIRMED,PIXEL_CONFIRMED,PRESENTATION_PARTIAL,[],Other Tribes/Egypt/Buildings/index.html
Egypt Residence 01,2,84,7,0,3,data\engine2d\bin\bobs\ls_houses_egypt.bmd,data\engine2d\bin\bobs\ls_houses_egypt_s.bmd,3,225,283,90,192,4,"[[0, 0, 3, 12, 20, 100]]",AUTOMATED_CONFIRMED,PARTIAL,Other Tribes/Egypt/Buildings/Residence01_gfx84/level_0/main/frame_000003.png,Other Tribes/Egypt/Buildings/Residence01_gfx84/level_0/metadata.json,COMPLETE,Base source confidence only; live presentation separate.,Egypt,PIXEL_CONFIRMED,PIXEL_CONFIRMED,PRESENTATION_PARTIAL,[],Other Tribes/Egypt/Buildings/index.html
Egypt Residence 02,3,85,7,0,4,data\engine2d\bin\bobs\ls_houses_egypt.bmd,data\engine2d\bin\bobs\ls_houses_egypt_s.bmd,4,248,256,103,163,4,"[[0, 0, 4, 13, 20, 100]]",AUTOMATED_CONFIRMED,PARTIAL,Other Tribes/Egypt/Buildings/Residence02_gfx85/level_0/main/frame_000004.png,Other Tribes/Egypt/Buildings/Residence02_gfx85/level_0/metadata.json,COMPLETE,Base source confidence only; live presentation separate.,Egypt,PIXEL_CONFIRMED,PIXEL_CONFIRMED,PRESENTATION_PARTIAL,[],Other Tribes/Egypt/Buildings/index.html
Egypt Residence 03,4,86,7,0,5,data\engine2d\bin\bobs\ls_houses_egypt.bmd,data\engine2d\bin\bobs\ls_houses_egypt_s.bmd,5,310,218,148,159,4,"[[0, 0, 5, 14, 20, 100]]",AUTOMATED_CONFIRMED,PARTIAL,Other Tribes/Egypt/Buildings/Residence03_gfx86/level_0/main/frame_000005.png,Other Tribes/Egypt/Buildings/Residence03_gfx86/level_0/metadata.json,COMPLETE,Base source confidence only; live presentation separate.,Egypt,PIXEL_CONFIRMED,PIXEL_CONFIRMED,PRESENTATION_PARTIAL,[],Other Tribes/Egypt/Buildings/index.html
Egypt Residence 04,2,87,7,0,6,data\engine2d\bin\bobs\ls_houses_egypt.bmd,data\engine2d\bin\bobs\ls_houses_egypt_s.bmd,6,203,251,76,173,4,"[[0, 0, 6, 15, 20, 100]]",AUTOMATED_CONFIRMED,PARTIAL,Other Tribes/Egypt/Buildings/Residence04_gfx87/level_0/main/frame_000006.png,Other Tribes/Egypt/Buildings/Residence04_gfx87/level_0/metadata.json,COMPLETE,Base source confidence only; live presentation separate.,Egypt,PIXEL_CONFIRMED,PIXEL_CONFIRMED,PRESENTATION_PARTIAL,[],Other Tribes/Egypt/Buildings/index.html
Egypt Residence 05,2,88,7,0,7,data\engine2d\bin\bobs\ls_houses_egypt.bmd,data\engine2d\bin\bobs\ls_houses_egypt_s.bmd,7,218,284,94,198,4,"[[0, 0, 7, 16, 20, 100]]",AUTOMATED_CONFIRMED,PARTIAL,Other Tribes/Egypt/Buildings/Residence05_gfx88/level_0/main/frame_000007.png,Other Tribes/Egypt/Buildings/Residence05_gfx88/level_0/metadata.json,COMPLETE,Base source confidence only; live presentation separate.,Egypt,PIXEL_CONFIRMED,PIXEL_CONFIRMED,PRESENTATION_PARTIAL,[],Other Tribes/Egypt/Buildings/index.html
Egypt Residence 06,2,89,7,0,8,data\engine2d\bin\bobs\ls_houses_egypt.bmd,data\engine2d\bin\bobs\ls_houses_egypt_s.bmd,8,236,251,131,152,4,"[[0, 0, 8, 17, 20, 100]]",AUTOMATED_CONFIRMED,PARTIAL,Other Tribes/Egypt/Buildings/Residence06_gfx89/level_0/main/frame_000008.png,Other Tribes/Egypt/Buildings/Residence06_gfx89/level_0/metadata.json,COMPLETE,Base source confidence only; live presentation separate.,Egypt,PIXEL_CONFIRMED,PIXEL_CONFIRMED,PRESENTATION_PARTIAL,[],Other Tribes/Egypt/Buildings/index.html
