LIBRARY,BOB_ID,KIND,WIDTH,HEIGHT,PIVOT,EVIDENCE,PALETTES,OUTPUTS,INDEX_DATA,STATUS,CONFIDENCE
data\gui\lang\eng\bobs\ls_gui_window.bmd,0,4,7,7,"[2, 3]","[""skin_tiled_frame.hpp:52""]","[""data\\gui\\palettes\\frame.pcx""]","[""UI/Sprites/ls_gui_window/frame/bob_0000.png""]",UI/Sprites/ls_gui_window/_index_data/bob_0000.png,PALETTE_EVIDENCED,PIXEL_CONFIRMED
data\gui\lang\eng\bobs\ls_gui_window.bmd,1,4,7,7,"[4, 3]","[""skin_tiled_frame.hpp:52""]","[""data\\gui\\palettes\\frame.pcx""]","[""UI/Sprites/ls_gui_window/frame/bob_0001.png""]",UI/Sprites/ls_gui_window/_index_data/bob_0001.png,PALETTE_EVIDENCED,PIXEL_CONFIRMED
data\gui\lang\eng\bobs\ls_gui_window.bmd,2,4,10,10,"[7, 8]","[""skin_tiled_frame.hpp:52""]","[""data\\gui\\palettes\\frame.pcx""]","[""UI/Sprites/ls_gui_window/frame/bob_0002.png""]",UI/Sprites/ls_gui_window/_index_data/bob_0002.png,PALETTE_EVIDENCED,PIXEL_CONFIRMED
data\gui\lang\eng\bobs\ls_gui_window.bmd,3,4,10,10,"[2, 8]","[""skin_tiled_frame.hpp:52""]","[""data\\gui\\palettes\\frame.pcx""]","[""UI/Sprites/ls_gui_window/frame/bob_0003.png""]",UI/Sprites/ls_gui_window/_index_data/bob_0003.png,PALETTE_EVIDENCED,PIXEL_CONFIRMED
data\gui\lang\eng\bobs\ls_gui_window.bmd,4,1,128,3,"[100, 12]",[],[],[],UI/Sprites/ls_gui_window/_index_data/bob_0004.png,PALETTE_UNKNOWN (index data only),UNKNOWN
data\gui\lang\eng\bobs\ls_gui_window.bmd,5,1,128,3,"[0, 1]","[""skin_tiled_frame.hpp:52""]","[""data\\gui\\palettes\\bg_normal.pcx""]","[""UI/Sprites/ls_gui_window/bg_normal/bob_0005.png""]",UI/Sprites/ls_gui_window/_index_data/bob_0005.png,PALETTE_EVIDENCED,PIXEL_CONFIRMED
data\gui\lang\eng\bobs\ls_gui_window.bmd,6,1,3,128,"[1, 0]","[""skin_tiled_frame.hpp:52""]","[""data\\gui\\palettes\\bg_normal.pcx""]","[""UI/Sprites/ls_gui_window/bg_normal/bob_0006.png""]",UI/Sprites/ls_gui_window/_index_data/bob_0006.png,PALETTE_EVIDENCED,PIXEL_CONFIRMED
data\gui\lang\eng\bobs\ls_gui_window.bmd,7,1,128,3,"[0, 0]","[""skin_tiled_frame.hpp:52""]","[""data\\gui\\palettes\\bg_normal.pcx""]","[""UI/Sprites/ls_gui_window/bg_normal/bob_0007.png""]",UI/Sprites/ls_gui_window/_index_data/bob_0007.png,PALETTE_EVIDENCED,PIXEL_CONFIRMED
data\gui\lang\eng\bobs\ls_gui_window.bmd,8,1,3,128,"[0, 0]","[""skin_tiled_frame.hpp:52""]","[""data\\gui\\palettes\\bg_normal.pcx""]","[""UI/Sprites/ls_gui_window/bg_normal/bob_0008.png""]",UI/Sprites/ls_gui_window/_index_data/bob_0008.png,PALETTE_EVIDENCED,PIXEL_CONFIRMED
data\gui\lang\eng\bobs\ls_gui_window.bmd,9,4,5,5,"[-1, -1]","[""skin_tiled_frame.hpp:52""]","[""data\\gui\\palettes\\frame.pcx""]","[""UI/Sprites/ls_gui_window/frame/bob_0009.png""]",UI/Sprites/ls_gui_window/_index_data/bob_0009.png,PALETTE_EVIDENCED,PIXEL_CONFIRMED
data\gui\lang\eng\bobs\ls_gui_window.bmd,10,4,5,5,"[5, -1]","[""skin_tiled_frame.hpp:52""]","[""data\\gui\\palettes\\frame.pcx""]","[""UI/Sprites/ls_gui_window/frame/bob_0010.png""]",UI/Sprites/ls_gui_window/_index_data/bob_0010.png,PALETTE_EVIDENCED,PIXEL_CONFIRMED
data\gui\lang\eng\bobs\ls_gui_window.bmd,11,4,5,5,"[5, 5]","[""skin_tiled_frame.hpp:52""]","[""data\\gui\\palettes\\frame.pcx""]","[""UI/Sprites/ls_gui_window/frame/bob_0011.png""]",UI/Sprites/ls_gui_window/_index_data/bob_0011.png,PALETTE_EVIDENCED,PIXEL_CONFIRMED
data\gui\lang\eng\bobs\ls_gui_window.bmd,12,4,5,5,"[-1, 5]","[""skin_tiled_frame.hpp:52""]","[""data\\gui\\palettes\\frame.pcx""]","[""UI/Sprites/ls_gui_window/frame/bob_0012.png""]",UI/Sprites/ls_gui_window/_index_data/bob_0012.png,PALETTE_EVIDENCED,PIXEL_CONFIRMED
data\gui\lang\eng\bobs\ls_gui_window.bmd,13,1,128,3,"[0, 0]","[""skin_tiled_frame.hpp:52"", ""skin_tiled_frame.hpp:52""]","[""data\\gui\\palettes\\bg_normal.pcx""]","[""UI/Sprites/ls_gui_window/bg_normal/bob_0013.png""]",UI/Sprites/ls_gui_window/_index_data/bob_0013.png,PALETTE_EVIDENCED,PIXEL_CONFIRMED
data\gui\lang\eng\bobs\ls_gui_window.bmd,14,1,3,128,"[0, 0]","[""skin_tiled_frame.hpp:52"", ""skin_tiled_frame.hpp:52""]","[""data\\gui\\palettes\\bg_normal.pcx""]","[""UI/Sprites/ls_gui_window/bg_normal/bob_0014.png""]",UI/Sprites/ls_gui_window/_index_data/bob_0014.png,PALETTE_EVIDENCED,PIXEL_CONFIRMED
data\gui\lang\eng\bobs\ls_gui_window.bmd,15,1,128,3,"[0, 1]","[""skin_tiled_frame.hpp:52"", ""skin_tiled_frame.hpp:52""]","[""data\\gui\\palettes\\bg_normal.pcx""]","[""UI/Sprites/ls_gui_window/bg_normal/bob_0015.png""]",UI/Sprites/ls_gui_window/_index_data/bob_0015.png,PALETTE_EVIDENCED,PIXEL_CONFIRMED
data\gui\lang\eng\bobs\ls_gui_window.bmd,16,1,3,128,"[1, 0]","[""skin_tiled_frame.hpp:52"", ""skin_tiled_frame.hpp:52""]","[""data\\gui\\palettes\\bg_normal.pcx""]","[""UI/Sprites/ls_gui_window/bg_normal/bob_0016.png""]",UI/Sprites/ls_gui_window/_index_data/bob_0016.png,PALETTE_EVIDENCED,PIXEL_CONFIRMED
data\gui\lang\eng\bobs\ls_gui_window.bmd,17,1,18,16,"[8, 8]","[""production_gameplay_ui.hpp:3271"", ""production_gameplay_ui.hpp:5497""]","[""data\\gui\\palettes\\bg_normal.pcx""]","[""UI/Sprites/ls_gui_window/bg_normal/bob_0017.png""]",UI/Sprites/ls_gui_window/_index_data/bob_0017.png,PALETTE_EVIDENCED,PIXEL_CONFIRMED
data\gui\lang\eng\bobs\ls_gui_window.bmd,18,1,18,13,"[8, 8]",[],[],[],UI/Sprites/ls_gui_window/_index_data/bob_0018.png,PALETTE_UNKNOWN (index data only),UNKNOWN
data\gui\lang\eng\bobs\ls_gui_window.bmd,19,1,18,16,"[8, 8]",[],[],[],UI/Sprites/ls_gui_window/_index_data/bob_0019.png,PALETTE_UNKNOWN (index data only),UNKNOWN
data\gui\lang\eng\bobs\ls_gui_window.bmd,20,1,18,16,"[8, 8]",[],[],[],UI/Sprites/ls_gui_window/_index_data/bob_0020.png,PALETTE_UNKNOWN (index data only),UNKNOWN
data\gui\lang\eng\bobs\ls_gui_window.bmd,21,4,12,9,"[3, 4]","[""skin_tiled_frame.hpp:52""]","[""data\\gui\\palettes\\frame.pcx""]","[""UI/Sprites/ls_gui_window/frame/bob_0021.png""]",UI/Sprites/ls_gui_window/_index_data/bob_0021.png,PALETTE_EVIDENCED,PIXEL_CONFIRMED
data\gui\lang\eng\bobs\ls_gui_window.bmd,22,4,12,9,"[8, 4]","[""skin_tiled_frame.hpp:52""]","[""data\\gui\\palettes\\frame.pcx""]","[""UI/Sprites/ls_gui_window/frame/bob_0022.png""]",UI/Sprites/ls_gui_window/_index_data/bob_0022.png,PALETTE_EVIDENCED,PIXEL_CONFIRMED
data\gui\lang\eng\bobs\ls_gui_window.bmd,23,4,6,6,"[4, 5]","[""skin_tiled_frame.hpp:52""]","[""data\\gui\\palettes\\frame.pcx""]","[""UI/Sprites/ls_gui_window/frame/bob_0023.png""]",UI/Sprites/ls_gui_window/_index_data/bob_0023.png,PALETTE_EVIDENCED,PIXEL_CONFIRMED
data\gui\lang\eng\bobs\ls_gui_window.bmd,24,4,6,6,"[1, 5]","[""skin_tiled_frame.hpp:52""]","[""data\\gui\\palettes\\frame.pcx""]","[""UI/Sprites/ls_gui_window/frame/bob_0024.png""]",UI/Sprites/ls_gui_window/_index_data/bob_0024.png,PALETTE_EVIDENCED,PIXEL_CONFIRMED
data\gui\lang\eng\bobs\ls_gui_window.bmd,25,1,610,549,"[48, 69]","[""production_gameplay_ui.hpp:3260""]","[""data\\gui\\palettes\\papyrus.pcx""]","[""UI/Sprites/ls_gui_window/papyrus/bob_0025.png""]",UI/Sprites/ls_gui_window/_index_data/bob_0025.png,PALETTE_EVIDENCED,PIXEL_CONFIRMED
data\gui\lang\eng\bobs\ls_gui_window.bmd,26,1,14,14,"[6, 8]",[],[],[],UI/Sprites/ls_gui_window/_index_data/bob_0026.png,PALETTE_UNKNOWN (index data only),UNKNOWN
data\gui\lang\eng\bobs\ls_gui_window.bmd,27,1,14,8,"[6, 5]",[],[],[],UI/Sprites/ls_gui_window/_index_data/bob_0027.png,PALETTE_UNKNOWN (index data only),UNKNOWN
data\gui\lang\eng\bobs\ls_gui_window.bmd,28,1,16,13,"[8, 8]",[],[],[],UI/Sprites/ls_gui_window/_index_data/bob_0028.png,PALETTE_UNKNOWN (index data only),UNKNOWN
data\gui\lang\eng\bobs\ls_gui_window.bmd,29,1,15,14,"[7, 8]",[],[],[],UI/Sprites/ls_gui_window/_index_data/bob_0029.png,PALETTE_UNKNOWN (index data only),UNKNOWN
data\gui\lang\eng\bobs\ls_gui_window.bmd,30,1,15,14,"[7, 8]",[],[],[],UI/Sprites/ls_gui_window/_index_data/bob_0030.png,PALETTE_UNKNOWN (index data only),UNKNOWN
data\gui\lang\eng\bobs\ls_gui_window.bmd,31,1,15,14,"[7, 7]",[],[],[],UI/Sprites/ls_gui_window/_index_data/bob_0031.png,PALETTE_UNKNOWN (index data only),UNKNOWN
data\gui\lang\eng\bobs\ls_gui_window.bmd,32,1,15,13,"[7, 7]","[""production_gameplay_ui.hpp:3892""]","[""data\\gui\\palettes\\IconsLeft.pcx""]","[""UI/Sprites/ls_gui_window/IconsLeft/bob_0032.png""]",UI/Sprites/ls_gui_window/_index_data/bob_0032.png,PALETTE_EVIDENCED,PIXEL_CONFIRMED
data\gui\lang\eng\bobs\ls_gui_window.bmd,33,1,15,11,"[7, 6]","[""production_gameplay_ui.hpp:3897""]","[""data\\gui\\palettes\\IconsLeft.pcx""]","[""UI/Sprites/ls_gui_window/IconsLeft/bob_0033.png""]",UI/Sprites/ls_gui_window/_index_data/bob_0033.png,PALETTE_EVIDENCED,PIXEL_CONFIRMED
data\gui\lang\eng\bobs\ls_gui_window.bmd,34,1,9,8,"[4, 3]","[""production_gameplay_ui.hpp:3885""]","[""data\\gui\\palettes\\IconsLeft.pcx""]","[""UI/Sprites/ls_gui_window/IconsLeft/bob_0034.png""]",UI/Sprites/ls_gui_window/_index_data/bob_0034.png,PALETTE_EVIDENCED,PIXEL_CONFIRMED
data\gui\lang\eng\bobs\ls_gui_window.bmd,35,1,12,8,"[5, 3]","[""production_gameplay_ui.hpp:3887""]","[""data\\gui\\palettes\\IconsLeft.pcx""]","[""UI/Sprites/ls_gui_window/IconsLeft/bob_0035.png""]",UI/Sprites/ls_gui_window/_index_data/bob_0035.png,PALETTE_EVIDENCED,PIXEL_CONFIRMED
data\gui\lang\eng\bobs\ls_gui_window.bmd,36,1,12,8,"[5, 3]","[""production_gameplay_ui.hpp:3888""]","[""data\\gui\\palettes\\IconsLeft.pcx""]","[""UI/Sprites/ls_gui_window/IconsLeft/bob_0036.png""]",UI/Sprites/ls_gui_window/_index_data/bob_0036.png,PALETTE_EVIDENCED,PIXEL_CONFIRMED
data\gui\lang\eng\bobs\ls_gui_window.bmd,37,1,8,8,"[3, 3]","[""production_gameplay_ui.hpp:3889""]","[""data\\gui\\palettes\\IconsLeft.pcx""]","[""UI/Sprites/ls_gui_window/IconsLeft/bob_0037.png""]",UI/Sprites/ls_gui_window/_index_data/bob_0037.png,PALETTE_EVIDENCED,PIXEL_CONFIRMED
data\gui\lang\eng\bobs\ls_gui_window.bmd,38,1,8,8,"[2, 3]","[""production_gameplay_ui.hpp:3886""]","[""data\\gui\\palettes\\IconsLeft.pcx""]","[""UI/Sprites/ls_gui_window/IconsLeft/bob_0038.png""]",UI/Sprites/ls_gui_window/_index_data/bob_0038.png,PALETTE_EVIDENCED,PIXEL_CONFIRMED
data\gui\lang\eng\bobs\ls_gui_window.bmd,39,1,12,12,"[4, 6]",[],[],[],UI/Sprites/ls_gui_window/_index_data/bob_0039.png,PALETTE_UNKNOWN (index data only),UNKNOWN
data\gui\lang\eng\bobs\ls_gui_window.bmd,40,1,11,11,"[5, 6]",[],[],[],UI/Sprites/ls_gui_window/_index_data/bob_0040.png,PALETTE_UNKNOWN (index data only),UNKNOWN
data\gui\lang\eng\bobs\ls_gui_window.bmd,41,4,23,19,"[12, 9]",[],[],[],UI/Sprites/ls_gui_window/_index_data/bob_0041.png,PALETTE_UNKNOWN (index data only),UNKNOWN
data\gui\lang\eng\bobs\ls_gui_window.bmd,42,4,40,32,"[0, 0]","[""production_gameplay_ui.hpp:184""]","[""data\\gui\\palettes\\IconsLeft.pcx""]","[""UI/Sprites/ls_gui_window/IconsLeft/bob_0042.png""]",UI/Sprites/ls_gui_window/_index_data/bob_0042.png,PALETTE_EVIDENCED,PIXEL_CONFIRMED
data\gui\lang\eng\bobs\ls_gui_window.bmd,43,4,40,34,"[0, 0]","[""production_gameplay_ui.hpp:184""]","[""data\\gui\\palettes\\IconsLeft.pcx""]","[""UI/Sprites/ls_gui_window/IconsLeft/bob_0043.png""]",UI/Sprites/ls_gui_window/_index_data/bob_0043.png,PALETTE_EVIDENCED,PIXEL_CONFIRMED
data\gui\lang\eng\bobs\ls_gui_window.bmd,44,4,40,25,"[0, 0]","[""production_gameplay_ui.hpp:184""]","[""data\\gui\\palettes\\IconsLeft.pcx""]","[""UI/Sprites/ls_gui_window/IconsLeft/bob_0044.png""]",UI/Sprites/ls_gui_window/_index_data/bob_0044.png,PALETTE_EVIDENCED,PIXEL_CONFIRMED
data\gui\lang\eng\bobs\ls_gui_window.bmd,45,4,40,30,"[0, 0]","[""production_gameplay_ui.hpp:184""]","[""data\\gui\\palettes\\IconsLeft.pcx""]","[""UI/Sprites/ls_gui_window/IconsLeft/bob_0045.png""]",UI/Sprites/ls_gui_window/_index_data/bob_0045.png,PALETTE_EVIDENCED,PIXEL_CONFIRMED
data\gui\lang\eng\bobs\ls_gui_window.bmd,46,4,40,34,"[0, 0]","[""production_gameplay_ui.hpp:184""]","[""data\\gui\\palettes\\IconsLeft.pcx""]","[""UI/Sprites/ls_gui_window/IconsLeft/bob_0046.png""]",UI/Sprites/ls_gui_window/_index_data/bob_0046.png,PALETTE_EVIDENCED,PIXEL_CONFIRMED
data\gui\lang\eng\bobs\ls_gui_window.bmd,47,4,40,34,"[0, 0]","[""production_gameplay_ui.hpp:184""]","[""data\\gui\\palettes\\IconsLeft.pcx""]","[""UI/Sprites/ls_gui_window/IconsLeft/bob_0047.png""]",UI/Sprites/ls_gui_window/_index_data/bob_0047.png,PALETTE_EVIDENCED,PIXEL_CONFIRMED
data\gui\lang\eng\bobs\ls_gui_window.bmd,48,4,40,34,"[0, 0]","[""production_gameplay_ui.hpp:184""]","[""data\\gui\\palettes\\IconsLeft.pcx""]","[""UI/Sprites/ls_gui_window/IconsLeft/bob_0048.png""]",UI/Sprites/ls_gui_window/_index_data/bob_0048.png,PALETTE_EVIDENCED,PIXEL_CONFIRMED
data\gui\lang\eng\bobs\ls_gui_window.bmd,49,4,40,27,"[0, 0]","[""production_gameplay_ui.hpp:184"", ""production_gameplay_ui.hpp:1161""]","[""data\\gui\\palettes\\IconsLeft.pcx""]","[""UI/Sprites/ls_gui_window/IconsLeft/bob_0049.png""]",UI/Sprites/ls_gui_window/_index_data/bob_0049.png,PALETTE_EVIDENCED,PIXEL_CONFIRMED
data\gui\lang\eng\bobs\ls_gui_window.bmd,50,4,40,28,"[0, 0]","[""production_gameplay_ui.hpp:184""]","[""data\\gui\\palettes\\IconsLeft.pcx""]","[""UI/Sprites/ls_gui_window/IconsLeft/bob_0050.png""]",UI/Sprites/ls_gui_window/_index_data/bob_0050.png,PALETTE_EVIDENCED,PIXEL_CONFIRMED
data\gui\lang\eng\bobs\ls_gui_window.bmd,51,4,50,433,"[0, 0]","[""production_gameplay_ui.hpp:2507""]","[""data\\gui\\palettes\\IconsLeft.pcx""]","[""UI/Sprites/ls_gui_window/IconsLeft/bob_0051.png""]",UI/Sprites/ls_gui_window/_index_data/bob_0051.png,PALETTE_EVIDENCED,PIXEL_CONFIRMED
data\gui\lang\eng\bobs\ls_gui_window.bmd,52,4,40,27,"[0, 0]","[""production_gameplay_ui.hpp:1161""]","[""data\\gui\\palettes\\IconsLeft.pcx""]","[""UI/Sprites/ls_gui_window/IconsLeft/bob_0052.png""]",UI/Sprites/ls_gui_window/_index_data/bob_0052.png,PALETTE_EVIDENCED,PIXEL_CONFIRMED
data\gui\lang\eng\bobs\ls_gui_window.bmd,53,4,40,27,"[0, 0]","[""production_gameplay_ui.hpp:1161""]","[""data\\gui\\palettes\\IconsLeft.pcx""]","[""UI/Sprites/ls_gui_window/IconsLeft/bob_0053.png""]",UI/Sprites/ls_gui_window/_index_data/bob_0053.png,PALETTE_EVIDENCED,PIXEL_CONFIRMED
data\gui\lang\eng\bobs\ls_gui_window.bmd,54,4,40,27,"[0, 0]",[],[],[],UI/Sprites/ls_gui_window/_index_data/bob_0054.png,PALETTE_UNKNOWN (index data only),UNKNOWN
data\gui\lang\eng\bobs\ls_gui_window.bmd,55,4,149,133,"[0, 0]",[],[],[],UI/Sprites/ls_gui_window/_index_data/bob_0055.png,PALETTE_UNKNOWN (index data only),UNKNOWN
data\gui\lang\eng\bobs\ls_gui_window.bmd,56,4,40,36,"[0, 0]","[""production_gameplay_ui.hpp:184""]","[""data\\gui\\palettes\\IconsLeft.pcx""]","[""UI/Sprites/ls_gui_window/IconsLeft/bob_0056.png""]",UI/Sprites/ls_gui_window/_index_data/bob_0056.png,PALETTE_EVIDENCED,PIXEL_CONFIRMED
data\gui\lang\eng\bobs\ls_gui_window.bmd,57,4,30,17,"[0, 0]","[""production_gameplay_ui.hpp:206""]","[""data\\gui\\palettes\\IconsLeft.pcx""]","[""UI/Sprites/ls_gui_window/IconsLeft/bob_0057.png""]",UI/Sprites/ls_gui_window/_index_data/bob_0057.png,PALETTE_EVIDENCED,PIXEL_CONFIRMED
data\gui\lang\eng\bobs\ls_gui_window.bmd,58,4,30,21,"[0, 0]","[""production_gameplay_ui.hpp:206""]","[""data\\gui\\palettes\\IconsLeft.pcx""]","[""UI/Sprites/ls_gui_window/IconsLeft/bob_0058.png""]",UI/Sprites/ls_gui_window/_index_data/bob_0058.png,PALETTE_EVIDENCED,PIXEL_CONFIRMED
data\gui\lang\eng\bobs\ls_gui_window.bmd,59,4,30,23,"[0, 0]","[""production_gameplay_ui.hpp:206""]","[""data\\gui\\palettes\\IconsLeft.pcx""]","[""UI/Sprites/ls_gui_window/IconsLeft/bob_0059.png""]",UI/Sprites/ls_gui_window/_index_data/bob_0059.png,PALETTE_EVIDENCED,PIXEL_CONFIRMED
data\gui\lang\eng\bobs\ls_gui_window.bmd,60,4,30,29,"[0, 0]","[""production_gameplay_ui.hpp:206""]","[""data\\gui\\palettes\\IconsLeft.pcx""]","[""UI/Sprites/ls_gui_window/IconsLeft/bob_0060.png""]",UI/Sprites/ls_gui_window/_index_data/bob_0060.png,PALETTE_EVIDENCED,PIXEL_CONFIRMED
data\gui\lang\eng\bobs\ls_gui_window.bmd,61,4,30,29,"[0, 0]",[],[],[],UI/Sprites/ls_gui_window/_index_data/bob_0061.png,PALETTE_UNKNOWN (index data only),UNKNOWN
data\gui\lang\eng\bobs\ls_gui_window.bmd,62,4,30,29,"[0, 0]",[],[],[],UI/Sprites/ls_gui_window/_index_data/bob_0062.png,PALETTE_UNKNOWN (index data only),UNKNOWN
data\gui\lang\eng\bobs\ls_gui_window.bmd,63,4,126,41,"[0, 0]","[""production_gameplay_ui.hpp:2509""]","[""data\\gui\\palettes\\IconsLeft.pcx""]","[""UI/Sprites/ls_gui_window/IconsLeft/bob_0063.png""]",UI/Sprites/ls_gui_window/_index_data/bob_0063.png,PALETTE_EVIDENCED,PIXEL_CONFIRMED
data\gui\lang\eng\bobs\ls_gui_window.bmd,64,4,37,31,"[0, 0]","[""production_gameplay_ui.hpp:202"", ""production_gameplay_ui.hpp:1430""]","[""data\\gui\\palettes\\IconsLeft.pcx""]","[""UI/Sprites/ls_gui_window/IconsLeft/bob_0064.png""]",UI/Sprites/ls_gui_window/_index_data/bob_0064.png,PALETTE_EVIDENCED,PIXEL_CONFIRMED
data\gui\lang\eng\bobs\ls_gui_window.bmd,65,4,37,31,"[0, 0]","[""production_gameplay_ui.hpp:1430""]","[""data\\gui\\palettes\\IconsLeft.pcx""]","[""UI/Sprites/ls_gui_window/IconsLeft/bob_0065.png""]",UI/Sprites/ls_gui_window/_index_data/bob_0065.png,PALETTE_EVIDENCED,PIXEL_CONFIRMED
data\gui\lang\eng\bobs\ls_gui_window.bmd,66,4,37,31,"[0, 0]","[""production_gameplay_ui.hpp:1430""]","[""data\\gui\\palettes\\IconsLeft.pcx""]","[""UI/Sprites/ls_gui_window/IconsLeft/bob_0066.png""]",UI/Sprites/ls_gui_window/_index_data/bob_0066.png,PALETTE_EVIDENCED,PIXEL_CONFIRMED
data\gui\lang\eng\bobs\ls_gui_window.bmd,67,4,54,69,"[0, 0]",[],[],[],UI/Sprites/ls_gui_window/_index_data/bob_0067.png,PALETTE_UNKNOWN (index data only),UNKNOWN
data\gui\lang\eng\bobs\ls_gui_window.bmd,68,4,54,69,"[0, 0]",[],[],[],UI/Sprites/ls_gui_window/_index_data/bob_0068.png,PALETTE_UNKNOWN (index data only),UNKNOWN
data\gui\lang\eng\bobs\ls_gui_window.bmd,69,4,54,69,"[0, 0]",[],[],[],UI/Sprites/ls_gui_window/_index_data/bob_0069.png,PALETTE_UNKNOWN (index data only),UNKNOWN
data\gui\lang\eng\bobs\ls_gui_window.bmd,70,1,516,339,"[40, 52]",[],[],[],UI/Sprites/ls_gui_window/_index_data/bob_0070.png,PALETTE_UNKNOWN (index data only),UNKNOWN
data\gui\lang\eng\bobs\ls_gui_window.bmd,71,4,42,24,"[21, 11]",[],[],[],UI/Sprites/ls_gui_window/_index_data/bob_0071.png,PALETTE_UNKNOWN (index data only),UNKNOWN
data\gui\lang\eng\bobs\ls_gui_window.bmd,72,4,42,24,"[21, 11]",[],[],[],UI/Sprites/ls_gui_window/_index_data/bob_0072.png,PALETTE_UNKNOWN (index data only),UNKNOWN
data\gui\lang\eng\bobs\ls_gui_window.bmd,73,4,42,24,"[21, 11]",[],[],[],UI/Sprites/ls_gui_window/_index_data/bob_0073.png,PALETTE_UNKNOWN (index data only),UNKNOWN
data\gui\lang\eng\bobs\ls_gui_window.bmd,74,4,42,24,"[21, 11]",[],[],[],UI/Sprites/ls_gui_window/_index_data/bob_0074.png,PALETTE_UNKNOWN (index data only),UNKNOWN
data\gui\lang\eng\bobs\ls_gui_window.bmd,75,4,42,24,"[21, 11]",[],[],[],UI/Sprites/ls_gui_window/_index_data/bob_0075.png,PALETTE_UNKNOWN (index data only),UNKNOWN
data\gui\lang\eng\bobs\ls_gui_window.bmd,76,4,42,24,"[21, 11]",[],[],[],UI/Sprites/ls_gui_window/_index_data/bob_0076.png,PALETTE_UNKNOWN (index data only),UNKNOWN
data\gui\lang\eng\bobs\ls_gui_window.bmd,77,4,42,32,"[21, 16]",[],[],[],UI/Sprites/ls_gui_window/_index_data/bob_0077.png,PALETTE_UNKNOWN (index data only),UNKNOWN
data\gui\lang\eng\bobs\ls_gui_window.bmd,78,4,42,32,"[21, 16]",[],[],[],UI/Sprites/ls_gui_window/_index_data/bob_0078.png,PALETTE_UNKNOWN (index data only),UNKNOWN
data\gui\lang\eng\bobs\ls_gui_window.bmd,79,4,42,32,"[21, 16]",[],[],[],UI/Sprites/ls_gui_window/_index_data/bob_0079.png,PALETTE_UNKNOWN (index data only),UNKNOWN
data\gui\lang\eng\bobs\ls_gui_window.bmd,80,4,42,32,"[21, 16]",[],[],[],UI/Sprites/ls_gui_window/_index_data/bob_0080.png,PALETTE_UNKNOWN (index data only),UNKNOWN
data\gui\lang\eng\bobs\ls_gui_window.bmd,81,4,42,32,"[21, 16]",[],[],[],UI/Sprites/ls_gui_window/_index_data/bob_0081.png,PALETTE_UNKNOWN (index data only),UNKNOWN
data\gui\lang\eng\bobs\ls_gui_window.bmd,82,4,42,32,"[21, 16]",[],[],[],UI/Sprites/ls_gui_window/_index_data/bob_0082.png,PALETTE_UNKNOWN (index data only),UNKNOWN
data\gui\lang\eng\bobs\ls_gui_window.bmd,83,4,42,32,"[21, 16]",[],[],[],UI/Sprites/ls_gui_window/_index_data/bob_0083.png,PALETTE_UNKNOWN (index data only),UNKNOWN
data\gui\lang\eng\bobs\ls_gui_window.bmd,84,4,42,32,"[21, 16]",[],[],[],UI/Sprites/ls_gui_window/_index_data/bob_0084.png,PALETTE_UNKNOWN (index data only),UNKNOWN
data\gui\lang\eng\bobs\ls_gui_window.bmd,85,4,42,32,"[21, 16]",[],[],[],UI/Sprites/ls_gui_window/_index_data/bob_0085.png,PALETTE_UNKNOWN (index data only),UNKNOWN
data\gui\lang\eng\bobs\ls_gui_window.bmd,86,4,42,32,"[21, 16]",[],[],[],UI/Sprites/ls_gui_window/_index_data/bob_0086.png,PALETTE_UNKNOWN (index data only),UNKNOWN
data\gui\lang\eng\bobs\ls_gui_window.bmd,87,1,48,51,"[-3, -8]",[],[],[],UI/Sprites/ls_gui_window/_index_data/bob_0087.png,PALETTE_UNKNOWN (index data only),UNKNOWN
data\gui\lang\eng\bobs\ls_gui_window.bmd,88,1,48,47,"[-3, -8]",[],[],[],UI/Sprites/ls_gui_window/_index_data/bob_0088.png,PALETTE_UNKNOWN (index data only),UNKNOWN
data\gui\lang\eng\bobs\ls_gui_window.bmd,89,1,48,50,"[-3, -8]",[],[],[],UI/Sprites/ls_gui_window/_index_data/bob_0089.png,PALETTE_UNKNOWN (index data only),UNKNOWN
data\gui\lang\eng\bobs\ls_gui_window.bmd,90,1,48,48,"[-3, -10]",[],[],[],UI/Sprites/ls_gui_window/_index_data/bob_0090.png,PALETTE_UNKNOWN (index data only),UNKNOWN
data\gui\lang\eng\bobs\ls_gui_window.bmd,91,1,45,45,"[-5, -12]",[],[],[],UI/Sprites/ls_gui_window/_index_data/bob_0091.png,PALETTE_UNKNOWN (index data only),UNKNOWN
data\gui\lang\eng\bobs\ls_gui_window.bmd,92,1,47,44,"[-3, -9]",[],[],[],UI/Sprites/ls_gui_window/_index_data/bob_0092.png,PALETTE_UNKNOWN (index data only),UNKNOWN
data\gui\lang\eng\bobs\ls_gui_window.bmd,93,1,48,44,"[-3, -12]",[],[],[],UI/Sprites/ls_gui_window/_index_data/bob_0093.png,PALETTE_UNKNOWN (index data only),UNKNOWN
data\gui\lang\eng\bobs\ls_gui_window.bmd,94,1,48,44,"[-3, -8]",[],[],[],UI/Sprites/ls_gui_window/_index_data/bob_0094.png,PALETTE_UNKNOWN (index data only),UNKNOWN
data\gui\lang\eng\bobs\ls_gui_window.bmd,95,1,47,48,"[-3, -9]",[],[],[],UI/Sprites/ls_gui_window/_index_data/bob_0095.png,PALETTE_UNKNOWN (index data only),UNKNOWN
data\gui\lang\eng\bobs\ls_gui_window.bmd,96,4,33,33,"[16, 16]","[""selection_action_panel.hpp:100""]","[""data\\gui\\palettes\\Context.pcx""]","[""UI/Sprites/ls_gui_window/Context/bob_0096.png""]",UI/Sprites/ls_gui_window/_index_data/bob_0096.png,PALETTE_EVIDENCED,PIXEL_CONFIRMED
data\gui\lang\eng\bobs\ls_gui_window.bmd,97,4,33,33,"[16, 16]","[""selection_action_panel.hpp:100""]","[""data\\gui\\palettes\\Context.pcx""]","[""UI/Sprites/ls_gui_window/Context/bob_0097.png""]",UI/Sprites/ls_gui_window/_index_data/bob_0097.png,PALETTE_EVIDENCED,PIXEL_CONFIRMED
data\gui\lang\eng\bobs\ls_gui_window.bmd,98,4,33,33,"[16, 16]",[],[],[],UI/Sprites/ls_gui_window/_index_data/bob_0098.png,PALETTE_UNKNOWN (index data only),UNKNOWN
data\gui\lang\eng\bobs\ls_gui_window.bmd,99,4,33,33,"[16, 16]","[""selection_action_panel.hpp:104""]","[""data\\gui\\palettes\\Context.pcx""]","[""UI/Sprites/ls_gui_window/Context/bob_0099.png""]",UI/Sprites/ls_gui_window/_index_data/bob_0099.png,PALETTE_EVIDENCED,PIXEL_CONFIRMED
data\gui\lang\eng\bobs\ls_gui_window.bmd,100,4,33,33,"[16, 16]","[""selection_action_panel.hpp:103""]","[""data\\gui\\palettes\\Context.pcx""]","[""UI/Sprites/ls_gui_window/Context/bob_0100.png""]",UI/Sprites/ls_gui_window/_index_data/bob_0100.png,PALETTE_EVIDENCED,PIXEL_CONFIRMED
data\gui\lang\eng\bobs\ls_gui_window.bmd,101,4,33,33,"[16, 16]","[""selection_action_panel.hpp:98""]","[""data\\gui\\palettes\\Context.pcx""]","[""UI/Sprites/ls_gui_window/Context/bob_0101.png""]",UI/Sprites/ls_gui_window/_index_data/bob_0101.png,PALETTE_EVIDENCED,PIXEL_CONFIRMED
data\gui\lang\eng\bobs\ls_gui_window.bmd,102,4,33,33,"[16, 16]","[""selection_action_panel.hpp:99""]","[""data\\gui\\palettes\\Context.pcx""]","[""UI/Sprites/ls_gui_window/Context/bob_0102.png""]",UI/Sprites/ls_gui_window/_index_data/bob_0102.png,PALETTE_EVIDENCED,PIXEL_CONFIRMED
data\gui\lang\eng\bobs\ls_gui_window.bmd,103,4,33,33,"[16, 16]","[""selection_action_panel.hpp:101""]","[""data\\gui\\palettes\\Context.pcx""]","[""UI/Sprites/ls_gui_window/Context/bob_0103.png""]",UI/Sprites/ls_gui_window/_index_data/bob_0103.png,PALETTE_EVIDENCED,PIXEL_CONFIRMED
data\gui\lang\eng\bobs\ls_gui_window.bmd,104,4,33,33,"[16, 16]","[""selection_action_panel.hpp:97""]","[""data\\gui\\palettes\\Context.pcx""]","[""UI/Sprites/ls_gui_window/Context/bob_0104.png""]",UI/Sprites/ls_gui_window/_index_data/bob_0104.png,PALETTE_EVIDENCED,PIXEL_CONFIRMED
data\gui\lang\eng\bobs\ls_gui_window.bmd,105,4,33,33,"[16, 16]","[""selection_action_panel.hpp:98""]","[""data\\gui\\palettes\\Context.pcx""]","[""UI/Sprites/ls_gui_window/Context/bob_0105.png""]",UI/Sprites/ls_gui_window/_index_data/bob_0105.png,PALETTE_EVIDENCED,PIXEL_CONFIRMED
data\gui\lang\eng\bobs\ls_gui_window.bmd,106,4,33,33,"[16, 16]","[""selection_action_panel.hpp:98""]","[""data\\gui\\palettes\\Context.pcx""]","[""UI/Sprites/ls_gui_window/Context/bob_0106.png""]",UI/Sprites/ls_gui_window/_index_data/bob_0106.png,PALETTE_EVIDENCED,PIXEL_CONFIRMED
data\gui\lang\eng\bobs\ls_gui_window.bmd,107,4,33,33,"[16, 16]","[""selection_action_panel.hpp:96""]","[""data\\gui\\palettes\\Context.pcx""]","[""UI/Sprites/ls_gui_window/Context/bob_0107.png""]",UI/Sprites/ls_gui_window/_index_data/bob_0107.png,PALETTE_EVIDENCED,PIXEL_CONFIRMED
data\gui\lang\eng\bobs\ls_gui_window.bmd,108,4,33,33,"[16, 16]","[""selection_action_panel.hpp:96""]","[""data\\gui\\palettes\\Context.pcx""]","[""UI/Sprites/ls_gui_window/Context/bob_0108.png""]",UI/Sprites/ls_gui_window/_index_data/bob_0108.png,PALETTE_EVIDENCED,PIXEL_CONFIRMED
data\gui\lang\eng\bobs\ls_gui_window.bmd,109,4,33,33,"[16, 16]","[""selection_action_panel.hpp:96""]","[""data\\gui\\palettes\\Context.pcx""]","[""UI/Sprites/ls_gui_window/Context/bob_0109.png""]",UI/Sprites/ls_gui_window/_index_data/bob_0109.png,PALETTE_EVIDENCED,PIXEL_CONFIRMED
data\gui\lang\eng\bobs\ls_gui_window.bmd,110,4,33,33,"[-133, 153]",[],[],[],UI/Sprites/ls_gui_window/_index_data/bob_0110.png,PALETTE_UNKNOWN (index data only),UNKNOWN
data\gui\lang\eng\bobs\ls_gui_window.bmd,111,4,33,33,"[16, 16]","[""selection_action_panel.hpp:104""]","[""data\\gui\\palettes\\Context.pcx""]","[""UI/Sprites/ls_gui_window/Context/bob_0111.png""]",UI/Sprites/ls_gui_window/_index_data/bob_0111.png,PALETTE_EVIDENCED,PIXEL_CONFIRMED
data\gui\lang\eng\bobs\ls_gui_window.bmd,112,4,33,33,"[16, 16]","[""selection_action_panel.hpp:102""]","[""data\\gui\\palettes\\Context.pcx""]","[""UI/Sprites/ls_gui_window/Context/bob_0112.png""]",UI/Sprites/ls_gui_window/_index_data/bob_0112.png,PALETTE_EVIDENCED,PIXEL_CONFIRMED
data\gui\lang\eng\bobs\ls_gui_window.bmd,113,4,33,33,"[16, 16]",[],[],[],UI/Sprites/ls_gui_window/_index_data/bob_0113.png,PALETTE_UNKNOWN (index data only),UNKNOWN
data\gui\lang\eng\bobs\ls_gui_window.bmd,114,4,33,33,"[16, 16]","[""selection_action_panel.hpp:105""]","[""data\\gui\\palettes\\Context.pcx""]","[""UI/Sprites/ls_gui_window/Context/bob_0114.png""]",UI/Sprites/ls_gui_window/_index_data/bob_0114.png,PALETTE_EVIDENCED,PIXEL_CONFIRMED
data\gui\lang\eng\bobs\ls_gui_window.bmd,115,4,33,33,"[16, 16]","[""selection_action_panel.hpp:105""]","[""data\\gui\\palettes\\Context.pcx""]","[""UI/Sprites/ls_gui_window/Context/bob_0115.png""]",UI/Sprites/ls_gui_window/_index_data/bob_0115.png,PALETTE_EVIDENCED,PIXEL_CONFIRMED
data\gui\lang\eng\bobs\ls_gui_window.bmd,116,4,33,33,"[16, 16]","[""selection_action_panel.hpp:105""]","[""data\\gui\\palettes\\Context.pcx""]","[""UI/Sprites/ls_gui_window/Context/bob_0116.png""]",UI/Sprites/ls_gui_window/_index_data/bob_0116.png,PALETTE_EVIDENCED,PIXEL_CONFIRMED
data\gui\lang\eng\bobs\ls_gui_window.bmd,117,4,33,33,"[16, 16]","[""selection_action_panel.hpp:106""]","[""data\\gui\\palettes\\Context.pcx""]","[""UI/Sprites/ls_gui_window/Context/bob_0117.png""]",UI/Sprites/ls_gui_window/_index_data/bob_0117.png,PALETTE_EVIDENCED,PIXEL_CONFIRMED
data\gui\lang\eng\bobs\ls_gui_window.bmd,118,4,33,33,"[16, 16]","[""selection_action_panel.hpp:107""]","[""data\\gui\\palettes\\Context.pcx""]","[""UI/Sprites/ls_gui_window/Context/bob_0118.png""]",UI/Sprites/ls_gui_window/_index_data/bob_0118.png,PALETTE_EVIDENCED,PIXEL_CONFIRMED
data\gui\lang\eng\bobs\ls_gui_window.bmd,119,4,33,33,"[16, 16]","[""selection_action_panel.hpp:107""]","[""data\\gui\\palettes\\Context.pcx""]","[""UI/Sprites/ls_gui_window/Context/bob_0119.png""]",UI/Sprites/ls_gui_window/_index_data/bob_0119.png,PALETTE_EVIDENCED,PIXEL_CONFIRMED
data\gui\lang\eng\bobs\ls_gui_window.bmd,120,4,33,33,"[16, 16]","[""selection_action_panel.hpp:107""]","[""data\\gui\\palettes\\Context.pcx""]","[""UI/Sprites/ls_gui_window/Context/bob_0120.png""]",UI/Sprites/ls_gui_window/_index_data/bob_0120.png,PALETTE_EVIDENCED,PIXEL_CONFIRMED
data\gui\lang\eng\bobs\ls_gui_window.bmd,121,4,33,33,"[16, 16]","[""selection_action_panel.hpp:108""]","[""data\\gui\\palettes\\Context.pcx""]","[""UI/Sprites/ls_gui_window/Context/bob_0121.png""]",UI/Sprites/ls_gui_window/_index_data/bob_0121.png,PALETTE_EVIDENCED,PIXEL_CONFIRMED
data\gui\lang\eng\bobs\ls_gui_window.bmd,122,4,33,33,"[16, 16]","[""selection_action_panel.hpp:108""]","[""data\\gui\\palettes\\Context.pcx""]","[""UI/Sprites/ls_gui_window/Context/bob_0122.png""]",UI/Sprites/ls_gui_window/_index_data/bob_0122.png,PALETTE_EVIDENCED,PIXEL_CONFIRMED
data\gui\lang\eng\bobs\ls_gui_window.bmd,123,4,33,33,"[16, 16]","[""selection_action_panel.hpp:106""]","[""data\\gui\\palettes\\Context.pcx""]","[""UI/Sprites/ls_gui_window/Context/bob_0123.png""]",UI/Sprites/ls_gui_window/_index_data/bob_0123.png,PALETTE_EVIDENCED,PIXEL_CONFIRMED
data\gui\lang\eng\bobs\ls_gui_window.bmd,124,4,33,33,"[16, 16]","[""selection_action_panel.hpp:106""]","[""data\\gui\\palettes\\Context.pcx""]","[""UI/Sprites/ls_gui_window/Context/bob_0124.png""]",UI/Sprites/ls_gui_window/_index_data/bob_0124.png,PALETTE_EVIDENCED,PIXEL_CONFIRMED
data\gui\lang\eng\bobs\ls_gui_window.bmd,125,4,33,33,"[16, 16]","[""selection_action_panel.hpp:97""]","[""data\\gui\\palettes\\Context.pcx""]","[""UI/Sprites/ls_gui_window/Context/bob_0125.png""]",UI/Sprites/ls_gui_window/_index_data/bob_0125.png,PALETTE_EVIDENCED,PIXEL_CONFIRMED
data\gui\lang\eng\bobs\ls_gui_window.bmd,126,4,33,33,"[16, 16]","[""selection_action_panel.hpp:97""]","[""data\\gui\\palettes\\Context.pcx""]","[""UI/Sprites/ls_gui_window/Context/bob_0126.png""]",UI/Sprites/ls_gui_window/_index_data/bob_0126.png,PALETTE_EVIDENCED,PIXEL_CONFIRMED
data\gui\lang\eng\bobs\ls_gui_window.bmd,127,4,33,33,"[16, 16]","[""selection_action_panel.hpp:99""]","[""data\\gui\\palettes\\Context.pcx""]","[""UI/Sprites/ls_gui_window/Context/bob_0127.png""]",UI/Sprites/ls_gui_window/_index_data/bob_0127.png,PALETTE_EVIDENCED,PIXEL_CONFIRMED
data\gui\lang\eng\bobs\ls_gui_window.bmd,128,4,33,33,"[16, 16]","[""selection_action_panel.hpp:99""]","[""data\\gui\\palettes\\Context.pcx""]","[""UI/Sprites/ls_gui_window/Context/bob_0128.png""]",UI/Sprites/ls_gui_window/_index_data/bob_0128.png,PALETTE_EVIDENCED,PIXEL_CONFIRMED
data\gui\lang\eng\bobs\ls_gui_window.bmd,129,4,33,33,"[16, 16]","[""selection_action_panel.hpp:100""]","[""data\\gui\\palettes\\Context.pcx""]","[""UI/Sprites/ls_gui_window/Context/bob_0129.png""]",UI/Sprites/ls_gui_window/_index_data/bob_0129.png,PALETTE_EVIDENCED,PIXEL_CONFIRMED
data\gui\lang\eng\bobs\ls_gui_window.bmd,130,4,33,33,"[16, 16]","[""selection_action_panel.hpp:101""]","[""data\\gui\\palettes\\Context.pcx""]","[""UI/Sprites/ls_gui_window/Context/bob_0130.png""]",UI/Sprites/ls_gui_window/_index_data/bob_0130.png,PALETTE_EVIDENCED,PIXEL_CONFIRMED
data\gui\lang\eng\bobs\ls_gui_window.bmd,131,4,33,33,"[16, 16]","[""selection_action_panel.hpp:102""]","[""data\\gui\\palettes\\Context.pcx""]","[""UI/Sprites/ls_gui_window/Context/bob_0131.png""]",UI/Sprites/ls_gui_window/_index_data/bob_0131.png,PALETTE_EVIDENCED,PIXEL_CONFIRMED
data\gui\lang\eng\bobs\ls_gui_window.bmd,132,4,33,33,"[16, 16]","[""selection_action_panel.hpp:102""]","[""data\\gui\\palettes\\Context.pcx""]","[""UI/Sprites/ls_gui_window/Context/bob_0132.png""]",UI/Sprites/ls_gui_window/_index_data/bob_0132.png,PALETTE_EVIDENCED,PIXEL_CONFIRMED
data\gui\lang\eng\bobs\ls_gui_window.bmd,133,4,33,33,"[16, 16]","[""selection_action_panel.hpp:101""]","[""data\\gui\\palettes\\Context.pcx""]","[""UI/Sprites/ls_gui_window/Context/bob_0133.png""]",UI/Sprites/ls_gui_window/_index_data/bob_0133.png,PALETTE_EVIDENCED,PIXEL_CONFIRMED
data\gui\lang\eng\bobs\ls_gui_window.bmd,134,4,33,33,"[16, 16]","[""selection_action_panel.hpp:103""]","[""data\\gui\\palettes\\Context.pcx""]","[""UI/Sprites/ls_gui_window/Context/bob_0134.png""]",UI/Sprites/ls_gui_window/_index_data/bob_0134.png,PALETTE_EVIDENCED,PIXEL_CONFIRMED
data\gui\lang\eng\bobs\ls_gui_window.bmd,135,4,33,33,"[16, 16]","[""selection_action_panel.hpp:103""]","[""data\\gui\\palettes\\Context.pcx""]","[""UI/Sprites/ls_gui_window/Context/bob_0135.png""]",UI/Sprites/ls_gui_window/_index_data/bob_0135.png,PALETTE_EVIDENCED,PIXEL_CONFIRMED
data\gui\lang\eng\bobs\ls_gui_window.bmd,136,4,33,33,"[16, 16]","[""selection_action_panel.hpp:104""]","[""data\\gui\\palettes\\Context.pcx""]","[""UI/Sprites/ls_gui_window/Context/bob_0136.png""]",UI/Sprites/ls_gui_window/_index_data/bob_0136.png,PALETTE_EVIDENCED,PIXEL_CONFIRMED
data\gui\lang\eng\bobs\ls_gui_window.bmd,137,4,29,27,"[0, 0]","[""production_gameplay_ui.hpp:206""]","[""data\\gui\\palettes\\IconsLeft.pcx""]","[""UI/Sprites/ls_gui_window/IconsLeft/bob_0137.png""]",UI/Sprites/ls_gui_window/_index_data/bob_0137.png,PALETTE_EVIDENCED,PIXEL_CONFIRMED
data\gui\lang\eng\bobs\ls_gui_window.bmd,138,4,39,57,"[20, 35]",[],[],[],UI/Sprites/ls_gui_window/_index_data/bob_0138.png,PALETTE_UNKNOWN (index data only),UNKNOWN
data\gui\lang\eng\bobs\ls_gui_window.bmd,139,4,41,57,"[20, 25]",[],[],[],UI/Sprites/ls_gui_window/_index_data/bob_0139.png,PALETTE_UNKNOWN (index data only),UNKNOWN
data\gui\lang\eng\bobs\ls_gui_window.bmd,140,4,42,57,"[24, 30]",[],[],[],UI/Sprites/ls_gui_window/_index_data/bob_0140.png,PALETTE_UNKNOWN (index data only),UNKNOWN
data\gui\lang\eng\bobs\ls_gui_window.bmd,141,4,42,57,"[17, 30]",[],[],[],UI/Sprites/ls_gui_window/_index_data/bob_0141.png,PALETTE_UNKNOWN (index data only),UNKNOWN
data\gui\lang\eng\bobs\ls_gui_window.bmd,142,1,16,14,"[8, 6]",[],[],[],UI/Sprites/ls_gui_window/_index_data/bob_0142.png,PALETTE_UNKNOWN (index data only),UNKNOWN
data\gui\lang\eng\bobs\ls_gui_window.bmd,143,1,9,14,"[4, 8]",[],[],[],UI/Sprites/ls_gui_window/_index_data/bob_0143.png,PALETTE_UNKNOWN (index data only),UNKNOWN
data\gui\lang\eng\bobs\ls_gui_window.bmd,144,1,9,9,"[5, 4]",[],[],[],UI/Sprites/ls_gui_window/_index_data/bob_0144.png,PALETTE_UNKNOWN (index data only),UNKNOWN
data\gui\lang\eng\bobs\ls_gui_window.bmd,145,4,38,38,"[19, 18]",[],[],[],UI/Sprites/ls_gui_window/_index_data/bob_0145.png,PALETTE_UNKNOWN (index data only),UNKNOWN
data\gui\lang\eng\bobs\ls_gui_window.bmd,146,4,20,18,"[9, 8]",[],[],[],UI/Sprites/ls_gui_window/_index_data/bob_0146.png,PALETTE_UNKNOWN (index data only),UNKNOWN
data\gui\lang\eng\bobs\ls_gui_window.bmd,147,4,20,18,"[9, 8]",[],[],[],UI/Sprites/ls_gui_window/_index_data/bob_0147.png,PALETTE_UNKNOWN (index data only),UNKNOWN
data\gui\lang\eng\bobs\ls_gui_window.bmd,148,4,20,18,"[9, 8]",[],[],[],UI/Sprites/ls_gui_window/_index_data/bob_0148.png,PALETTE_UNKNOWN (index data only),UNKNOWN
data\gui\lang\eng\bobs\ls_gui_window.bmd,149,4,20,18,"[9, 8]",[],[],[],UI/Sprites/ls_gui_window/_index_data/bob_0149.png,PALETTE_UNKNOWN (index data only),UNKNOWN
data\gui\lang\eng\bobs\ls_gui_window.bmd,150,4,20,18,"[9, 8]",[],[],[],UI/Sprites/ls_gui_window/_index_data/bob_0150.png,PALETTE_UNKNOWN (index data only),UNKNOWN
data\gui\lang\eng\bobs\ls_gui_window.bmd,151,4,20,18,"[9, 8]",[],[],[],UI/Sprites/ls_gui_window/_index_data/bob_0151.png,PALETTE_UNKNOWN (index data only),UNKNOWN
data\gui\lang\eng\bobs\ls_gui_window.bmd,152,4,20,18,"[9, 8]",[],[],[],UI/Sprites/ls_gui_window/_index_data/bob_0152.png,PALETTE_UNKNOWN (index data only),UNKNOWN
data\gui\lang\eng\bobs\ls_gui_window.bmd,153,4,20,18,"[9, 8]",[],[],[],UI/Sprites/ls_gui_window/_index_data/bob_0153.png,PALETTE_UNKNOWN (index data only),UNKNOWN
data\gui\lang\eng\bobs\ls_gui_window.bmd,154,4,20,18,"[9, 8]",[],[],[],UI/Sprites/ls_gui_window/_index_data/bob_0154.png,PALETTE_UNKNOWN (index data only),UNKNOWN
data\gui\lang\eng\bobs\ls_gui_window.bmd,155,4,20,18,"[9, 8]",[],[],[],UI/Sprites/ls_gui_window/_index_data/bob_0155.png,PALETTE_UNKNOWN (index data only),UNKNOWN
data\gui\lang\eng\bobs\ls_gui_window.bmd,156,4,20,18,"[9, 8]",[],[],[],UI/Sprites/ls_gui_window/_index_data/bob_0156.png,PALETTE_UNKNOWN (index data only),UNKNOWN
data\gui\lang\eng\bobs\ls_gui_window.bmd,157,4,42,24,"[21, 16]",[],[],[],UI/Sprites/ls_gui_window/_index_data/bob_0157.png,PALETTE_UNKNOWN (index data only),UNKNOWN
data\gui\lang\eng\bobs\ls_gui_window.bmd,158,4,70,22,"[32, 12]",[],[],[],UI/Sprites/ls_gui_window/_index_data/bob_0158.png,PALETTE_UNKNOWN (index data only),UNKNOWN
data\gui\lang\eng\bobs\ls_gui_window.bmd,159,4,70,22,"[32, 12]",[],[],[],UI/Sprites/ls_gui_window/_index_data/bob_0159.png,PALETTE_UNKNOWN (index data only),UNKNOWN
data\gui\lang\eng\bobs\ls_gui_window.bmd,160,4,70,22,"[32, 12]",[],[],[],UI/Sprites/ls_gui_window/_index_data/bob_0160.png,PALETTE_UNKNOWN (index data only),UNKNOWN
data\gui\lang\eng\bobs\ls_gui_window.bmd,161,4,70,22,"[32, 12]",[],[],[],UI/Sprites/ls_gui_window/_index_data/bob_0161.png,PALETTE_UNKNOWN (index data only),UNKNOWN
data\gui\lang\eng\bobs\ls_gui_window.bmd,162,4,70,22,"[32, 12]",[],[],[],UI/Sprites/ls_gui_window/_index_data/bob_0162.png,PALETTE_UNKNOWN (index data only),UNKNOWN
data\gui\lang\eng\bobs\ls_gui_window.bmd,163,4,70,22,"[32, 12]",[],[],[],UI/Sprites/ls_gui_window/_index_data/bob_0163.png,PALETTE_UNKNOWN (index data only),UNKNOWN
data\gui\lang\eng\bobs\ls_gui_window.bmd,164,4,70,22,"[32, 12]",[],[],[],UI/Sprites/ls_gui_window/_index_data/bob_0164.png,PALETTE_UNKNOWN (index data only),UNKNOWN
data\gui\lang\eng\bobs\ls_gui_window.bmd,165,4,96,18,"[48, 10]",[],[],[],UI/Sprites/ls_gui_window/_index_data/bob_0165.png,PALETTE_UNKNOWN (index data only),UNKNOWN
data\gui\lang\eng\bobs\ls_gui_window.bmd,166,4,96,18,"[48, 10]",[],[],[],UI/Sprites/ls_gui_window/_index_data/bob_0166.png,PALETTE_UNKNOWN (index data only),UNKNOWN
data\gui\lang\eng\bobs\ls_gui_window.bmd,167,4,96,18,"[48, 10]",[],[],[],UI/Sprites/ls_gui_window/_index_data/bob_0167.png,PALETTE_UNKNOWN (index data only),UNKNOWN
data\gui\lang\eng\bobs\ls_gui_window.bmd,168,4,96,18,"[48, 10]",[],[],[],UI/Sprites/ls_gui_window/_index_data/bob_0168.png,PALETTE_UNKNOWN (index data only),UNKNOWN
data\gui\lang\eng\bobs\ls_gui_window.bmd,169,4,96,18,"[48, 10]",[],[],[],UI/Sprites/ls_gui_window/_index_data/bob_0169.png,PALETTE_UNKNOWN (index data only),UNKNOWN
data\gui\lang\eng\bobs\ls_gui_window.bmd,170,4,32,18,"[16, 10]",[],[],[],UI/Sprites/ls_gui_window/_index_data/bob_0170.png,PALETTE_UNKNOWN (index data only),UNKNOWN
data\gui\lang\eng\bobs\ls_gui_window.bmd,171,4,32,18,"[16, 10]",[],[],[],UI/Sprites/ls_gui_window/_index_data/bob_0171.png,PALETTE_UNKNOWN (index data only),UNKNOWN
data\gui\lang\eng\bobs\ls_gui_window.bmd,172,4,32,18,"[16, 10]",[],[],[],UI/Sprites/ls_gui_window/_index_data/bob_0172.png,PALETTE_UNKNOWN (index data only),UNKNOWN
data\gui\lang\eng\bobs\ls_gui_window.bmd,173,4,32,18,"[16, 10]",[],[],[],UI/Sprites/ls_gui_window/_index_data/bob_0173.png,PALETTE_UNKNOWN (index data only),UNKNOWN
data\gui\lang\eng\bobs\ls_gui_window.bmd,174,4,32,18,"[16, 10]",[],[],[],UI/Sprites/ls_gui_window/_index_data/bob_0174.png,PALETTE_UNKNOWN (index data only),UNKNOWN
data\gui\lang\eng\bobs\ls_gui_window.bmd,175,4,32,18,"[16, 10]",[],[],[],UI/Sprites/ls_gui_window/_index_data/bob_0175.png,PALETTE_UNKNOWN (index data only),UNKNOWN
data\gui\lang\eng\bobs\ls_gui_window.bmd,176,4,32,18,"[16, 10]",[],[],[],UI/Sprites/ls_gui_window/_index_data/bob_0176.png,PALETTE_UNKNOWN (index data only),UNKNOWN
data\gui\lang\eng\bobs\ls_gui_window.bmd,177,4,32,18,"[16, 10]",[],[],[],UI/Sprites/ls_gui_window/_index_data/bob_0177.png,PALETTE_UNKNOWN (index data only),UNKNOWN
data\gui\lang\eng\bobs\ls_gui_window.bmd,178,4,24,39,"[12, 18]","[""production_gameplay_ui.hpp:5014"", ""production_frontend.cpp:351"", ""production_gameplay_ui.hpp:4655"", ""production_gameplay_ui.hpp:5107""]","[""data\\gui\\palettes\\IconsLeft.pcx""]","[""UI/Sprites/ls_gui_window/IconsLeft/bob_0178.png""]",UI/Sprites/ls_gui_window/_index_data/bob_0178.png,PALETTE_EVIDENCED,PIXEL_CONFIRMED
data\gui\lang\eng\bobs\ls_gui_window.bmd,179,4,39,30,"[20, 14]","[""production_gameplay_ui.hpp:184""]","[""data\\gui\\palettes\\IconsLeft.pcx""]","[""UI/Sprites/ls_gui_window/IconsLeft/bob_0179.png""]",UI/Sprites/ls_gui_window/_index_data/bob_0179.png,PALETTE_EVIDENCED,PIXEL_CONFIRMED
data\gui\lang\eng\bobs\ls_gui_window.bmd,180,4,15,8,"[0, -6]","[""production_gameplay_ui.hpp:4045""]","[""data\\gui\\palettes\\IconsLeft.pcx""]","[""UI/Sprites/ls_gui_window/IconsLeft/bob_0180.png""]",UI/Sprites/ls_gui_window/_index_data/bob_0180.png,PALETTE_EVIDENCED,PIXEL_CONFIRMED
data\gui\lang\eng\bobs\ls_gui_window.bmd,181,1,17,16,"[1, 1]",[],[],[],UI/Sprites/ls_gui_window/_index_data/bob_0181.png,PALETTE_UNKNOWN (index data only),UNKNOWN
data\gui\lang\eng\bobs\ls_gui_window.bmd,182,1,18,17,"[2, 2]",[],[],[],UI/Sprites/ls_gui_window/_index_data/bob_0182.png,PALETTE_UNKNOWN (index data only),UNKNOWN
data\gui\lang\eng\bobs\ls_gui_window.bmd,183,1,25,24,"[9, 9]",[],[],[],UI/Sprites/ls_gui_window/_index_data/bob_0183.png,PALETTE_UNKNOWN (index data only),UNKNOWN
data\gui\lang\eng\bobs\ls_gui_window.bmd,184,4,25,23,"[14, 11]",[],[],[],UI/Sprites/ls_gui_window/_index_data/bob_0184.png,PALETTE_UNKNOWN (index data only),UNKNOWN
data\gui\lang\eng\bobs\ls_gui_window.bmd,185,4,25,23,"[12, 11]",[],[],[],UI/Sprites/ls_gui_window/_index_data/bob_0185.png,PALETTE_UNKNOWN (index data only),UNKNOWN
data\gui\lang\eng\bobs\ls_gui_window.bmd,186,1,59,50,"[29, 25]",[],[],[],UI/Sprites/ls_gui_window/_index_data/bob_0186.png,PALETTE_UNKNOWN (index data only),UNKNOWN
data\gui\lang\eng\bobs\ls_gui_window.bmd,187,1,75,62,"[37, 31]",[],[],[],UI/Sprites/ls_gui_window/_index_data/bob_0187.png,PALETTE_UNKNOWN (index data only),UNKNOWN
data\gui\lang\eng\bobs\ls_gui_window.bmd,188,1,83,68,"[41, 34]",[],[],[],UI/Sprites/ls_gui_window/_index_data/bob_0188.png,PALETTE_UNKNOWN (index data only),UNKNOWN
data\gui\lang\eng\bobs\ls_gui_window.bmd,189,1,83,68,"[41, 34]",[],[],[],UI/Sprites/ls_gui_window/_index_data/bob_0189.png,PALETTE_UNKNOWN (index data only),UNKNOWN
data\gui\lang\eng\bobs\ls_gui_window.bmd,190,1,75,62,"[37, 31]",[],[],[],UI/Sprites/ls_gui_window/_index_data/bob_0190.png,PALETTE_UNKNOWN (index data only),UNKNOWN
data\gui\lang\eng\bobs\ls_gui_window.bmd,191,1,59,50,"[29, 25]",[],[],[],UI/Sprites/ls_gui_window/_index_data/bob_0191.png,PALETTE_UNKNOWN (index data only),UNKNOWN
data\gui\lang\eng\bobs\ls_gui_window.bmd,192,4,96,18,"[48, 10]",[],[],[],UI/Sprites/ls_gui_window/_index_data/bob_0192.png,PALETTE_UNKNOWN (index data only),UNKNOWN
data\gui\lang\eng\bobs\ls_menu_logos.bmd,0,4,737,218,"[0, 0]","[""production_frontend.cpp:322""]","[""data\\engine2d\\bin\\palettes\\gui\\menu_funatics.pcx""]","[""UI/Sprites/ls_menu_logos/menu_funatics/bob_0000.png""]",UI/Sprites/ls_menu_logos/_index_data/bob_0000.png,PALETTE_EVIDENCED,PIXEL_CONFIRMED
data\gui\lang\eng\bobs\ls_menu_logos.bmd,1,4,164,149,"[0, 0]","[""production_frontend.cpp:324""]","[""data\\engine2d\\bin\\palettes\\gui\\menu_funatics.pcx""]","[""UI/Sprites/ls_menu_logos/menu_funatics/bob_0001.png""]",UI/Sprites/ls_menu_logos/_index_data/bob_0001.png,PALETTE_EVIDENCED,PIXEL_CONFIRMED
data\gui\lang\eng\bobs\ls_menu_logos.bmd,2,4,524,558,"[-177, -8]","[""production_frontend.cpp:321""]","[""data\\gui\\palettes\\campaignmap.pcx""]","[""UI/Sprites/ls_menu_logos/campaignmap/bob_0002.png""]",UI/Sprites/ls_menu_logos/_index_data/bob_0002.png,PALETTE_EVIDENCED,PIXEL_CONFIRMED
data\gui\lang\eng\bobs\ls_menu_logos.bmd,3,4,85,86,"[-290, -192]",[],[],[],UI/Sprites/ls_menu_logos/_index_data/bob_0003.png,PALETTE_UNKNOWN (index data only),UNKNOWN
data\gui\lang\eng\bobs\ls_menu_logos.bmd,4,4,151,77,"[-330, -269]",[],[],[],UI/Sprites/ls_menu_logos/_index_data/bob_0004.png,PALETTE_UNKNOWN (index data only),UNKNOWN
data\gui\lang\eng\bobs\ls_menu_logos.bmd,5,4,142,117,"[-279, -269]",[],[],[],UI/Sprites/ls_menu_logos/_index_data/bob_0005.png,PALETTE_UNKNOWN (index data only),UNKNOWN
data\gui\lang\eng\bobs\ls_menu_logos.bmd,6,4,70,34,"[-415, -345]",[],[],[],UI/Sprites/ls_menu_logos/_index_data/bob_0006.png,PALETTE_UNKNOWN (index data only),UNKNOWN
data\gui\lang\eng\bobs\ls_menu_logos.bmd,7,4,14,40,"[-478, -345]",[],[],[],UI/Sprites/ls_menu_logos/_index_data/bob_0007.png,PALETTE_UNKNOWN (index data only),UNKNOWN
data\gui\lang\eng\bobs\ls_menu_logos.bmd,8,4,9,31,"[-495, -354]",[],[],[],UI/Sprites/ls_menu_logos/_index_data/bob_0008.png,PALETTE_UNKNOWN (index data only),UNKNOWN
data\gui\lang\eng\bobs\ls_menu_logos.bmd,9,4,96,71,"[-437, -350]",[],[],[],UI/Sprites/ls_menu_logos/_index_data/bob_0009.png,PALETTE_UNKNOWN (index data only),UNKNOWN
data\gui\lang\eng\bobs\ls_menu_logos.bmd,10,4,44,40,"[-527, -383]",[],[],[],UI/Sprites/ls_menu_logos/_index_data/bob_0010.png,PALETTE_UNKNOWN (index data only),UNKNOWN
data\gui\lang\eng\bobs\ls_menu_logos.bmd,11,4,237,148,"[-334, -270]",[],[],[],UI/Sprites/ls_menu_logos/_index_data/bob_0011.png,PALETTE_UNKNOWN (index data only),UNKNOWN
data\gui\lang\eng\bobs\ls_menu_logos.bmd,12,4,711,572,"[-33, -11]",[],[],[],UI/Sprites/ls_menu_logos/_index_data/bob_0012.png,PALETTE_UNKNOWN (index data only),UNKNOWN
data\gui\lang\eng\bobs\ls_menu_logos.bmd,13,4,116,51,"[-484, -291]",[],[],[],UI/Sprites/ls_menu_logos/_index_data/bob_0013.png,PALETTE_UNKNOWN (index data only),UNKNOWN
data\gui\lang\eng\bobs\ls_menu_logos.bmd,14,4,122,115,"[-478, -252]",[],[],[],UI/Sprites/ls_menu_logos/_index_data/bob_0014.png,PALETTE_UNKNOWN (index data only),UNKNOWN
data\gui\lang\eng\bobs\ls_menu_logos.bmd,15,4,122,115,"[-478, -252]",[],[],[],UI/Sprites/ls_menu_logos/_index_data/bob_0015.png,PALETTE_UNKNOWN (index data only),UNKNOWN
data\gui\lang\eng\bobs\ls_menu_logos.bmd,16,4,133,137,"[-467, -230]",[],[],[],UI/Sprites/ls_menu_logos/_index_data/bob_0016.png,PALETTE_UNKNOWN (index data only),UNKNOWN
data\gui\lang\eng\bobs\ls_menu_logos.bmd,17,4,197,146,"[-403, -221]",[],[],[],UI/Sprites/ls_menu_logos/_index_data/bob_0017.png,PALETTE_UNKNOWN (index data only),UNKNOWN
data\gui\lang\eng\bobs\ls_menu_logos.bmd,18,4,221,147,"[-379, -221]",[],[],[],UI/Sprites/ls_menu_logos/_index_data/bob_0018.png,PALETTE_UNKNOWN (index data only),UNKNOWN
data\gui\lang\eng\bobs\ls_menu_logos.bmd,19,4,221,160,"[-379, -221]",[],[],[],UI/Sprites/ls_menu_logos/_index_data/bob_0019.png,PALETTE_UNKNOWN (index data only),UNKNOWN
