TRIBE_ID,TRIBE,TYPE_ID,ANIMATION_JOB_ID,NATIVE_NAME,ENGLISH,SEX_AGE,NATIVE_ALLOWED,PARENT_CHAIN,BINDINGS,ANIMATIONS,RENDER_STATUS,ATOMICS_WITHOUT_GRAPHICS,STATUS,PRESENTATION,METADATA,DETAIL_PAGE,BROWSER_ROUTE,VEHICLE_DEFINITION,NATIVE_DECLARATION,NOTE
1,Vikings,1,50,handcart,Handcart,,True,[50],"[{""phase"": ""initial"", ""section"": 0, ""inheritedFrom"": null, ""body"": [""Data\\Engine2D\\Bin\\Bobs\\CR_Veh_Body_00.bmd""], ""heads"": [], ""palettes"": [""goods01""], ""headPalettes"": [], ""random"": []}]",2,"{""RENDERED"": 2}",0,PIXEL_CONFIRMED,PRESENTATION_PARTIAL,Vikings/Vehicles/type_1_handcart/metadata.json,Vikings/Vehicles/type_1_handcart/index.html,Vikings/Vehicles/index.html,"{""section"": ""vehicletype"", ""commands"": [{""name"": ""type"", ""arguments"": [1]}, {""name"": ""name"", ""arguments"": [""handcart""]}, {""name"": ""logicsize"", ""arguments"": [0]}, {""name"": ""stockslots"", ""arguments"": [10]}, {""name"": ""logicgood"", ""arguments"": [16]}, {""name"": ""logicgood"", ""arguments"": [17]}, {""name"": ""logicgood"", ""arguments"": [43]}, {""name"": ""logicgood"", ""arguments"": [1]}, {""name"": ""logicgood"", ""arguments"": [2]}, {""name"": ""logicgood"", ""arguments"": [3]}, {""name"": ""logicgood"", ""arguments"": [4]}, {""name"": ""logicgood"", ""arguments"": [5]}, {""name"": ""logicgood"", ""arguments"": [9]}, {""name"": ""logicgood"", ""arguments"": [10]}, {""name"": ""logicgood"", ""arguments"": [6]}, {""name"": ""logicgood"", ""arguments"": [7]}, {""name"": ""logicgood"", ""arguments"": [8]}, {""name"": ""logicgood"", ""arguments"": [11]}, {""name"": ""logicgood"", ""arguments"": [12]}, {""name"": ""logicgood"", ""arguments"": [13]}, {""name"": ""logicgood"", ""arguments"": [14]}, {""name"": ""logicgood"", ""arguments"": [15]}, {""name"": ""logicgood"", ""arguments"": [24]}, {""name"": ""logicgood"", ""arguments"": [25]}, {""name"": ""logicgood"", ""arguments"": [26]}, {""name"": ""logicgood"", ""arguments"": [27]}, {""name"": ""logicgood"", ""arguments"": [28]}, {""name"": ""logicgood"", ""arguments"": [29]}, {""name"": ""logicgood"", ""arguments"": [30]}, {""name"": ""logicgood"", ""arguments"": [31]}, {""name"": ""logicgood"", ""arguments"": [32]}, {""name"": ""logicgood"", ""arguments"": [33]}, {""name"": ""logicgood"", ""arguments"": [34]}, {""name"": ""logicgood"", ""arguments"": [35]}, {""name"": ""logicgood"", ""arguments"": [36]}, {""name"": ""logicgood"", ""arguments"": [37]}, {""name"": ""logicgood"", ""arguments"": [38]}, {""name"": ""logicgood"", ""arguments"": [39]}, {""name"": ""logicgood"", ""arguments"": [40]}, {""name"": ""logicgood"", ""arguments"": [41]}, {""name"": ""logicgood"", ""arguments"": [42]}, {""name"": ""logicgood"", ""arguments"": [44]}, {""name"": ""logicgood"", ""arguments"": [45]}, {""name"": ""logicgood"", ""arguments"": [46]}, {""name"": ""logicgood"", ""arguments"": [47]}, {""name"": ""logicgood"", ""arguments"": [48]}, {""name"": ""logicgood"", ""arguments"": [49]}, {""name"": ""logicgood"", ""arguments"": [50]}, {""name"": ""logicgood"", ""arguments"": [51]}, {""name"": ""logicgood"", ""arguments"": [52]}, {""name"": ""logicgood"", ""arguments"": [53]}, {""name"": ""logicgood"", ""arguments"": [54]}, {""name"": ""logicgood"", ""arguments"": [55]}, {""name"": ""passengerslots"", ""arguments"": [0]}, {""name"": ""logicpassenger"", ""arguments"": [25]}, {""name"": ""logicpassenger"", ""arguments"": [24]}, {""name"": ""logiccommander"", ""arguments"": [25]}, {""name"": ""debugcolor"", ""arguments"": [0, 100, 100]}, {""name"": ""debugradius"", ""arguments"": [10]}]}",GRAPHICS_BOUND,
1,Vikings,2,51,oxcart,Ox Cart,,True,[51],"[{""phase"": ""initial"", ""section"": 1, ""inheritedFrom"": null, ""body"": [""Data\\Engine2D\\Bin\\Bobs\\CR_Veh_Body_00.bmd""], ""heads"": [], ""palettes"": [""oxcart""], ""headPalettes"": [], ""random"": []}]",2,"{""RENDERED"": 2}",0,PIXEL_CONFIRMED,PRESENTATION_PARTIAL,Vikings/Vehicles/type_2_oxcart/metadata.json,Vikings/Vehicles/type_2_oxcart/index.html,Vikings/Vehicles/index.html,"{""section"": ""vehicletype"", ""commands"": [{""name"": ""type"", ""arguments"": [2]}, {""name"": ""name"", ""arguments"": [""oxcart""]}, {""name"": ""logicsize"", ""arguments"": [0]}, {""name"": ""stockslots"", ""arguments"": [20]}, {""name"": ""logicgood"", ""arguments"": [16]}, {""name"": ""logicgood"", ""arguments"": [17]}, {""name"": ""logicgood"", ""arguments"": [43]}, {""name"": ""logicgood"", ""arguments"": [1]}, {""name"": ""logicgood"", ""arguments"": [2]}, {""name"": ""logicgood"", ""arguments"": [3]}, {""name"": ""logicgood"", ""arguments"": [4]}, {""name"": ""logicgood"", ""arguments"": [5]}, {""name"": ""logicgood"", ""arguments"": [9]}, {""name"": ""logicgood"", ""arguments"": [10]}, {""name"": ""logicgood"", ""arguments"": [6]}, {""name"": ""logicgood"", ""arguments"": [7]}, {""name"": ""logicgood"", ""arguments"": [8]}, {""name"": ""logicgood"", ""arguments"": [11]}, {""name"": ""logicgood"", ""arguments"": [12]}, {""name"": ""logicgood"", ""arguments"": [13]}, {""name"": ""logicgood"", ""arguments"": [14]}, {""name"": ""logicgood"", ""arguments"": [15]}, {""name"": ""logicgood"", ""arguments"": [24]}, {""name"": ""logicgood"", ""arguments"": [25]}, {""name"": ""logicgood"", ""arguments"": [26]}, {""name"": ""logicgood"", ""arguments"": [27]}, {""name"": ""logicgood"", ""arguments"": [28]}, {""name"": ""logicgood"", ""arguments"": [29]}, {""name"": ""logicgood"", ""arguments"": [30]}, {""name"": ""logicgood"", ""arguments"": [31]}, {""name"": ""logicgood"", ""arguments"": [32]}, {""name"": ""logicgood"", ""arguments"": [33]}, {""name"": ""logicgood"", ""arguments"": [34]}, {""name"": ""logicgood"", ""arguments"": [35]}, {""name"": ""logicgood"", ""arguments"": [36]}, {""name"": ""logicgood"", ""arguments"": [37]}, {""name"": ""logicgood"", ""arguments"": [38]}, {""name"": ""logicgood"", ""arguments"": [39]}, {""name"": ""logicgood"", ""arguments"": [40]}, {""name"": ""logicgood"", ""arguments"": [41]}, {""name"": ""logicgood"", ""arguments"": [42]}, {""name"": ""logicgood"", ""arguments"": [44]}, {""name"": ""logicgood"", ""arguments"": [45]}, {""name"": ""logicgood"", ""arguments"": [46]}, {""name"": ""logicgood"", ""arguments"": [47]}, {""name"": ""logicgood"", ""arguments"": [48]}, {""name"": ""logicgood"", ""arguments"": [49]}, {""name"": ""logicgood"", ""arguments"": [50]}, {""name"": ""logicgood"", ""arguments"": [51]}, {""name"": ""logicgood"", ""arguments"": [52]}, {""name"": ""logicgood"", ""arguments"": [53]}, {""name"": ""logicgood"", ""arguments"": [54]}, {""name"": ""logicgood"", ""arguments"": [55]}, {""name"": ""passengerslots"", ""arguments"": [0]}, {""name"": ""logicpassenger"", ""arguments"": [25]}, {""name"": ""logicpassenger"", ""arguments"": [24]}, {""name"": ""logiccommander"", ""arguments"": [25]}, {""name"": ""debugcolor"", ""arguments"": [0, 100, 100]}, {""name"": ""debugradius"", ""arguments"": [10]}]}",GRAPHICS_BOUND,
1,Vikings,3,52,ship small,Ship,,True,[52],"[{""phase"": ""initial"", ""section"": 3, ""inheritedFrom"": null, ""body"": [""Data\\Engine2D\\Bin\\Bobs\\LS_vehicles.bmd""], ""heads"": [], ""palettes"": [""human_Ship01""], ""headPalettes"": [], ""random"": []}]",4,"{""RENDERED"": 4}",1,PIXEL_CONFIRMED,PRESENTATION_PARTIAL,Vikings/Vehicles/type_3_ship_small/metadata.json,Vikings/Vehicles/type_3_ship_small/index.html,Vikings/Vehicles/index.html,"{""section"": ""vehicletype"", ""commands"": [{""name"": ""type"", ""arguments"": [3]}, {""name"": ""name"", ""arguments"": [""ship small""]}, {""name"": ""logicsize"", ""arguments"": [2]}, {""name"": ""stockslots"", ""arguments"": [50]}, {""name"": ""logicgood"", ""arguments"": [16]}, {""name"": ""logicgood"", ""arguments"": [17]}, {""name"": ""logicgood"", ""arguments"": [43]}, {""name"": ""logicgood"", ""arguments"": [1]}, {""name"": ""logicgood"", ""arguments"": [2]}, {""name"": ""logicgood"", ""arguments"": [3]}, {""name"": ""logicgood"", ""arguments"": [4]}, {""name"": ""logicgood"", ""arguments"": [5]}, {""name"": ""logicgood"", ""arguments"": [9]}, {""name"": ""logicgood"", ""arguments"": [10]}, {""name"": ""logicgood"", ""arguments"": [6]}, {""name"": ""logicgood"", ""arguments"": [7]}, {""name"": ""logicgood"", ""arguments"": [8]}, {""name"": ""logicgood"", ""arguments"": [11]}, {""name"": ""logicgood"", ""arguments"": [12]}, {""name"": ""logicgood"", ""arguments"": [13]}, {""name"": ""logicgood"", ""arguments"": [14]}, {""name"": ""logicgood"", ""arguments"": [15]}, {""name"": ""logicgood"", ""arguments"": [24]}, {""name"": ""logicgood"", ""arguments"": [25]}, {""name"": ""logicgood"", ""arguments"": [26]}, {""name"": ""logicgood"", ""arguments"": [27]}, {""name"": ""logicgood"", ""arguments"": [28]}, {""name"": ""logicgood"", ""arguments"": [29]}, {""name"": ""logicgood"", ""arguments"": [30]}, {""name"": ""logicgood"", ""arguments"": [31]}, {""name"": ""logicgood"", ""arguments"": [32]}, {""name"": ""logicgood"", ""arguments"": [33]}, {""name"": ""logicgood"", ""arguments"": [34]}, {""name"": ""logicgood"", ""arguments"": [35]}, {""name"": ""logicgood"", ""arguments"": [36]}, {""name"": ""logicgood"", ""arguments"": [37]}, {""name"": ""logicgood"", ""arguments"": [38]}, {""name"": ""logicgood"", ""arguments"": [39]}, {""name"": ""logicgood"", ""arguments"": [40]}, {""name"": ""logicgood"", ""arguments"": [41]}, {""name"": ""logicgood"", ""arguments"": [42]}, {""name"": ""logicgood"", ""arguments"": [44]}, {""name"": ""logicgood"", ""arguments"": [45]}, {""name"": ""logicgood"", ""arguments"": [46]}, {""name"": ""logicgood"", ""arguments"": [47]}, {""name"": ""logicgood"", ""arguments"": [48]}, {""name"": ""logicgood"", ""arguments"": [49]}, {""name"": ""logicgood"", ""arguments"": [50]}, {""name"": ""logicgood"", ""arguments"": [51]}, {""name"": ""logicgood"", ""arguments"": [52]}, {""name"": ""logicgood"", ""arguments"": [53]}, {""name"": ""logicgood"", ""arguments"": [54]}, {""name"": ""logicgood"", ""arguments"": [55]}, {""name"": ""stockvector"", ""arguments"": [2, 4]}, {""name"": ""passengerslots"", ""arguments"": [10]}, {""name"": ""vehicleslots"", ""arguments"": [1]}, {""name"": ""logicpassenger"", ""arguments"": [5]}, {""name"": ""logicpassenger"", ""arguments"": [6]}, {""name"": ""logicpassenger"", ""arguments"": [7]}, {""name"": ""logicpassenger"", ""arguments"": [8]}, {""name"": ""logicpassenger"", ""arguments"": [9]}, {""name"": ""logicpassenger"", ""arguments"": [10]}, {""name"": ""logicpassenger"", ""arguments"": [11]}, {""name"": ""logicpassenger"", ""arguments"": [12]}, {""name"": ""logicpassenger"", ""arguments"": [13]}, {""name"": ""logicpassenger"", ""arguments"": [14]}, {""name"": ""logicpassenger"", ""arguments"": [15]}, {""name"": ""logicpassenger"", ""arguments"": [16]}, {""name"": ""logicpassenger"", ""arguments"": [17]}, {""name"": ""logicpassenger"", ""arguments"": [18]}, {""name"": ""logicpassenger"", ""arguments"": [19]}, {""name"": ""logicpassenger"", ""arguments"": [20]}, {""name"": ""logicpassenger"", ""arguments"": [21]}, {""name"": ""logicpassenger"", ""arguments"": [22]}, {""name"": ""logicpassenger"", ""arguments"": [23]}, {""name"": ""logicpassenger"", ""arguments"": [24]}, {""name"": ""logicpassenger"", ""arguments"": [25]}, {""name"": ""logicpassenger"", ""arguments"": [26]}, {""name"": ""logicpassenger"", ""arguments"": [27]}, {""name"": ""logicpassenger"", ""arguments"": [28]}, {""name"": ""logicpassenger"", ""arguments"": [29]}, {""name"": ""logicpassenger"", ""arguments"": [30]}, {""name"": ""logicpassenger"", ""arguments"": [31]}, {""name"": ""logicpassenger"", ""arguments"": [32]}, {""name"": ""logicpassenger"", ""arguments"": [33]}, {""name"": ""logicpassenger"", ""arguments"": [34]}, {""name"": ""logicpassenger"", ""arguments"": [35]}, {""name"": ""logicpassenger"", ""arguments"": [36]}, {""name"": ""logicpassenger"", ""arguments"": [37]}, {""name"": ""logicpassenger"", ""arguments"": [38]}, {""name"": ""logicpassenger"", ""arguments"": [39]}, {""name"": ""logicpassenger"", ""arguments"": [40]}, {""name"": ""logicpassenger"", ""arguments"": [41]}, {""name"": ""logicpassenger"", ""arguments"": [42]}, {""name"": ""logicpassenger"", ""arguments"": [43]}, {""name"": ""logicpassenger"", ""arguments"": [44]}, {""name"": ""logicpassenger"", ""arguments"": [45]}, {""name"": ""logicpassenger"", ""arguments"": [46]}, {""name"": ""logicpassenger"", ""arguments"": [47]}, {""name"": ""logicpassenger"", ""arguments"": [50]}, {""name"": ""logicpassenger"", ""arguments"": [51]}, {""name"": ""logicpassenger"", ""arguments"": [54]}, {""name"": ""passengervector"", ""arguments"": [2, 4]}, {""name"": ""logiccommander"", ""arguments"": [24]}, {""name"": ""debugcolor"", ""arguments"": [0, 0, 100]}, {""name"": ""debugradius"", ""arguments"": [10]}]}",GRAPHICS_BOUND,
1,Vikings,5,54,catapult,Catapult,,True,[54],"[{""phase"": ""initial"", ""section"": 5, ""inheritedFrom"": null, ""body"": [""Data\\Engine2D\\Bin\\Bobs\\CR_Veh_Body_00.bmd""], ""heads"": [], ""palettes"": [""goods_bow""], ""headPalettes"": [], ""random"": []}]",3,"{""RENDERED"": 3}",0,PIXEL_CONFIRMED,PRESENTATION_PARTIAL,Vikings/Vehicles/type_5_catapult/metadata.json,Vikings/Vehicles/type_5_catapult/index.html,Vikings/Vehicles/index.html,"{""section"": ""vehicletype"", ""commands"": [{""name"": ""type"", ""arguments"": [5]}, {""name"": ""name"", ""arguments"": [""catapult""]}, {""name"": ""logicsize"", ""arguments"": [1]}, {""name"": ""stockvector"", ""arguments"": [3, 2]}, {""name"": ""passengerslots"", ""arguments"": [0]}, {""name"": ""logicpassenger"", ""arguments"": [31]}, {""name"": ""logicpassenger"", ""arguments"": [32]}, {""name"": ""logicpassenger"", ""arguments"": [33]}, {""name"": ""logicpassenger"", ""arguments"": [34]}, {""name"": ""logicpassenger"", ""arguments"": [35]}, {""name"": ""logicpassenger"", ""arguments"": [36]}, {""name"": ""logicpassenger"", ""arguments"": [37]}, {""name"": ""logicpassenger"", ""arguments"": [38]}, {""name"": ""logicpassenger"", ""arguments"": [39]}, {""name"": ""logicpassenger"", ""arguments"": [40]}, {""name"": ""logicpassenger"", ""arguments"": [41]}, {""name"": ""logicpassenger"", ""arguments"": [42]}, {""name"": ""logicpassenger"", ""arguments"": [43]}, {""name"": ""logicpassenger"", ""arguments"": [44]}, {""name"": ""logicpassenger"", ""arguments"": [45]}, {""name"": ""logicpassenger"", ""arguments"": [46]}, {""name"": ""logicpassenger"", ""arguments"": [47]}, {""name"": ""logiccommander"", ""arguments"": [31]}, {""name"": ""debugcolor"", ""arguments"": [0, 100, 100]}, {""name"": ""debugradius"", ""arguments"": [10]}]}",GRAPHICS_BOUND,
1,Vikings,6,55,oxcart,Ox Cart Framework,,True,[55],"[{""phase"": ""initial"", ""section"": 2, ""inheritedFrom"": null, ""body"": [""Data\\Engine2D\\Bin\\Bobs\\CR_Veh_Body_00.bmd""], ""heads"": [], ""palettes"": [""goods01""], ""headPalettes"": [], ""random"": []}]",2,"{""RENDERED"": 2}",0,PIXEL_CONFIRMED,PRESENTATION_PARTIAL,Vikings/Vehicles/type_6_oxcart/metadata.json,Vikings/Vehicles/type_6_oxcart/index.html,Vikings/Vehicles/index.html,"{""section"": ""vehicletype"", ""commands"": [{""name"": ""type"", ""arguments"": [6]}, {""name"": ""name"", ""arguments"": [""oxcart""]}, {""name"": ""logicsize"", ""arguments"": [0]}, {""name"": ""stockslots"", ""arguments"": [20]}, {""name"": ""logicgood"", ""arguments"": [16]}, {""name"": ""logicgood"", ""arguments"": [17]}, {""name"": ""logicgood"", ""arguments"": [43]}, {""name"": ""logicgood"", ""arguments"": [1]}, {""name"": ""logicgood"", ""arguments"": [2]}, {""name"": ""logicgood"", ""arguments"": [3]}, {""name"": ""logicgood"", ""arguments"": [4]}, {""name"": ""logicgood"", ""arguments"": [5]}, {""name"": ""logicgood"", ""arguments"": [9]}, {""name"": ""logicgood"", ""arguments"": [10]}, {""name"": ""logicgood"", ""arguments"": [6]}, {""name"": ""logicgood"", ""arguments"": [7]}, {""name"": ""logicgood"", ""arguments"": [8]}, {""name"": ""logicgood"", ""arguments"": [11]}, {""name"": ""logicgood"", ""arguments"": [12]}, {""name"": ""logicgood"", ""arguments"": [13]}, {""name"": ""logicgood"", ""arguments"": [14]}, {""name"": ""logicgood"", ""arguments"": [15]}, {""name"": ""logicgood"", ""arguments"": [24]}, {""name"": ""logicgood"", ""arguments"": [25]}, {""name"": ""logicgood"", ""arguments"": [26]}, {""name"": ""logicgood"", ""arguments"": [27]}, {""name"": ""logicgood"", ""arguments"": [28]}, {""name"": ""logicgood"", ""arguments"": [29]}, {""name"": ""logicgood"", ""arguments"": [30]}, {""name"": ""logicgood"", ""arguments"": [31]}, {""name"": ""logicgood"", ""arguments"": [32]}, {""name"": ""logicgood"", ""arguments"": [33]}, {""name"": ""logicgood"", ""arguments"": [34]}, {""name"": ""logicgood"", ""arguments"": [35]}, {""name"": ""logicgood"", ""arguments"": [36]}, {""name"": ""logicgood"", ""arguments"": [37]}, {""name"": ""logicgood"", ""arguments"": [38]}, {""name"": ""logicgood"", ""arguments"": [39]}, {""name"": ""logicgood"", ""arguments"": [40]}, {""name"": ""logicgood"", ""arguments"": [41]}, {""name"": ""logicgood"", ""arguments"": [42]}, {""name"": ""logicgood"", ""arguments"": [44]}, {""name"": ""logicgood"", ""arguments"": [45]}, {""name"": ""logicgood"", ""arguments"": [46]}, {""name"": ""logicgood"", ""arguments"": [47]}, {""name"": ""logicgood"", ""arguments"": [48]}, {""name"": ""logicgood"", ""arguments"": [49]}, {""name"": ""logicgood"", ""arguments"": [50]}, {""name"": ""logicgood"", ""arguments"": [51]}, {""name"": ""logicgood"", ""arguments"": [52]}, {""name"": ""logicgood"", ""arguments"": [53]}, {""name"": ""logicgood"", ""arguments"": [54]}, {""name"": ""logicgood"", ""arguments"": [55]}, {""name"": ""passengerslots"", ""arguments"": [0]}, {""name"": ""logicdragginganimaltribe"", ""arguments"": [10]}, {""name"": ""logictransformvehicletype"", ""arguments"": [2]}, {""name"": ""debugcolor"", ""arguments"": [0, 100, 100]}, {""name"": ""debugradius"", ""arguments"": [10]}]}",GRAPHICS_BOUND,
4,Saracens (Arabs),3,52,ship small,Ship,,True,[52],"[{""phase"": ""initial"", ""section"": 4, ""inheritedFrom"": null, ""body"": [""Data\\Engine2D\\Bin\\Bobs\\LS_vehicles.bmd""], ""heads"": [], ""palettes"": [""human_Ship01""], ""headPalettes"": [], ""random"": []}]",4,"{""RENDERED"": 4}",1,PIXEL_CONFIRMED,PRESENTATION_PARTIAL,Arabs/Vehicles/type_3_ship_small/metadata.json,Arabs/Vehicles/type_3_ship_small/index.html,Arabs/Vehicles/index.html,"{""section"": ""vehicletype"", ""commands"": [{""name"": ""type"", ""arguments"": [3]}, {""name"": ""name"", ""arguments"": [""ship small""]}, {""name"": ""logicsize"", ""arguments"": [2]}, {""name"": ""stockslots"", ""arguments"": [50]}, {""name"": ""logicgood"", ""arguments"": [16]}, {""name"": ""logicgood"", ""arguments"": [17]}, {""name"": ""logicgood"", ""arguments"": [43]}, {""name"": ""logicgood"", ""arguments"": [1]}, {""name"": ""logicgood"", ""arguments"": [2]}, {""name"": ""logicgood"", ""arguments"": [3]}, {""name"": ""logicgood"", ""arguments"": [4]}, {""name"": ""logicgood"", ""arguments"": [5]}, {""name"": ""logicgood"", ""arguments"": [9]}, {""name"": ""logicgood"", ""arguments"": [10]}, {""name"": ""logicgood"", ""arguments"": [6]}, {""name"": ""logicgood"", ""arguments"": [7]}, {""name"": ""logicgood"", ""arguments"": [8]}, {""name"": ""logicgood"", ""arguments"": [11]}, {""name"": ""logicgood"", ""arguments"": [12]}, {""name"": ""logicgood"", ""arguments"": [13]}, {""name"": ""logicgood"", ""arguments"": [14]}, {""name"": ""logicgood"", ""arguments"": [15]}, {""name"": ""logicgood"", ""arguments"": [24]}, {""name"": ""logicgood"", ""arguments"": [25]}, {""name"": ""logicgood"", ""arguments"": [26]}, {""name"": ""logicgood"", ""arguments"": [27]}, {""name"": ""logicgood"", ""arguments"": [28]}, {""name"": ""logicgood"", ""arguments"": [29]}, {""name"": ""logicgood"", ""arguments"": [30]}, {""name"": ""logicgood"", ""arguments"": [31]}, {""name"": ""logicgood"", ""arguments"": [32]}, {""name"": ""logicgood"", ""arguments"": [33]}, {""name"": ""logicgood"", ""arguments"": [34]}, {""name"": ""logicgood"", ""arguments"": [35]}, {""name"": ""logicgood"", ""arguments"": [36]}, {""name"": ""logicgood"", ""arguments"": [37]}, {""name"": ""logicgood"", ""arguments"": [38]}, {""name"": ""logicgood"", ""arguments"": [39]}, {""name"": ""logicgood"", ""arguments"": [40]}, {""name"": ""logicgood"", ""arguments"": [41]}, {""name"": ""logicgood"", ""arguments"": [42]}, {""name"": ""logicgood"", ""arguments"": [44]}, {""name"": ""logicgood"", ""arguments"": [45]}, {""name"": ""logicgood"", ""arguments"": [46]}, {""name"": ""logicgood"", ""arguments"": [47]}, {""name"": ""logicgood"", ""arguments"": [48]}, {""name"": ""logicgood"", ""arguments"": [49]}, {""name"": ""logicgood"", ""arguments"": [50]}, {""name"": ""logicgood"", ""arguments"": [51]}, {""name"": ""logicgood"", ""arguments"": [52]}, {""name"": ""logicgood"", ""arguments"": [53]}, {""name"": ""logicgood"", ""arguments"": [54]}, {""name"": ""logicgood"", ""arguments"": [55]}, {""name"": ""stockvector"", ""arguments"": [2, 4]}, {""name"": ""passengerslots"", ""arguments"": [10]}, {""name"": ""vehicleslots"", ""arguments"": [1]}, {""name"": ""logicpassenger"", ""arguments"": [5]}, {""name"": ""logicpassenger"", ""arguments"": [6]}, {""name"": ""logicpassenger"", ""arguments"": [7]}, {""name"": ""logicpassenger"", ""arguments"": [8]}, {""name"": ""logicpassenger"", ""arguments"": [9]}, {""name"": ""logicpassenger"", ""arguments"": [10]}, {""name"": ""logicpassenger"", ""arguments"": [11]}, {""name"": ""logicpassenger"", ""arguments"": [12]}, {""name"": ""logicpassenger"", ""arguments"": [13]}, {""name"": ""logicpassenger"", ""arguments"": [14]}, {""name"": ""logicpassenger"", ""arguments"": [15]}, {""name"": ""logicpassenger"", ""arguments"": [16]}, {""name"": ""logicpassenger"", ""arguments"": [17]}, {""name"": ""logicpassenger"", ""arguments"": [18]}, {""name"": ""logicpassenger"", ""arguments"": [19]}, {""name"": ""logicpassenger"", ""arguments"": [20]}, {""name"": ""logicpassenger"", ""arguments"": [21]}, {""name"": ""logicpassenger"", ""arguments"": [22]}, {""name"": ""logicpassenger"", ""arguments"": [23]}, {""name"": ""logicpassenger"", ""arguments"": [24]}, {""name"": ""logicpassenger"", ""arguments"": [25]}, {""name"": ""logicpassenger"", ""arguments"": [26]}, {""name"": ""logicpassenger"", ""arguments"": [27]}, {""name"": ""logicpassenger"", ""arguments"": [28]}, {""name"": ""logicpassenger"", ""arguments"": [29]}, {""name"": ""logicpassenger"", ""arguments"": [30]}, {""name"": ""logicpassenger"", ""arguments"": [31]}, {""name"": ""logicpassenger"", ""arguments"": [32]}, {""name"": ""logicpassenger"", ""arguments"": [33]}, {""name"": ""logicpassenger"", ""arguments"": [34]}, {""name"": ""logicpassenger"", ""arguments"": [35]}, {""name"": ""logicpassenger"", ""arguments"": [36]}, {""name"": ""logicpassenger"", ""arguments"": [37]}, {""name"": ""logicpassenger"", ""arguments"": [38]}, {""name"": ""logicpassenger"", ""arguments"": [39]}, {""name"": ""logicpassenger"", ""arguments"": [40]}, {""name"": ""logicpassenger"", ""arguments"": [41]}, {""name"": ""logicpassenger"", ""arguments"": [42]}, {""name"": ""logicpassenger"", ""arguments"": [43]}, {""name"": ""logicpassenger"", ""arguments"": [44]}, {""name"": ""logicpassenger"", ""arguments"": [45]}, {""name"": ""logicpassenger"", ""arguments"": [46]}, {""name"": ""logicpassenger"", ""arguments"": [47]}, {""name"": ""logicpassenger"", ""arguments"": [50]}, {""name"": ""logicpassenger"", ""arguments"": [51]}, {""name"": ""logicpassenger"", ""arguments"": [54]}, {""name"": ""passengervector"", ""arguments"": [2, 4]}, {""name"": ""logiccommander"", ""arguments"": [24]}, {""name"": ""debugcolor"", ""arguments"": [0, 0, 100]}, {""name"": ""debugradius"", ""arguments"": [10]}]}",GRAPHICS_BOUND,
1,Vikings,4,53,ship big,,,,,,,,,UNKNOWN,,,,Vikings/Vehicles/index.html,"{""section"": ""vehicletype"", ""commands"": [{""name"": ""type"", ""arguments"": [4]}, {""name"": ""name"", ""arguments"": [""ship big""]}, {""name"": ""logicsize"", ""arguments"": [4]}, {""name"": ""stockslots"", ""arguments"": [100]}, {""name"": ""logicgood"", ""arguments"": [16]}, {""name"": ""logicgood"", ""arguments"": [17]}, {""name"": ""logicgood"", ""arguments"": [43]}, {""name"": ""logicgood"", ""arguments"": [1]}, {""name"": ""logicgood"", ""arguments"": [2]}, {""name"": ""logicgood"", ""arguments"": [3]}, {""name"": ""logicgood"", ""arguments"": [4]}, {""name"": ""logicgood"", ""arguments"": [5]}, {""name"": ""logicgood"", ""arguments"": [9]}, {""name"": ""logicgood"", ""arguments"": [10]}, {""name"": ""logicgood"", ""arguments"": [6]}, {""name"": ""logicgood"", ""arguments"": [7]}, {""name"": ""logicgood"", ""arguments"": [8]}, {""name"": ""logicgood"", ""arguments"": [11]}, {""name"": ""logicgood"", ""arguments"": [12]}, {""name"": ""logicgood"", ""arguments"": [13]}, {""name"": ""logicgood"", ""arguments"": [14]}, {""name"": ""logicgood"", ""arguments"": [15]}, {""name"": ""logicgood"", ""arguments"": [24]}, {""name"": ""logicgood"", ""arguments"": [25]}, {""name"": ""logicgood"", ""arguments"": [26]}, {""name"": ""logicgood"", ""arguments"": [27]}, {""name"": ""logicgood"", ""arguments"": [28]}, {""name"": ""logicgood"", ""arguments"": [29]}, {""name"": ""logicgood"", ""arguments"": [30]}, {""name"": ""logicgood"", ""arguments"": [31]}, {""name"": ""logicgood"", ""arguments"": [32]}, {""name"": ""logicgood"", ""arguments"": [33]}, {""name"": ""logicgood"", ""arguments"": [34]}, {""name"": ""logicgood"", ""arguments"": [35]}, {""name"": ""logicgood"", ""arguments"": [36]}, {""name"": ""logicgood"", ""arguments"": [37]}, {""name"": ""logicgood"", ""arguments"": [38]}, {""name"": ""logicgood"", ""arguments"": [39]}, {""name"": ""logicgood"", ""arguments"": [40]}, {""name"": ""logicgood"", ""arguments"": [41]}, {""name"": ""logicgood"", ""arguments"": [42]}, {""name"": ""logicgood"", ""arguments"": [44]}, {""name"": ""logicgood"", ""arguments"": [45]}, {""name"": ""logicgood"", ""arguments"": [46]}, {""name"": ""logicgood"", ""arguments"": [47]}, {""name"": ""logicgood"", ""arguments"": [48]}, {""name"": ""logicgood"", ""arguments"": [49]}, {""name"": ""logicgood"", ""arguments"": [50]}, {""name"": ""logicgood"", ""arguments"": [51]}, {""name"": ""logicgood"", ""arguments"": [52]}, {""name"": ""logicgood"", ""arguments"": [53]}, {""name"": ""logicgood"", ""arguments"": [54]}, {""name"": ""logicgood"", ""arguments"": [55]}, {""name"": ""stockvector"", ""arguments"": [2, 6]}, {""name"": ""passengerslots"", ""arguments"": [20]}, {""name"": ""vehicleslots"", ""arguments"": [2]}, {""name"": ""logicpassenger"", ""arguments"": [5]}, {""name"": ""logicpassenger"", ""arguments"": [6]}, {""name"": ""logicpassenger"", ""arguments"": [7]}, {""name"": ""logicpassenger"", ""arguments"": [8]}, {""name"": ""logicpassenger"", ""arguments"": [9]}, {""name"": ""logicpassenger"", ""arguments"": [10]}, {""name"": ""logicpassenger"", ""arguments"": [11]}, {""name"": ""logicpassenger"", ""arguments"": [12]}, {""name"": ""logicpassenger"", ""arguments"": [13]}, {""name"": ""logicpassenger"", ""arguments"": [14]}, {""name"": ""logicpassenger"", ""arguments"": [15]}, {""name"": ""logicpassenger"", ""arguments"": [16]}, {""name"": ""logicpassenger"", ""arguments"": [17]}, {""name"": ""logicpassenger"", ""arguments"": [18]}, {""name"": ""logicpassenger"", ""arguments"": [19]}, {""name"": ""logicpassenger"", ""arguments"": [20]}, {""name"": ""logicpassenger"", ""arguments"": [21]}, {""name"": ""logicpassenger"", ""arguments"": [22]}, {""name"": ""logicpassenger"", ""arguments"": [23]}, {""name"": ""logicpassenger"", ""arguments"": [24]}, {""name"": ""logicpassenger"", ""arguments"": [25]}, {""name"": ""logicpassenger"", ""arguments"": [26]}, {""name"": ""logicpassenger"", ""arguments"": [27]}, {""name"": ""logicpassenger"", ""arguments"": [28]}, {""name"": ""logicpassenger"", ""arguments"": [29]}, {""name"": ""logicpassenger"", ""arguments"": [30]}, {""name"": ""logicpassenger"", ""arguments"": [31]}, {""name"": ""logicpassenger"", ""arguments"": [32]}, {""name"": ""logicpassenger"", ""arguments"": [33]}, {""name"": ""logicpassenger"", ""arguments"": [34]}, {""name"": ""logicpassenger"", ""arguments"": [35]}, {""name"": ""logicpassenger"", ""arguments"": [36]}, {""name"": ""logicpassenger"", ""arguments"": [37]}, {""name"": ""logicpassenger"", ""arguments"": [38]}, {""name"": ""logicpassenger"", ""arguments"": [39]}, {""name"": ""logicpassenger"", ""arguments"": [40]}, {""name"": ""logicpassenger"", ""arguments"": [41]}, {""name"": ""logicpassenger"", ""arguments"": [42]}, {""name"": ""logicpassenger"", ""arguments"": [43]}, {""name"": ""logicpassenger"", ""arguments"": [44]}, {""name"": ""logicpassenger"", ""arguments"": [45]}, {""name"": ""logicpassenger"", ""arguments"": [46]}, {""name"": ""logicpassenger"", ""arguments"": [47]}, {""name"": ""passengervector"", ""arguments"": [2, 6]}, {""name"": ""logiccommander"", ""arguments"": [24]}, {""name"": ""debugcolor"", ""arguments"": [0, 0, 100]}, {""name"": ""debugradius"", ""arguments"": [20]}]}",NATIVE_DECLARATION_NO_GRAPHICS,"tribe declares/allows the vehicle type, but vehicles/jobgraphics.cif has no binding and animations.cif no record; no preview created"
2,Franks,1,50,handcart,,,,,,,,,UNKNOWN,,,,Franks/Vehicles/index.html,"{""section"": ""vehicletype"", ""commands"": [{""name"": ""type"", ""arguments"": [1]}, {""name"": ""name"", ""arguments"": [""handcart""]}, {""name"": ""logicsize"", ""arguments"": [0]}, {""name"": ""stockslots"", ""arguments"": [10]}, {""name"": ""logicgood"", ""arguments"": [16]}, {""name"": ""logicgood"", ""arguments"": [17]}, {""name"": ""logicgood"", ""arguments"": [43]}, {""name"": ""logicgood"", ""arguments"": [1]}, {""name"": ""logicgood"", ""arguments"": [2]}, {""name"": ""logicgood"", ""arguments"": [3]}, {""name"": ""logicgood"", ""arguments"": [4]}, {""name"": ""logicgood"", ""arguments"": [5]}, {""name"": ""logicgood"", ""arguments"": [9]}, {""name"": ""logicgood"", ""arguments"": [10]}, {""name"": ""logicgood"", ""arguments"": [6]}, {""name"": ""logicgood"", ""arguments"": [7]}, {""name"": ""logicgood"", ""arguments"": [8]}, {""name"": ""logicgood"", ""arguments"": [11]}, {""name"": ""logicgood"", ""arguments"": [12]}, {""name"": ""logicgood"", ""arguments"": [13]}, {""name"": ""logicgood"", ""arguments"": [14]}, {""name"": ""logicgood"", ""arguments"": [15]}, {""name"": ""logicgood"", ""arguments"": [24]}, {""name"": ""logicgood"", ""arguments"": [25]}, {""name"": ""logicgood"", ""arguments"": [26]}, {""name"": ""logicgood"", ""arguments"": [27]}, {""name"": ""logicgood"", ""arguments"": [28]}, {""name"": ""logicgood"", ""arguments"": [29]}, {""name"": ""logicgood"", ""arguments"": [30]}, {""name"": ""logicgood"", ""arguments"": [31]}, {""name"": ""logicgood"", ""arguments"": [32]}, {""name"": ""logicgood"", ""arguments"": [33]}, {""name"": ""logicgood"", ""arguments"": [34]}, {""name"": ""logicgood"", ""arguments"": [35]}, {""name"": ""logicgood"", ""arguments"": [36]}, {""name"": ""logicgood"", ""arguments"": [37]}, {""name"": ""logicgood"", ""arguments"": [38]}, {""name"": ""logicgood"", ""arguments"": [39]}, {""name"": ""logicgood"", ""arguments"": [40]}, {""name"": ""logicgood"", ""arguments"": [41]}, {""name"": ""logicgood"", ""arguments"": [42]}, {""name"": ""logicgood"", ""arguments"": [44]}, {""name"": ""logicgood"", ""arguments"": [45]}, {""name"": ""logicgood"", ""arguments"": [46]}, {""name"": ""logicgood"", ""arguments"": [47]}, {""name"": ""logicgood"", ""arguments"": [48]}, {""name"": ""logicgood"", ""arguments"": [49]}, {""name"": ""logicgood"", ""arguments"": [50]}, {""name"": ""logicgood"", ""arguments"": [51]}, {""name"": ""logicgood"", ""arguments"": [52]}, {""name"": ""logicgood"", ""arguments"": [53]}, {""name"": ""logicgood"", ""arguments"": [54]}, {""name"": ""logicgood"", ""arguments"": [55]}, {""name"": ""passengerslots"", ""arguments"": [0]}, {""name"": ""logicpassenger"", ""arguments"": [25]}, {""name"": ""logicpassenger"", ""arguments"": [24]}, {""name"": ""logiccommander"", ""arguments"": [25]}, {""name"": ""debugcolor"", ""arguments"": [0, 100, 100]}, {""name"": ""debugradius"", ""arguments"": [10]}]}",NATIVE_DECLARATION_NO_GRAPHICS,"tribe declares/allows the vehicle type, but vehicles/jobgraphics.cif has no binding and animations.cif no record; no preview created"
2,Franks,2,51,oxcart,,,,,,,,,UNKNOWN,,,,Franks/Vehicles/index.html,"{""section"": ""vehicletype"", ""commands"": [{""name"": ""type"", ""arguments"": [2]}, {""name"": ""name"", ""arguments"": [""oxcart""]}, {""name"": ""logicsize"", ""arguments"": [0]}, {""name"": ""stockslots"", ""arguments"": [20]}, {""name"": ""logicgood"", ""arguments"": [16]}, {""name"": ""logicgood"", ""arguments"": [17]}, {""name"": ""logicgood"", ""arguments"": [43]}, {""name"": ""logicgood"", ""arguments"": [1]}, {""name"": ""logicgood"", ""arguments"": [2]}, {""name"": ""logicgood"", ""arguments"": [3]}, {""name"": ""logicgood"", ""arguments"": [4]}, {""name"": ""logicgood"", ""arguments"": [5]}, {""name"": ""logicgood"", ""arguments"": [9]}, {""name"": ""logicgood"", ""arguments"": [10]}, {""name"": ""logicgood"", ""arguments"": [6]}, {""name"": ""logicgood"", ""arguments"": [7]}, {""name"": ""logicgood"", ""arguments"": [8]}, {""name"": ""logicgood"", ""arguments"": [11]}, {""name"": ""logicgood"", ""arguments"": [12]}, {""name"": ""logicgood"", ""arguments"": [13]}, {""name"": ""logicgood"", ""arguments"": [14]}, {""name"": ""logicgood"", ""arguments"": [15]}, {""name"": ""logicgood"", ""arguments"": [24]}, {""name"": ""logicgood"", ""arguments"": [25]}, {""name"": ""logicgood"", ""arguments"": [26]}, {""name"": ""logicgood"", ""arguments"": [27]}, {""name"": ""logicgood"", ""arguments"": [28]}, {""name"": ""logicgood"", ""arguments"": [29]}, {""name"": ""logicgood"", ""arguments"": [30]}, {""name"": ""logicgood"", ""arguments"": [31]}, {""name"": ""logicgood"", ""arguments"": [32]}, {""name"": ""logicgood"", ""arguments"": [33]}, {""name"": ""logicgood"", ""arguments"": [34]}, {""name"": ""logicgood"", ""arguments"": [35]}, {""name"": ""logicgood"", ""arguments"": [36]}, {""name"": ""logicgood"", ""arguments"": [37]}, {""name"": ""logicgood"", ""arguments"": [38]}, {""name"": ""logicgood"", ""arguments"": [39]}, {""name"": ""logicgood"", ""arguments"": [40]}, {""name"": ""logicgood"", ""arguments"": [41]}, {""name"": ""logicgood"", ""arguments"": [42]}, {""name"": ""logicgood"", ""arguments"": [44]}, {""name"": ""logicgood"", ""arguments"": [45]}, {""name"": ""logicgood"", ""arguments"": [46]}, {""name"": ""logicgood"", ""arguments"": [47]}, {""name"": ""logicgood"", ""arguments"": [48]}, {""name"": ""logicgood"", ""arguments"": [49]}, {""name"": ""logicgood"", ""arguments"": [50]}, {""name"": ""logicgood"", ""arguments"": [51]}, {""name"": ""logicgood"", ""arguments"": [52]}, {""name"": ""logicgood"", ""arguments"": [53]}, {""name"": ""logicgood"", ""arguments"": [54]}, {""name"": ""logicgood"", ""arguments"": [55]}, {""name"": ""passengerslots"", ""arguments"": [0]}, {""name"": ""logicpassenger"", ""arguments"": [25]}, {""name"": ""logicpassenger"", ""arguments"": [24]}, {""name"": ""logiccommander"", ""arguments"": [25]}, {""name"": ""debugcolor"", ""arguments"": [0, 100, 100]}, {""name"": ""debugradius"", ""arguments"": [10]}]}",NATIVE_DECLARATION_NO_GRAPHICS,"tribe declares/allows the vehicle type, but vehicles/jobgraphics.cif has no binding and animations.cif no record; no preview created"
2,Franks,3,52,ship small,,,,,,,,,UNKNOWN,,,,Franks/Vehicles/index.html,"{""section"": ""vehicletype"", ""commands"": [{""name"": ""type"", ""arguments"": [3]}, {""name"": ""name"", ""arguments"": [""ship small""]}, {""name"": ""logicsize"", ""arguments"": [2]}, {""name"": ""stockslots"", ""arguments"": [50]}, {""name"": ""logicgood"", ""arguments"": [16]}, {""name"": ""logicgood"", ""arguments"": [17]}, {""name"": ""logicgood"", ""arguments"": [43]}, {""name"": ""logicgood"", ""arguments"": [1]}, {""name"": ""logicgood"", ""arguments"": [2]}, {""name"": ""logicgood"", ""arguments"": [3]}, {""name"": ""logicgood"", ""arguments"": [4]}, {""name"": ""logicgood"", ""arguments"": [5]}, {""name"": ""logicgood"", ""arguments"": [9]}, {""name"": ""logicgood"", ""arguments"": [10]}, {""name"": ""logicgood"", ""arguments"": [6]}, {""name"": ""logicgood"", ""arguments"": [7]}, {""name"": ""logicgood"", ""arguments"": [8]}, {""name"": ""logicgood"", ""arguments"": [11]}, {""name"": ""logicgood"", ""arguments"": [12]}, {""name"": ""logicgood"", ""arguments"": [13]}, {""name"": ""logicgood"", ""arguments"": [14]}, {""name"": ""logicgood"", ""arguments"": [15]}, {""name"": ""logicgood"", ""arguments"": [24]}, {""name"": ""logicgood"", ""arguments"": [25]}, {""name"": ""logicgood"", ""arguments"": [26]}, {""name"": ""logicgood"", ""arguments"": [27]}, {""name"": ""logicgood"", ""arguments"": [28]}, {""name"": ""logicgood"", ""arguments"": [29]}, {""name"": ""logicgood"", ""arguments"": [30]}, {""name"": ""logicgood"", ""arguments"": [31]}, {""name"": ""logicgood"", ""arguments"": [32]}, {""name"": ""logicgood"", ""arguments"": [33]}, {""name"": ""logicgood"", ""arguments"": [34]}, {""name"": ""logicgood"", ""arguments"": [35]}, {""name"": ""logicgood"", ""arguments"": [36]}, {""name"": ""logicgood"", ""arguments"": [37]}, {""name"": ""logicgood"", ""arguments"": [38]}, {""name"": ""logicgood"", ""arguments"": [39]}, {""name"": ""logicgood"", ""arguments"": [40]}, {""name"": ""logicgood"", ""arguments"": [41]}, {""name"": ""logicgood"", ""arguments"": [42]}, {""name"": ""logicgood"", ""arguments"": [44]}, {""name"": ""logicgood"", ""arguments"": [45]}, {""name"": ""logicgood"", ""arguments"": [46]}, {""name"": ""logicgood"", ""arguments"": [47]}, {""name"": ""logicgood"", ""arguments"": [48]}, {""name"": ""logicgood"", ""arguments"": [49]}, {""name"": ""logicgood"", ""arguments"": [50]}, {""name"": ""logicgood"", ""arguments"": [51]}, {""name"": ""logicgood"", ""arguments"": [52]}, {""name"": ""logicgood"", ""arguments"": [53]}, {""name"": ""logicgood"", ""arguments"": [54]}, {""name"": ""logicgood"", ""arguments"": [55]}, {""name"": ""stockvector"", ""arguments"": [2, 4]}, {""name"": ""passengerslots"", ""arguments"": [10]}, {""name"": ""vehicleslots"", ""arguments"": [1]}, {""name"": ""logicpassenger"", ""arguments"": [5]}, {""name"": ""logicpassenger"", ""arguments"": [6]}, {""name"": ""logicpassenger"", ""arguments"": [7]}, {""name"": ""logicpassenger"", ""arguments"": [8]}, {""name"": ""logicpassenger"", ""arguments"": [9]}, {""name"": ""logicpassenger"", ""arguments"": [10]}, {""name"": ""logicpassenger"", ""arguments"": [11]}, {""name"": ""logicpassenger"", ""arguments"": [12]}, {""name"": ""logicpassenger"", ""arguments"": [13]}, {""name"": ""logicpassenger"", ""arguments"": [14]}, {""name"": ""logicpassenger"", ""arguments"": [15]}, {""name"": ""logicpassenger"", ""arguments"": [16]}, {""name"": ""logicpassenger"", ""arguments"": [17]}, {""name"": ""logicpassenger"", ""arguments"": [18]}, {""name"": ""logicpassenger"", ""arguments"": [19]}, {""name"": ""logicpassenger"", ""arguments"": [20]}, {""name"": ""logicpassenger"", ""arguments"": [21]}, {""name"": ""logicpassenger"", ""arguments"": [22]}, {""name"": ""logicpassenger"", ""arguments"": [23]}, {""name"": ""logicpassenger"", ""arguments"": [24]}, {""name"": ""logicpassenger"", ""arguments"": [25]}, {""name"": ""logicpassenger"", ""arguments"": [26]}, {""name"": ""logicpassenger"", ""arguments"": [27]}, {""name"": ""logicpassenger"", ""arguments"": [28]}, {""name"": ""logicpassenger"", ""arguments"": [29]}, {""name"": ""logicpassenger"", ""arguments"": [30]}, {""name"": ""logicpassenger"", ""arguments"": [31]}, {""name"": ""logicpassenger"", ""arguments"": [32]}, {""name"": ""logicpassenger"", ""arguments"": [33]}, {""name"": ""logicpassenger"", ""arguments"": [34]}, {""name"": ""logicpassenger"", ""arguments"": [35]}, {""name"": ""logicpassenger"", ""arguments"": [36]}, {""name"": ""logicpassenger"", ""arguments"": [37]}, {""name"": ""logicpassenger"", ""arguments"": [38]}, {""name"": ""logicpassenger"", ""arguments"": [39]}, {""name"": ""logicpassenger"", ""arguments"": [40]}, {""name"": ""logicpassenger"", ""arguments"": [41]}, {""name"": ""logicpassenger"", ""arguments"": [42]}, {""name"": ""logicpassenger"", ""arguments"": [43]}, {""name"": ""logicpassenger"", ""arguments"": [44]}, {""name"": ""logicpassenger"", ""arguments"": [45]}, {""name"": ""logicpassenger"", ""arguments"": [46]}, {""name"": ""logicpassenger"", ""arguments"": [47]}, {""name"": ""logicpassenger"", ""arguments"": [50]}, {""name"": ""logicpassenger"", ""arguments"": [51]}, {""name"": ""logicpassenger"", ""arguments"": [54]}, {""name"": ""passengervector"", ""arguments"": [2, 4]}, {""name"": ""logiccommander"", ""arguments"": [24]}, {""name"": ""debugcolor"", ""arguments"": [0, 0, 100]}, {""name"": ""debugradius"", ""arguments"": [10]}]}",NATIVE_DECLARATION_NO_GRAPHICS,"tribe declares/allows the vehicle type, but vehicles/jobgraphics.cif has no binding and animations.cif no record; no preview created"
2,Franks,5,54,catapult,,,,,,,,,UNKNOWN,,,,Franks/Vehicles/index.html,"{""section"": ""vehicletype"", ""commands"": [{""name"": ""type"", ""arguments"": [5]}, {""name"": ""name"", ""arguments"": [""catapult""]}, {""name"": ""logicsize"", ""arguments"": [1]}, {""name"": ""stockvector"", ""arguments"": [3, 2]}, {""name"": ""passengerslots"", ""arguments"": [0]}, {""name"": ""logicpassenger"", ""arguments"": [31]}, {""name"": ""logicpassenger"", ""arguments"": [32]}, {""name"": ""logicpassenger"", ""arguments"": [33]}, {""name"": ""logicpassenger"", ""arguments"": [34]}, {""name"": ""logicpassenger"", ""arguments"": [35]}, {""name"": ""logicpassenger"", ""arguments"": [36]}, {""name"": ""logicpassenger"", ""arguments"": [37]}, {""name"": ""logicpassenger"", ""arguments"": [38]}, {""name"": ""logicpassenger"", ""arguments"": [39]}, {""name"": ""logicpassenger"", ""arguments"": [40]}, {""name"": ""logicpassenger"", ""arguments"": [41]}, {""name"": ""logicpassenger"", ""arguments"": [42]}, {""name"": ""logicpassenger"", ""arguments"": [43]}, {""name"": ""logicpassenger"", ""arguments"": [44]}, {""name"": ""logicpassenger"", ""arguments"": [45]}, {""name"": ""logicpassenger"", ""arguments"": [46]}, {""name"": ""logicpassenger"", ""arguments"": [47]}, {""name"": ""logiccommander"", ""arguments"": [31]}, {""name"": ""debugcolor"", ""arguments"": [0, 100, 100]}, {""name"": ""debugradius"", ""arguments"": [10]}]}",NATIVE_DECLARATION_NO_GRAPHICS,"tribe declares/allows the vehicle type, but vehicles/jobgraphics.cif has no binding and animations.cif no record; no preview created"
3,Byzantines,1,50,handcart,,,,,,,,,UNKNOWN,,,,Byzantines/Vehicles/index.html,"{""section"": ""vehicletype"", ""commands"": [{""name"": ""type"", ""arguments"": [1]}, {""name"": ""name"", ""arguments"": [""handcart""]}, {""name"": ""logicsize"", ""arguments"": [0]}, {""name"": ""stockslots"", ""arguments"": [10]}, {""name"": ""logicgood"", ""arguments"": [16]}, {""name"": ""logicgood"", ""arguments"": [17]}, {""name"": ""logicgood"", ""arguments"": [43]}, {""name"": ""logicgood"", ""arguments"": [1]}, {""name"": ""logicgood"", ""arguments"": [2]}, {""name"": ""logicgood"", ""arguments"": [3]}, {""name"": ""logicgood"", ""arguments"": [4]}, {""name"": ""logicgood"", ""arguments"": [5]}, {""name"": ""logicgood"", ""arguments"": [9]}, {""name"": ""logicgood"", ""arguments"": [10]}, {""name"": ""logicgood"", ""arguments"": [6]}, {""name"": ""logicgood"", ""arguments"": [7]}, {""name"": ""logicgood"", ""arguments"": [8]}, {""name"": ""logicgood"", ""arguments"": [11]}, {""name"": ""logicgood"", ""arguments"": [12]}, {""name"": ""logicgood"", ""arguments"": [13]}, {""name"": ""logicgood"", ""arguments"": [14]}, {""name"": ""logicgood"", ""arguments"": [15]}, {""name"": ""logicgood"", ""arguments"": [24]}, {""name"": ""logicgood"", ""arguments"": [25]}, {""name"": ""logicgood"", ""arguments"": [26]}, {""name"": ""logicgood"", ""arguments"": [27]}, {""name"": ""logicgood"", ""arguments"": [28]}, {""name"": ""logicgood"", ""arguments"": [29]}, {""name"": ""logicgood"", ""arguments"": [30]}, {""name"": ""logicgood"", ""arguments"": [31]}, {""name"": ""logicgood"", ""arguments"": [32]}, {""name"": ""logicgood"", ""arguments"": [33]}, {""name"": ""logicgood"", ""arguments"": [34]}, {""name"": ""logicgood"", ""arguments"": [35]}, {""name"": ""logicgood"", ""arguments"": [36]}, {""name"": ""logicgood"", ""arguments"": [37]}, {""name"": ""logicgood"", ""arguments"": [38]}, {""name"": ""logicgood"", ""arguments"": [39]}, {""name"": ""logicgood"", ""arguments"": [40]}, {""name"": ""logicgood"", ""arguments"": [41]}, {""name"": ""logicgood"", ""arguments"": [42]}, {""name"": ""logicgood"", ""arguments"": [44]}, {""name"": ""logicgood"", ""arguments"": [45]}, {""name"": ""logicgood"", ""arguments"": [46]}, {""name"": ""logicgood"", ""arguments"": [47]}, {""name"": ""logicgood"", ""arguments"": [48]}, {""name"": ""logicgood"", ""arguments"": [49]}, {""name"": ""logicgood"", ""arguments"": [50]}, {""name"": ""logicgood"", ""arguments"": [51]}, {""name"": ""logicgood"", ""arguments"": [52]}, {""name"": ""logicgood"", ""arguments"": [53]}, {""name"": ""logicgood"", ""arguments"": [54]}, {""name"": ""logicgood"", ""arguments"": [55]}, {""name"": ""passengerslots"", ""arguments"": [0]}, {""name"": ""logicpassenger"", ""arguments"": [25]}, {""name"": ""logicpassenger"", ""arguments"": [24]}, {""name"": ""logiccommander"", ""arguments"": [25]}, {""name"": ""debugcolor"", ""arguments"": [0, 100, 100]}, {""name"": ""debugradius"", ""arguments"": [10]}]}",NATIVE_DECLARATION_NO_GRAPHICS,"tribe declares/allows the vehicle type, but vehicles/jobgraphics.cif has no binding and animations.cif no record; no preview created"
3,Byzantines,2,51,oxcart,,,,,,,,,UNKNOWN,,,,Byzantines/Vehicles/index.html,"{""section"": ""vehicletype"", ""commands"": [{""name"": ""type"", ""arguments"": [2]}, {""name"": ""name"", ""arguments"": [""oxcart""]}, {""name"": ""logicsize"", ""arguments"": [0]}, {""name"": ""stockslots"", ""arguments"": [20]}, {""name"": ""logicgood"", ""arguments"": [16]}, {""name"": ""logicgood"", ""arguments"": [17]}, {""name"": ""logicgood"", ""arguments"": [43]}, {""name"": ""logicgood"", ""arguments"": [1]}, {""name"": ""logicgood"", ""arguments"": [2]}, {""name"": ""logicgood"", ""arguments"": [3]}, {""name"": ""logicgood"", ""arguments"": [4]}, {""name"": ""logicgood"", ""arguments"": [5]}, {""name"": ""logicgood"", ""arguments"": [9]}, {""name"": ""logicgood"", ""arguments"": [10]}, {""name"": ""logicgood"", ""arguments"": [6]}, {""name"": ""logicgood"", ""arguments"": [7]}, {""name"": ""logicgood"", ""arguments"": [8]}, {""name"": ""logicgood"", ""arguments"": [11]}, {""name"": ""logicgood"", ""arguments"": [12]}, {""name"": ""logicgood"", ""arguments"": [13]}, {""name"": ""logicgood"", ""arguments"": [14]}, {""name"": ""logicgood"", ""arguments"": [15]}, {""name"": ""logicgood"", ""arguments"": [24]}, {""name"": ""logicgood"", ""arguments"": [25]}, {""name"": ""logicgood"", ""arguments"": [26]}, {""name"": ""logicgood"", ""arguments"": [27]}, {""name"": ""logicgood"", ""arguments"": [28]}, {""name"": ""logicgood"", ""arguments"": [29]}, {""name"": ""logicgood"", ""arguments"": [30]}, {""name"": ""logicgood"", ""arguments"": [31]}, {""name"": ""logicgood"", ""arguments"": [32]}, {""name"": ""logicgood"", ""arguments"": [33]}, {""name"": ""logicgood"", ""arguments"": [34]}, {""name"": ""logicgood"", ""arguments"": [35]}, {""name"": ""logicgood"", ""arguments"": [36]}, {""name"": ""logicgood"", ""arguments"": [37]}, {""name"": ""logicgood"", ""arguments"": [38]}, {""name"": ""logicgood"", ""arguments"": [39]}, {""name"": ""logicgood"", ""arguments"": [40]}, {""name"": ""logicgood"", ""arguments"": [41]}, {""name"": ""logicgood"", ""arguments"": [42]}, {""name"": ""logicgood"", ""arguments"": [44]}, {""name"": ""logicgood"", ""arguments"": [45]}, {""name"": ""logicgood"", ""arguments"": [46]}, {""name"": ""logicgood"", ""arguments"": [47]}, {""name"": ""logicgood"", ""arguments"": [48]}, {""name"": ""logicgood"", ""arguments"": [49]}, {""name"": ""logicgood"", ""arguments"": [50]}, {""name"": ""logicgood"", ""arguments"": [51]}, {""name"": ""logicgood"", ""arguments"": [52]}, {""name"": ""logicgood"", ""arguments"": [53]}, {""name"": ""logicgood"", ""arguments"": [54]}, {""name"": ""logicgood"", ""arguments"": [55]}, {""name"": ""passengerslots"", ""arguments"": [0]}, {""name"": ""logicpassenger"", ""arguments"": [25]}, {""name"": ""logicpassenger"", ""arguments"": [24]}, {""name"": ""logiccommander"", ""arguments"": [25]}, {""name"": ""debugcolor"", ""arguments"": [0, 100, 100]}, {""name"": ""debugradius"", ""arguments"": [10]}]}",NATIVE_DECLARATION_NO_GRAPHICS,"tribe declares/allows the vehicle type, but vehicles/jobgraphics.cif has no binding and animations.cif no record; no preview created"
3,Byzantines,3,52,ship small,,,,,,,,,UNKNOWN,,,,Byzantines/Vehicles/index.html,"{""section"": ""vehicletype"", ""commands"": [{""name"": ""type"", ""arguments"": [3]}, {""name"": ""name"", ""arguments"": [""ship small""]}, {""name"": ""logicsize"", ""arguments"": [2]}, {""name"": ""stockslots"", ""arguments"": [50]}, {""name"": ""logicgood"", ""arguments"": [16]}, {""name"": ""logicgood"", ""arguments"": [17]}, {""name"": ""logicgood"", ""arguments"": [43]}, {""name"": ""logicgood"", ""arguments"": [1]}, {""name"": ""logicgood"", ""arguments"": [2]}, {""name"": ""logicgood"", ""arguments"": [3]}, {""name"": ""logicgood"", ""arguments"": [4]}, {""name"": ""logicgood"", ""arguments"": [5]}, {""name"": ""logicgood"", ""arguments"": [9]}, {""name"": ""logicgood"", ""arguments"": [10]}, {""name"": ""logicgood"", ""arguments"": [6]}, {""name"": ""logicgood"", ""arguments"": [7]}, {""name"": ""logicgood"", ""arguments"": [8]}, {""name"": ""logicgood"", ""arguments"": [11]}, {""name"": ""logicgood"", ""arguments"": [12]}, {""name"": ""logicgood"", ""arguments"": [13]}, {""name"": ""logicgood"", ""arguments"": [14]}, {""name"": ""logicgood"", ""arguments"": [15]}, {""name"": ""logicgood"", ""arguments"": [24]}, {""name"": ""logicgood"", ""arguments"": [25]}, {""name"": ""logicgood"", ""arguments"": [26]}, {""name"": ""logicgood"", ""arguments"": [27]}, {""name"": ""logicgood"", ""arguments"": [28]}, {""name"": ""logicgood"", ""arguments"": [29]}, {""name"": ""logicgood"", ""arguments"": [30]}, {""name"": ""logicgood"", ""arguments"": [31]}, {""name"": ""logicgood"", ""arguments"": [32]}, {""name"": ""logicgood"", ""arguments"": [33]}, {""name"": ""logicgood"", ""arguments"": [34]}, {""name"": ""logicgood"", ""arguments"": [35]}, {""name"": ""logicgood"", ""arguments"": [36]}, {""name"": ""logicgood"", ""arguments"": [37]}, {""name"": ""logicgood"", ""arguments"": [38]}, {""name"": ""logicgood"", ""arguments"": [39]}, {""name"": ""logicgood"", ""arguments"": [40]}, {""name"": ""logicgood"", ""arguments"": [41]}, {""name"": ""logicgood"", ""arguments"": [42]}, {""name"": ""logicgood"", ""arguments"": [44]}, {""name"": ""logicgood"", ""arguments"": [45]}, {""name"": ""logicgood"", ""arguments"": [46]}, {""name"": ""logicgood"", ""arguments"": [47]}, {""name"": ""logicgood"", ""arguments"": [48]}, {""name"": ""logicgood"", ""arguments"": [49]}, {""name"": ""logicgood"", ""arguments"": [50]}, {""name"": ""logicgood"", ""arguments"": [51]}, {""name"": ""logicgood"", ""arguments"": [52]}, {""name"": ""logicgood"", ""arguments"": [53]}, {""name"": ""logicgood"", ""arguments"": [54]}, {""name"": ""logicgood"", ""arguments"": [55]}, {""name"": ""stockvector"", ""arguments"": [2, 4]}, {""name"": ""passengerslots"", ""arguments"": [10]}, {""name"": ""vehicleslots"", ""arguments"": [1]}, {""name"": ""logicpassenger"", ""arguments"": [5]}, {""name"": ""logicpassenger"", ""arguments"": [6]}, {""name"": ""logicpassenger"", ""arguments"": [7]}, {""name"": ""logicpassenger"", ""arguments"": [8]}, {""name"": ""logicpassenger"", ""arguments"": [9]}, {""name"": ""logicpassenger"", ""arguments"": [10]}, {""name"": ""logicpassenger"", ""arguments"": [11]}, {""name"": ""logicpassenger"", ""arguments"": [12]}, {""name"": ""logicpassenger"", ""arguments"": [13]}, {""name"": ""logicpassenger"", ""arguments"": [14]}, {""name"": ""logicpassenger"", ""arguments"": [15]}, {""name"": ""logicpassenger"", ""arguments"": [16]}, {""name"": ""logicpassenger"", ""arguments"": [17]}, {""name"": ""logicpassenger"", ""arguments"": [18]}, {""name"": ""logicpassenger"", ""arguments"": [19]}, {""name"": ""logicpassenger"", ""arguments"": [20]}, {""name"": ""logicpassenger"", ""arguments"": [21]}, {""name"": ""logicpassenger"", ""arguments"": [22]}, {""name"": ""logicpassenger"", ""arguments"": [23]}, {""name"": ""logicpassenger"", ""arguments"": [24]}, {""name"": ""logicpassenger"", ""arguments"": [25]}, {""name"": ""logicpassenger"", ""arguments"": [26]}, {""name"": ""logicpassenger"", ""arguments"": [27]}, {""name"": ""logicpassenger"", ""arguments"": [28]}, {""name"": ""logicpassenger"", ""arguments"": [29]}, {""name"": ""logicpassenger"", ""arguments"": [30]}, {""name"": ""logicpassenger"", ""arguments"": [31]}, {""name"": ""logicpassenger"", ""arguments"": [32]}, {""name"": ""logicpassenger"", ""arguments"": [33]}, {""name"": ""logicpassenger"", ""arguments"": [34]}, {""name"": ""logicpassenger"", ""arguments"": [35]}, {""name"": ""logicpassenger"", ""arguments"": [36]}, {""name"": ""logicpassenger"", ""arguments"": [37]}, {""name"": ""logicpassenger"", ""arguments"": [38]}, {""name"": ""logicpassenger"", ""arguments"": [39]}, {""name"": ""logicpassenger"", ""arguments"": [40]}, {""name"": ""logicpassenger"", ""arguments"": [41]}, {""name"": ""logicpassenger"", ""arguments"": [42]}, {""name"": ""logicpassenger"", ""arguments"": [43]}, {""name"": ""logicpassenger"", ""arguments"": [44]}, {""name"": ""logicpassenger"", ""arguments"": [45]}, {""name"": ""logicpassenger"", ""arguments"": [46]}, {""name"": ""logicpassenger"", ""arguments"": [47]}, {""name"": ""logicpassenger"", ""arguments"": [50]}, {""name"": ""logicpassenger"", ""arguments"": [51]}, {""name"": ""logicpassenger"", ""arguments"": [54]}, {""name"": ""passengervector"", ""arguments"": [2, 4]}, {""name"": ""logiccommander"", ""arguments"": [24]}, {""name"": ""debugcolor"", ""arguments"": [0, 0, 100]}, {""name"": ""debugradius"", ""arguments"": [10]}]}",NATIVE_DECLARATION_NO_GRAPHICS,"tribe declares/allows the vehicle type, but vehicles/jobgraphics.cif has no binding and animations.cif no record; no preview created"
3,Byzantines,5,54,catapult,,,,,,,,,UNKNOWN,,,,Byzantines/Vehicles/index.html,"{""section"": ""vehicletype"", ""commands"": [{""name"": ""type"", ""arguments"": [5]}, {""name"": ""name"", ""arguments"": [""catapult""]}, {""name"": ""logicsize"", ""arguments"": [1]}, {""name"": ""stockvector"", ""arguments"": [3, 2]}, {""name"": ""passengerslots"", ""arguments"": [0]}, {""name"": ""logicpassenger"", ""arguments"": [31]}, {""name"": ""logicpassenger"", ""arguments"": [32]}, {""name"": ""logicpassenger"", ""arguments"": [33]}, {""name"": ""logicpassenger"", ""arguments"": [34]}, {""name"": ""logicpassenger"", ""arguments"": [35]}, {""name"": ""logicpassenger"", ""arguments"": [36]}, {""name"": ""logicpassenger"", ""arguments"": [37]}, {""name"": ""logicpassenger"", ""arguments"": [38]}, {""name"": ""logicpassenger"", ""arguments"": [39]}, {""name"": ""logicpassenger"", ""arguments"": [40]}, {""name"": ""logicpassenger"", ""arguments"": [41]}, {""name"": ""logicpassenger"", ""arguments"": [42]}, {""name"": ""logicpassenger"", ""arguments"": [43]}, {""name"": ""logicpassenger"", ""arguments"": [44]}, {""name"": ""logicpassenger"", ""arguments"": [45]}, {""name"": ""logicpassenger"", ""arguments"": [46]}, {""name"": ""logicpassenger"", ""arguments"": [47]}, {""name"": ""logiccommander"", ""arguments"": [31]}, {""name"": ""debugcolor"", ""arguments"": [0, 100, 100]}, {""name"": ""debugradius"", ""arguments"": [10]}]}",NATIVE_DECLARATION_NO_GRAPHICS,"tribe declares/allows the vehicle type, but vehicles/jobgraphics.cif has no binding and animations.cif no record; no preview created"
4,Saracens (Arabs),1,50,handcart,,,,,,,,,UNKNOWN,,,,Arabs/Vehicles/index.html,"{""section"": ""vehicletype"", ""commands"": [{""name"": ""type"", ""arguments"": [1]}, {""name"": ""name"", ""arguments"": [""handcart""]}, {""name"": ""logicsize"", ""arguments"": [0]}, {""name"": ""stockslots"", ""arguments"": [10]}, {""name"": ""logicgood"", ""arguments"": [16]}, {""name"": ""logicgood"", ""arguments"": [17]}, {""name"": ""logicgood"", ""arguments"": [43]}, {""name"": ""logicgood"", ""arguments"": [1]}, {""name"": ""logicgood"", ""arguments"": [2]}, {""name"": ""logicgood"", ""arguments"": [3]}, {""name"": ""logicgood"", ""arguments"": [4]}, {""name"": ""logicgood"", ""arguments"": [5]}, {""name"": ""logicgood"", ""arguments"": [9]}, {""name"": ""logicgood"", ""arguments"": [10]}, {""name"": ""logicgood"", ""arguments"": [6]}, {""name"": ""logicgood"", ""arguments"": [7]}, {""name"": ""logicgood"", ""arguments"": [8]}, {""name"": ""logicgood"", ""arguments"": [11]}, {""name"": ""logicgood"", ""arguments"": [12]}, {""name"": ""logicgood"", ""arguments"": [13]}, {""name"": ""logicgood"", ""arguments"": [14]}, {""name"": ""logicgood"", ""arguments"": [15]}, {""name"": ""logicgood"", ""arguments"": [24]}, {""name"": ""logicgood"", ""arguments"": [25]}, {""name"": ""logicgood"", ""arguments"": [26]}, {""name"": ""logicgood"", ""arguments"": [27]}, {""name"": ""logicgood"", ""arguments"": [28]}, {""name"": ""logicgood"", ""arguments"": [29]}, {""name"": ""logicgood"", ""arguments"": [30]}, {""name"": ""logicgood"", ""arguments"": [31]}, {""name"": ""logicgood"", ""arguments"": [32]}, {""name"": ""logicgood"", ""arguments"": [33]}, {""name"": ""logicgood"", ""arguments"": [34]}, {""name"": ""logicgood"", ""arguments"": [35]}, {""name"": ""logicgood"", ""arguments"": [36]}, {""name"": ""logicgood"", ""arguments"": [37]}, {""name"": ""logicgood"", ""arguments"": [38]}, {""name"": ""logicgood"", ""arguments"": [39]}, {""name"": ""logicgood"", ""arguments"": [40]}, {""name"": ""logicgood"", ""arguments"": [41]}, {""name"": ""logicgood"", ""arguments"": [42]}, {""name"": ""logicgood"", ""arguments"": [44]}, {""name"": ""logicgood"", ""arguments"": [45]}, {""name"": ""logicgood"", ""arguments"": [46]}, {""name"": ""logicgood"", ""arguments"": [47]}, {""name"": ""logicgood"", ""arguments"": [48]}, {""name"": ""logicgood"", ""arguments"": [49]}, {""name"": ""logicgood"", ""arguments"": [50]}, {""name"": ""logicgood"", ""arguments"": [51]}, {""name"": ""logicgood"", ""arguments"": [52]}, {""name"": ""logicgood"", ""arguments"": [53]}, {""name"": ""logicgood"", ""arguments"": [54]}, {""name"": ""logicgood"", ""arguments"": [55]}, {""name"": ""passengerslots"", ""arguments"": [0]}, {""name"": ""logicpassenger"", ""arguments"": [25]}, {""name"": ""logicpassenger"", ""arguments"": [24]}, {""name"": ""logiccommander"", ""arguments"": [25]}, {""name"": ""debugcolor"", ""arguments"": [0, 100, 100]}, {""name"": ""debugradius"", ""arguments"": [10]}]}",NATIVE_DECLARATION_NO_GRAPHICS,"tribe declares/allows the vehicle type, but vehicles/jobgraphics.cif has no binding and animations.cif no record; no preview created"
4,Saracens (Arabs),2,51,oxcart,,,,,,,,,UNKNOWN,,,,Arabs/Vehicles/index.html,"{""section"": ""vehicletype"", ""commands"": [{""name"": ""type"", ""arguments"": [2]}, {""name"": ""name"", ""arguments"": [""oxcart""]}, {""name"": ""logicsize"", ""arguments"": [0]}, {""name"": ""stockslots"", ""arguments"": [20]}, {""name"": ""logicgood"", ""arguments"": [16]}, {""name"": ""logicgood"", ""arguments"": [17]}, {""name"": ""logicgood"", ""arguments"": [43]}, {""name"": ""logicgood"", ""arguments"": [1]}, {""name"": ""logicgood"", ""arguments"": [2]}, {""name"": ""logicgood"", ""arguments"": [3]}, {""name"": ""logicgood"", ""arguments"": [4]}, {""name"": ""logicgood"", ""arguments"": [5]}, {""name"": ""logicgood"", ""arguments"": [9]}, {""name"": ""logicgood"", ""arguments"": [10]}, {""name"": ""logicgood"", ""arguments"": [6]}, {""name"": ""logicgood"", ""arguments"": [7]}, {""name"": ""logicgood"", ""arguments"": [8]}, {""name"": ""logicgood"", ""arguments"": [11]}, {""name"": ""logicgood"", ""arguments"": [12]}, {""name"": ""logicgood"", ""arguments"": [13]}, {""name"": ""logicgood"", ""arguments"": [14]}, {""name"": ""logicgood"", ""arguments"": [15]}, {""name"": ""logicgood"", ""arguments"": [24]}, {""name"": ""logicgood"", ""arguments"": [25]}, {""name"": ""logicgood"", ""arguments"": [26]}, {""name"": ""logicgood"", ""arguments"": [27]}, {""name"": ""logicgood"", ""arguments"": [28]}, {""name"": ""logicgood"", ""arguments"": [29]}, {""name"": ""logicgood"", ""arguments"": [30]}, {""name"": ""logicgood"", ""arguments"": [31]}, {""name"": ""logicgood"", ""arguments"": [32]}, {""name"": ""logicgood"", ""arguments"": [33]}, {""name"": ""logicgood"", ""arguments"": [34]}, {""name"": ""logicgood"", ""arguments"": [35]}, {""name"": ""logicgood"", ""arguments"": [36]}, {""name"": ""logicgood"", ""arguments"": [37]}, {""name"": ""logicgood"", ""arguments"": [38]}, {""name"": ""logicgood"", ""arguments"": [39]}, {""name"": ""logicgood"", ""arguments"": [40]}, {""name"": ""logicgood"", ""arguments"": [41]}, {""name"": ""logicgood"", ""arguments"": [42]}, {""name"": ""logicgood"", ""arguments"": [44]}, {""name"": ""logicgood"", ""arguments"": [45]}, {""name"": ""logicgood"", ""arguments"": [46]}, {""name"": ""logicgood"", ""arguments"": [47]}, {""name"": ""logicgood"", ""arguments"": [48]}, {""name"": ""logicgood"", ""arguments"": [49]}, {""name"": ""logicgood"", ""arguments"": [50]}, {""name"": ""logicgood"", ""arguments"": [51]}, {""name"": ""logicgood"", ""arguments"": [52]}, {""name"": ""logicgood"", ""arguments"": [53]}, {""name"": ""logicgood"", ""arguments"": [54]}, {""name"": ""logicgood"", ""arguments"": [55]}, {""name"": ""passengerslots"", ""arguments"": [0]}, {""name"": ""logicpassenger"", ""arguments"": [25]}, {""name"": ""logicpassenger"", ""arguments"": [24]}, {""name"": ""logiccommander"", ""arguments"": [25]}, {""name"": ""debugcolor"", ""arguments"": [0, 100, 100]}, {""name"": ""debugradius"", ""arguments"": [10]}]}",NATIVE_DECLARATION_NO_GRAPHICS,"tribe declares/allows the vehicle type, but vehicles/jobgraphics.cif has no binding and animations.cif no record; no preview created"
4,Saracens (Arabs),4,53,ship big,,,,,,,,,UNKNOWN,,,,Arabs/Vehicles/index.html,"{""section"": ""vehicletype"", ""commands"": [{""name"": ""type"", ""arguments"": [4]}, {""name"": ""name"", ""arguments"": [""ship big""]}, {""name"": ""logicsize"", ""arguments"": [4]}, {""name"": ""stockslots"", ""arguments"": [100]}, {""name"": ""logicgood"", ""arguments"": [16]}, {""name"": ""logicgood"", ""arguments"": [17]}, {""name"": ""logicgood"", ""arguments"": [43]}, {""name"": ""logicgood"", ""arguments"": [1]}, {""name"": ""logicgood"", ""arguments"": [2]}, {""name"": ""logicgood"", ""arguments"": [3]}, {""name"": ""logicgood"", ""arguments"": [4]}, {""name"": ""logicgood"", ""arguments"": [5]}, {""name"": ""logicgood"", ""arguments"": [9]}, {""name"": ""logicgood"", ""arguments"": [10]}, {""name"": ""logicgood"", ""arguments"": [6]}, {""name"": ""logicgood"", ""arguments"": [7]}, {""name"": ""logicgood"", ""arguments"": [8]}, {""name"": ""logicgood"", ""arguments"": [11]}, {""name"": ""logicgood"", ""arguments"": [12]}, {""name"": ""logicgood"", ""arguments"": [13]}, {""name"": ""logicgood"", ""arguments"": [14]}, {""name"": ""logicgood"", ""arguments"": [15]}, {""name"": ""logicgood"", ""arguments"": [24]}, {""name"": ""logicgood"", ""arguments"": [25]}, {""name"": ""logicgood"", ""arguments"": [26]}, {""name"": ""logicgood"", ""arguments"": [27]}, {""name"": ""logicgood"", ""arguments"": [28]}, {""name"": ""logicgood"", ""arguments"": [29]}, {""name"": ""logicgood"", ""arguments"": [30]}, {""name"": ""logicgood"", ""arguments"": [31]}, {""name"": ""logicgood"", ""arguments"": [32]}, {""name"": ""logicgood"", ""arguments"": [33]}, {""name"": ""logicgood"", ""arguments"": [34]}, {""name"": ""logicgood"", ""arguments"": [35]}, {""name"": ""logicgood"", ""arguments"": [36]}, {""name"": ""logicgood"", ""arguments"": [37]}, {""name"": ""logicgood"", ""arguments"": [38]}, {""name"": ""logicgood"", ""arguments"": [39]}, {""name"": ""logicgood"", ""arguments"": [40]}, {""name"": ""logicgood"", ""arguments"": [41]}, {""name"": ""logicgood"", ""arguments"": [42]}, {""name"": ""logicgood"", ""arguments"": [44]}, {""name"": ""logicgood"", ""arguments"": [45]}, {""name"": ""logicgood"", ""arguments"": [46]}, {""name"": ""logicgood"", ""arguments"": [47]}, {""name"": ""logicgood"", ""arguments"": [48]}, {""name"": ""logicgood"", ""arguments"": [49]}, {""name"": ""logicgood"", ""arguments"": [50]}, {""name"": ""logicgood"", ""arguments"": [51]}, {""name"": ""logicgood"", ""arguments"": [52]}, {""name"": ""logicgood"", ""arguments"": [53]}, {""name"": ""logicgood"", ""arguments"": [54]}, {""name"": ""logicgood"", ""arguments"": [55]}, {""name"": ""stockvector"", ""arguments"": [2, 6]}, {""name"": ""passengerslots"", ""arguments"": [20]}, {""name"": ""vehicleslots"", ""arguments"": [2]}, {""name"": ""logicpassenger"", ""arguments"": [5]}, {""name"": ""logicpassenger"", ""arguments"": [6]}, {""name"": ""logicpassenger"", ""arguments"": [7]}, {""name"": ""logicpassenger"", ""arguments"": [8]}, {""name"": ""logicpassenger"", ""arguments"": [9]}, {""name"": ""logicpassenger"", ""arguments"": [10]}, {""name"": ""logicpassenger"", ""arguments"": [11]}, {""name"": ""logicpassenger"", ""arguments"": [12]}, {""name"": ""logicpassenger"", ""arguments"": [13]}, {""name"": ""logicpassenger"", ""arguments"": [14]}, {""name"": ""logicpassenger"", ""arguments"": [15]}, {""name"": ""logicpassenger"", ""arguments"": [16]}, {""name"": ""logicpassenger"", ""arguments"": [17]}, {""name"": ""logicpassenger"", ""arguments"": [18]}, {""name"": ""logicpassenger"", ""arguments"": [19]}, {""name"": ""logicpassenger"", ""arguments"": [20]}, {""name"": ""logicpassenger"", ""arguments"": [21]}, {""name"": ""logicpassenger"", ""arguments"": [22]}, {""name"": ""logicpassenger"", ""arguments"": [23]}, {""name"": ""logicpassenger"", ""arguments"": [24]}, {""name"": ""logicpassenger"", ""arguments"": [25]}, {""name"": ""logicpassenger"", ""arguments"": [26]}, {""name"": ""logicpassenger"", ""arguments"": [27]}, {""name"": ""logicpassenger"", ""arguments"": [28]}, {""name"": ""logicpassenger"", ""arguments"": [29]}, {""name"": ""logicpassenger"", ""arguments"": [30]}, {""name"": ""logicpassenger"", ""arguments"": [31]}, {""name"": ""logicpassenger"", ""arguments"": [32]}, {""name"": ""logicpassenger"", ""arguments"": [33]}, {""name"": ""logicpassenger"", ""arguments"": [34]}, {""name"": ""logicpassenger"", ""arguments"": [35]}, {""name"": ""logicpassenger"", ""arguments"": [36]}, {""name"": ""logicpassenger"", ""arguments"": [37]}, {""name"": ""logicpassenger"", ""arguments"": [38]}, {""name"": ""logicpassenger"", ""arguments"": [39]}, {""name"": ""logicpassenger"", ""arguments"": [40]}, {""name"": ""logicpassenger"", ""arguments"": [41]}, {""name"": ""logicpassenger"", ""arguments"": [42]}, {""name"": ""logicpassenger"", ""arguments"": [43]}, {""name"": ""logicpassenger"", ""arguments"": [44]}, {""name"": ""logicpassenger"", ""arguments"": [45]}, {""name"": ""logicpassenger"", ""arguments"": [46]}, {""name"": ""logicpassenger"", ""arguments"": [47]}, {""name"": ""passengervector"", ""arguments"": [2, 6]}, {""name"": ""logiccommander"", ""arguments"": [24]}, {""name"": ""debugcolor"", ""arguments"": [0, 0, 100]}, {""name"": ""debugradius"", ""arguments"": [20]}]}",NATIVE_DECLARATION_NO_GRAPHICS,"tribe declares/allows the vehicle type, but vehicles/jobgraphics.cif has no binding and animations.cif no record; no preview created"
4,Saracens (Arabs),5,54,catapult,,,,,,,,,UNKNOWN,,,,Arabs/Vehicles/index.html,"{""section"": ""vehicletype"", ""commands"": [{""name"": ""type"", ""arguments"": [5]}, {""name"": ""name"", ""arguments"": [""catapult""]}, {""name"": ""logicsize"", ""arguments"": [1]}, {""name"": ""stockvector"", ""arguments"": [3, 2]}, {""name"": ""passengerslots"", ""arguments"": [0]}, {""name"": ""logicpassenger"", ""arguments"": [31]}, {""name"": ""logicpassenger"", ""arguments"": [32]}, {""name"": ""logicpassenger"", ""arguments"": [33]}, {""name"": ""logicpassenger"", ""arguments"": [34]}, {""name"": ""logicpassenger"", ""arguments"": [35]}, {""name"": ""logicpassenger"", ""arguments"": [36]}, {""name"": ""logicpassenger"", ""arguments"": [37]}, {""name"": ""logicpassenger"", ""arguments"": [38]}, {""name"": ""logicpassenger"", ""arguments"": [39]}, {""name"": ""logicpassenger"", ""arguments"": [40]}, {""name"": ""logicpassenger"", ""arguments"": [41]}, {""name"": ""logicpassenger"", ""arguments"": [42]}, {""name"": ""logicpassenger"", ""arguments"": [43]}, {""name"": ""logicpassenger"", ""arguments"": [44]}, {""name"": ""logicpassenger"", ""arguments"": [45]}, {""name"": ""logicpassenger"", ""arguments"": [46]}, {""name"": ""logicpassenger"", ""arguments"": [47]}, {""name"": ""logiccommander"", ""arguments"": [31]}, {""name"": ""debugcolor"", ""arguments"": [0, 100, 100]}, {""name"": ""debugradius"", ""arguments"": [10]}]}",NATIVE_DECLARATION_NO_GRAPHICS,"tribe declares/allows the vehicle type, but vehicles/jobgraphics.cif has no binding and animations.cif no record; no preview created"
4,Saracens (Arabs),6,55,oxcart,,,,,,,,,UNKNOWN,,,,Arabs/Vehicles/index.html,"{""section"": ""vehicletype"", ""commands"": [{""name"": ""type"", ""arguments"": [6]}, {""name"": ""name"", ""arguments"": [""oxcart""]}, {""name"": ""logicsize"", ""arguments"": [0]}, {""name"": ""stockslots"", ""arguments"": [20]}, {""name"": ""logicgood"", ""arguments"": [16]}, {""name"": ""logicgood"", ""arguments"": [17]}, {""name"": ""logicgood"", ""arguments"": [43]}, {""name"": ""logicgood"", ""arguments"": [1]}, {""name"": ""logicgood"", ""arguments"": [2]}, {""name"": ""logicgood"", ""arguments"": [3]}, {""name"": ""logicgood"", ""arguments"": [4]}, {""name"": ""logicgood"", ""arguments"": [5]}, {""name"": ""logicgood"", ""arguments"": [9]}, {""name"": ""logicgood"", ""arguments"": [10]}, {""name"": ""logicgood"", ""arguments"": [6]}, {""name"": ""logicgood"", ""arguments"": [7]}, {""name"": ""logicgood"", ""arguments"": [8]}, {""name"": ""logicgood"", ""arguments"": [11]}, {""name"": ""logicgood"", ""arguments"": [12]}, {""name"": ""logicgood"", ""arguments"": [13]}, {""name"": ""logicgood"", ""arguments"": [14]}, {""name"": ""logicgood"", ""arguments"": [15]}, {""name"": ""logicgood"", ""arguments"": [24]}, {""name"": ""logicgood"", ""arguments"": [25]}, {""name"": ""logicgood"", ""arguments"": [26]}, {""name"": ""logicgood"", ""arguments"": [27]}, {""name"": ""logicgood"", ""arguments"": [28]}, {""name"": ""logicgood"", ""arguments"": [29]}, {""name"": ""logicgood"", ""arguments"": [30]}, {""name"": ""logicgood"", ""arguments"": [31]}, {""name"": ""logicgood"", ""arguments"": [32]}, {""name"": ""logicgood"", ""arguments"": [33]}, {""name"": ""logicgood"", ""arguments"": [34]}, {""name"": ""logicgood"", ""arguments"": [35]}, {""name"": ""logicgood"", ""arguments"": [36]}, {""name"": ""logicgood"", ""arguments"": [37]}, {""name"": ""logicgood"", ""arguments"": [38]}, {""name"": ""logicgood"", ""arguments"": [39]}, {""name"": ""logicgood"", ""arguments"": [40]}, {""name"": ""logicgood"", ""arguments"": [41]}, {""name"": ""logicgood"", ""arguments"": [42]}, {""name"": ""logicgood"", ""arguments"": [44]}, {""name"": ""logicgood"", ""arguments"": [45]}, {""name"": ""logicgood"", ""arguments"": [46]}, {""name"": ""logicgood"", ""arguments"": [47]}, {""name"": ""logicgood"", ""arguments"": [48]}, {""name"": ""logicgood"", ""arguments"": [49]}, {""name"": ""logicgood"", ""arguments"": [50]}, {""name"": ""logicgood"", ""arguments"": [51]}, {""name"": ""logicgood"", ""arguments"": [52]}, {""name"": ""logicgood"", ""arguments"": [53]}, {""name"": ""logicgood"", ""arguments"": [54]}, {""name"": ""logicgood"", ""arguments"": [55]}, {""name"": ""passengerslots"", ""arguments"": [0]}, {""name"": ""logicdragginganimaltribe"", ""arguments"": [10]}, {""name"": ""logictransformvehicletype"", ""arguments"": [2]}, {""name"": ""debugcolor"", ""arguments"": [0, 100, 100]}, {""name"": ""debugradius"", ""arguments"": [10]}]}",NATIVE_DECLARATION_NO_GRAPHICS,"tribe declares/allows the vehicle type, but vehicles/jobgraphics.cif has no binding and animations.cif no record; no preview created"
7,Egypt,1,50,handcart,,,,,,,,,UNKNOWN,,,,Other Tribes/Egypt/Vehicles/index.html,"{""section"": ""vehicletype"", ""commands"": [{""name"": ""type"", ""arguments"": [1]}, {""name"": ""name"", ""arguments"": [""handcart""]}, {""name"": ""logicsize"", ""arguments"": [0]}, {""name"": ""stockslots"", ""arguments"": [10]}, {""name"": ""logicgood"", ""arguments"": [16]}, {""name"": ""logicgood"", ""arguments"": [17]}, {""name"": ""logicgood"", ""arguments"": [43]}, {""name"": ""logicgood"", ""arguments"": [1]}, {""name"": ""logicgood"", ""arguments"": [2]}, {""name"": ""logicgood"", ""arguments"": [3]}, {""name"": ""logicgood"", ""arguments"": [4]}, {""name"": ""logicgood"", ""arguments"": [5]}, {""name"": ""logicgood"", ""arguments"": [9]}, {""name"": ""logicgood"", ""arguments"": [10]}, {""name"": ""logicgood"", ""arguments"": [6]}, {""name"": ""logicgood"", ""arguments"": [7]}, {""name"": ""logicgood"", ""arguments"": [8]}, {""name"": ""logicgood"", ""arguments"": [11]}, {""name"": ""logicgood"", ""arguments"": [12]}, {""name"": ""logicgood"", ""arguments"": [13]}, {""name"": ""logicgood"", ""arguments"": [14]}, {""name"": ""logicgood"", ""arguments"": [15]}, {""name"": ""logicgood"", ""arguments"": [24]}, {""name"": ""logicgood"", ""arguments"": [25]}, {""name"": ""logicgood"", ""arguments"": [26]}, {""name"": ""logicgood"", ""arguments"": [27]}, {""name"": ""logicgood"", ""arguments"": [28]}, {""name"": ""logicgood"", ""arguments"": [29]}, {""name"": ""logicgood"", ""arguments"": [30]}, {""name"": ""logicgood"", ""arguments"": [31]}, {""name"": ""logicgood"", ""arguments"": [32]}, {""name"": ""logicgood"", ""arguments"": [33]}, {""name"": ""logicgood"", ""arguments"": [34]}, {""name"": ""logicgood"", ""arguments"": [35]}, {""name"": ""logicgood"", ""arguments"": [36]}, {""name"": ""logicgood"", ""arguments"": [37]}, {""name"": ""logicgood"", ""arguments"": [38]}, {""name"": ""logicgood"", ""arguments"": [39]}, {""name"": ""logicgood"", ""arguments"": [40]}, {""name"": ""logicgood"", ""arguments"": [41]}, {""name"": ""logicgood"", ""arguments"": [42]}, {""name"": ""logicgood"", ""arguments"": [44]}, {""name"": ""logicgood"", ""arguments"": [45]}, {""name"": ""logicgood"", ""arguments"": [46]}, {""name"": ""logicgood"", ""arguments"": [47]}, {""name"": ""logicgood"", ""arguments"": [48]}, {""name"": ""logicgood"", ""arguments"": [49]}, {""name"": ""logicgood"", ""arguments"": [50]}, {""name"": ""logicgood"", ""arguments"": [51]}, {""name"": ""logicgood"", ""arguments"": [52]}, {""name"": ""logicgood"", ""arguments"": [53]}, {""name"": ""logicgood"", ""arguments"": [54]}, {""name"": ""logicgood"", ""arguments"": [55]}, {""name"": ""passengerslots"", ""arguments"": [0]}, {""name"": ""logicpassenger"", ""arguments"": [25]}, {""name"": ""logicpassenger"", ""arguments"": [24]}, {""name"": ""logiccommander"", ""arguments"": [25]}, {""name"": ""debugcolor"", ""arguments"": [0, 100, 100]}, {""name"": ""debugradius"", ""arguments"": [10]}]}",NATIVE_DECLARATION_NO_GRAPHICS,"tribe declares/allows the vehicle type, but vehicles/jobgraphics.cif has no binding and animations.cif no record; no preview created"
7,Egypt,2,51,oxcart,,,,,,,,,UNKNOWN,,,,Other Tribes/Egypt/Vehicles/index.html,"{""section"": ""vehicletype"", ""commands"": [{""name"": ""type"", ""arguments"": [2]}, {""name"": ""name"", ""arguments"": [""oxcart""]}, {""name"": ""logicsize"", ""arguments"": [0]}, {""name"": ""stockslots"", ""arguments"": [20]}, {""name"": ""logicgood"", ""arguments"": [16]}, {""name"": ""logicgood"", ""arguments"": [17]}, {""name"": ""logicgood"", ""arguments"": [43]}, {""name"": ""logicgood"", ""arguments"": [1]}, {""name"": ""logicgood"", ""arguments"": [2]}, {""name"": ""logicgood"", ""arguments"": [3]}, {""name"": ""logicgood"", ""arguments"": [4]}, {""name"": ""logicgood"", ""arguments"": [5]}, {""name"": ""logicgood"", ""arguments"": [9]}, {""name"": ""logicgood"", ""arguments"": [10]}, {""name"": ""logicgood"", ""arguments"": [6]}, {""name"": ""logicgood"", ""arguments"": [7]}, {""name"": ""logicgood"", ""arguments"": [8]}, {""name"": ""logicgood"", ""arguments"": [11]}, {""name"": ""logicgood"", ""arguments"": [12]}, {""name"": ""logicgood"", ""arguments"": [13]}, {""name"": ""logicgood"", ""arguments"": [14]}, {""name"": ""logicgood"", ""arguments"": [15]}, {""name"": ""logicgood"", ""arguments"": [24]}, {""name"": ""logicgood"", ""arguments"": [25]}, {""name"": ""logicgood"", ""arguments"": [26]}, {""name"": ""logicgood"", ""arguments"": [27]}, {""name"": ""logicgood"", ""arguments"": [28]}, {""name"": ""logicgood"", ""arguments"": [29]}, {""name"": ""logicgood"", ""arguments"": [30]}, {""name"": ""logicgood"", ""arguments"": [31]}, {""name"": ""logicgood"", ""arguments"": [32]}, {""name"": ""logicgood"", ""arguments"": [33]}, {""name"": ""logicgood"", ""arguments"": [34]}, {""name"": ""logicgood"", ""arguments"": [35]}, {""name"": ""logicgood"", ""arguments"": [36]}, {""name"": ""logicgood"", ""arguments"": [37]}, {""name"": ""logicgood"", ""arguments"": [38]}, {""name"": ""logicgood"", ""arguments"": [39]}, {""name"": ""logicgood"", ""arguments"": [40]}, {""name"": ""logicgood"", ""arguments"": [41]}, {""name"": ""logicgood"", ""arguments"": [42]}, {""name"": ""logicgood"", ""arguments"": [44]}, {""name"": ""logicgood"", ""arguments"": [45]}, {""name"": ""logicgood"", ""arguments"": [46]}, {""name"": ""logicgood"", ""arguments"": [47]}, {""name"": ""logicgood"", ""arguments"": [48]}, {""name"": ""logicgood"", ""arguments"": [49]}, {""name"": ""logicgood"", ""arguments"": [50]}, {""name"": ""logicgood"", ""arguments"": [51]}, {""name"": ""logicgood"", ""arguments"": [52]}, {""name"": ""logicgood"", ""arguments"": [53]}, {""name"": ""logicgood"", ""arguments"": [54]}, {""name"": ""logicgood"", ""arguments"": [55]}, {""name"": ""passengerslots"", ""arguments"": [0]}, {""name"": ""logicpassenger"", ""arguments"": [25]}, {""name"": ""logicpassenger"", ""arguments"": [24]}, {""name"": ""logiccommander"", ""arguments"": [25]}, {""name"": ""debugcolor"", ""arguments"": [0, 100, 100]}, {""name"": ""debugradius"", ""arguments"": [10]}]}",NATIVE_DECLARATION_NO_GRAPHICS,"tribe declares/allows the vehicle type, but vehicles/jobgraphics.cif has no binding and animations.cif no record; no preview created"
7,Egypt,3,52,ship small,,,,,,,,,UNKNOWN,,,,Other Tribes/Egypt/Vehicles/index.html,"{""section"": ""vehicletype"", ""commands"": [{""name"": ""type"", ""arguments"": [3]}, {""name"": ""name"", ""arguments"": [""ship small""]}, {""name"": ""logicsize"", ""arguments"": [2]}, {""name"": ""stockslots"", ""arguments"": [50]}, {""name"": ""logicgood"", ""arguments"": [16]}, {""name"": ""logicgood"", ""arguments"": [17]}, {""name"": ""logicgood"", ""arguments"": [43]}, {""name"": ""logicgood"", ""arguments"": [1]}, {""name"": ""logicgood"", ""arguments"": [2]}, {""name"": ""logicgood"", ""arguments"": [3]}, {""name"": ""logicgood"", ""arguments"": [4]}, {""name"": ""logicgood"", ""arguments"": [5]}, {""name"": ""logicgood"", ""arguments"": [9]}, {""name"": ""logicgood"", ""arguments"": [10]}, {""name"": ""logicgood"", ""arguments"": [6]}, {""name"": ""logicgood"", ""arguments"": [7]}, {""name"": ""logicgood"", ""arguments"": [8]}, {""name"": ""logicgood"", ""arguments"": [11]}, {""name"": ""logicgood"", ""arguments"": [12]}, {""name"": ""logicgood"", ""arguments"": [13]}, {""name"": ""logicgood"", ""arguments"": [14]}, {""name"": ""logicgood"", ""arguments"": [15]}, {""name"": ""logicgood"", ""arguments"": [24]}, {""name"": ""logicgood"", ""arguments"": [25]}, {""name"": ""logicgood"", ""arguments"": [26]}, {""name"": ""logicgood"", ""arguments"": [27]}, {""name"": ""logicgood"", ""arguments"": [28]}, {""name"": ""logicgood"", ""arguments"": [29]}, {""name"": ""logicgood"", ""arguments"": [30]}, {""name"": ""logicgood"", ""arguments"": [31]}, {""name"": ""logicgood"", ""arguments"": [32]}, {""name"": ""logicgood"", ""arguments"": [33]}, {""name"": ""logicgood"", ""arguments"": [34]}, {""name"": ""logicgood"", ""arguments"": [35]}, {""name"": ""logicgood"", ""arguments"": [36]}, {""name"": ""logicgood"", ""arguments"": [37]}, {""name"": ""logicgood"", ""arguments"": [38]}, {""name"": ""logicgood"", ""arguments"": [39]}, {""name"": ""logicgood"", ""arguments"": [40]}, {""name"": ""logicgood"", ""arguments"": [41]}, {""name"": ""logicgood"", ""arguments"": [42]}, {""name"": ""logicgood"", ""arguments"": [44]}, {""name"": ""logicgood"", ""arguments"": [45]}, {""name"": ""logicgood"", ""arguments"": [46]}, {""name"": ""logicgood"", ""arguments"": [47]}, {""name"": ""logicgood"", ""arguments"": [48]}, {""name"": ""logicgood"", ""arguments"": [49]}, {""name"": ""logicgood"", ""arguments"": [50]}, {""name"": ""logicgood"", ""arguments"": [51]}, {""name"": ""logicgood"", ""arguments"": [52]}, {""name"": ""logicgood"", ""arguments"": [53]}, {""name"": ""logicgood"", ""arguments"": [54]}, {""name"": ""logicgood"", ""arguments"": [55]}, {""name"": ""stockvector"", ""arguments"": [2, 4]}, {""name"": ""passengerslots"", ""arguments"": [10]}, {""name"": ""vehicleslots"", ""arguments"": [1]}, {""name"": ""logicpassenger"", ""arguments"": [5]}, {""name"": ""logicpassenger"", ""arguments"": [6]}, {""name"": ""logicpassenger"", ""arguments"": [7]}, {""name"": ""logicpassenger"", ""arguments"": [8]}, {""name"": ""logicpassenger"", ""arguments"": [9]}, {""name"": ""logicpassenger"", ""arguments"": [10]}, {""name"": ""logicpassenger"", ""arguments"": [11]}, {""name"": ""logicpassenger"", ""arguments"": [12]}, {""name"": ""logicpassenger"", ""arguments"": [13]}, {""name"": ""logicpassenger"", ""arguments"": [14]}, {""name"": ""logicpassenger"", ""arguments"": [15]}, {""name"": ""logicpassenger"", ""arguments"": [16]}, {""name"": ""logicpassenger"", ""arguments"": [17]}, {""name"": ""logicpassenger"", ""arguments"": [18]}, {""name"": ""logicpassenger"", ""arguments"": [19]}, {""name"": ""logicpassenger"", ""arguments"": [20]}, {""name"": ""logicpassenger"", ""arguments"": [21]}, {""name"": ""logicpassenger"", ""arguments"": [22]}, {""name"": ""logicpassenger"", ""arguments"": [23]}, {""name"": ""logicpassenger"", ""arguments"": [24]}, {""name"": ""logicpassenger"", ""arguments"": [25]}, {""name"": ""logicpassenger"", ""arguments"": [26]}, {""name"": ""logicpassenger"", ""arguments"": [27]}, {""name"": ""logicpassenger"", ""arguments"": [28]}, {""name"": ""logicpassenger"", ""arguments"": [29]}, {""name"": ""logicpassenger"", ""arguments"": [30]}, {""name"": ""logicpassenger"", ""arguments"": [31]}, {""name"": ""logicpassenger"", ""arguments"": [32]}, {""name"": ""logicpassenger"", ""arguments"": [33]}, {""name"": ""logicpassenger"", ""arguments"": [34]}, {""name"": ""logicpassenger"", ""arguments"": [35]}, {""name"": ""logicpassenger"", ""arguments"": [36]}, {""name"": ""logicpassenger"", ""arguments"": [37]}, {""name"": ""logicpassenger"", ""arguments"": [38]}, {""name"": ""logicpassenger"", ""arguments"": [39]}, {""name"": ""logicpassenger"", ""arguments"": [40]}, {""name"": ""logicpassenger"", ""arguments"": [41]}, {""name"": ""logicpassenger"", ""arguments"": [42]}, {""name"": ""logicpassenger"", ""arguments"": [43]}, {""name"": ""logicpassenger"", ""arguments"": [44]}, {""name"": ""logicpassenger"", ""arguments"": [45]}, {""name"": ""logicpassenger"", ""arguments"": [46]}, {""name"": ""logicpassenger"", ""arguments"": [47]}, {""name"": ""logicpassenger"", ""arguments"": [50]}, {""name"": ""logicpassenger"", ""arguments"": [51]}, {""name"": ""logicpassenger"", ""arguments"": [54]}, {""name"": ""passengervector"", ""arguments"": [2, 4]}, {""name"": ""logiccommander"", ""arguments"": [24]}, {""name"": ""debugcolor"", ""arguments"": [0, 0, 100]}, {""name"": ""debugradius"", ""arguments"": [10]}]}",NATIVE_DECLARATION_NO_GRAPHICS,"tribe declares/allows the vehicle type, but vehicles/jobgraphics.cif has no binding and animations.cif no record; no preview created"
7,Egypt,5,54,catapult,,,,,,,,,UNKNOWN,,,,Other Tribes/Egypt/Vehicles/index.html,"{""section"": ""vehicletype"", ""commands"": [{""name"": ""type"", ""arguments"": [5]}, {""name"": ""name"", ""arguments"": [""catapult""]}, {""name"": ""logicsize"", ""arguments"": [1]}, {""name"": ""stockvector"", ""arguments"": [3, 2]}, {""name"": ""passengerslots"", ""arguments"": [0]}, {""name"": ""logicpassenger"", ""arguments"": [31]}, {""name"": ""logicpassenger"", ""arguments"": [32]}, {""name"": ""logicpassenger"", ""arguments"": [33]}, {""name"": ""logicpassenger"", ""arguments"": [34]}, {""name"": ""logicpassenger"", ""arguments"": [35]}, {""name"": ""logicpassenger"", ""arguments"": [36]}, {""name"": ""logicpassenger"", ""arguments"": [37]}, {""name"": ""logicpassenger"", ""arguments"": [38]}, {""name"": ""logicpassenger"", ""arguments"": [39]}, {""name"": ""logicpassenger"", ""arguments"": [40]}, {""name"": ""logicpassenger"", ""arguments"": [41]}, {""name"": ""logicpassenger"", ""arguments"": [42]}, {""name"": ""logicpassenger"", ""arguments"": [43]}, {""name"": ""logicpassenger"", ""arguments"": [44]}, {""name"": ""logicpassenger"", ""arguments"": [45]}, {""name"": ""logicpassenger"", ""arguments"": [46]}, {""name"": ""logicpassenger"", ""arguments"": [47]}, {""name"": ""logiccommander"", ""arguments"": [31]}, {""name"": ""debugcolor"", ""arguments"": [0, 100, 100]}, {""name"": ""debugradius"", ""arguments"": [10]}]}",NATIVE_DECLARATION_NO_GRAPHICS,"tribe declares/allows the vehicle type, but vehicles/jobgraphics.cif has no binding and animations.cif no record; no preview created"
