TRIBE_ID,TRIBE,OWNER_KIND,TYPE_ID,ANIMATION_JOB_ID,JOB_NAME,JOB_ENGLISH,SEX_AGE,BASE_JOB_CHAIN,ANIMATION_SECTION,DEFINED_FOR_JOB,INHERITED,KIND,ATOMIC_ID,ATOMIC_NAME,ATOMIC_LENGTH,ATOMIC_EVENTS,CARRIED_GOOD,CARRIED_GOOD_NAME,IN_HOUSE_SUBID,WALK_SPEED_THRESHOLD,MODE,BOBSEQ_BODY,BOBSEQ_HEAD,PHASE,BODY_VARIANT,BODY_BMD,SHADOW_BMD,HEAD_BMD_RENDERED,HEAD_VARIANT_RENDERED,HEAD_VARIANTS,BODY_PALETTE,HEAD_PALETTE,PALETTE_PROVENANCE,RANDOM_PALETTES,DIRECTION_BODY_BOBS,DIRECTION_HEAD_BOBS,TIMING,SHEET,SHADOW_MASK,CELL,ANCHOR_IN_CELL,SHEET_ROWS_DIRECTIONS,RENDER_STATUS,NATIVE_COMPATIBILITY,CELL_ISSUES,STATUS,METADATA,DETAIL_PAGE
1,Vikings,vehicle,1,50,handcart,Handcart,,[50],411,50,False,atomic,2,viking_cart_hand_idle_short_a,12,[],,,0,,0,vehicles_handcart_wait,vehicles_handcart_wait,initial,0,Data\Engine2D\Bin\Bobs\CR_Veh_Body_00.bmd,Data\Engine2D\Bin\Bobs\CR_Veh_Body_00_s.bmd,,,[],goods01,,declared base palette (ordinal 0 of RNG list),[],"{""0"": [305], ""1"": [305], ""2"": [305], ""3"": [305], ""4"": [305], ""5"": [305], ""6"": [305], ""7"": [305]}",{},"frame = min(count-1, floor(count*progress/duration)); duration from atomic length",Vikings/Vehicles/Sheets/cr_veh_body_00__goods01/j50_A002_vehicles_handcart_wait_s411.png,Vikings/Vehicles/Sheets/cr_veh_body_00__goods01/j50_A002_vehicles_handcart_wait_s411__shadow_mask.png,"[50, 55]","[19, 24]","[0, 1, 2, 3, 4, 5, 6, 7]",RENDERED,COMPATIBLE,[],PIXEL_CONFIRMED,Vikings/Vehicles/type_1_handcart/metadata.json,Vikings/Vehicles/type_1_handcart/index.html
1,Vikings,vehicle,1,50,handcart,Handcart,,[50],1391,50,False,walk,,,,[],0,,,100000,0,vehicles_bullcart_walk,vehicles_bullcart_walk,initial,0,Data\Engine2D\Bin\Bobs\CR_Veh_Body_00.bmd,Data\Engine2D\Bin\Bobs\CR_Veh_Body_00_s.bmd,,,[],goods01,,declared base palette (ordinal 0 of RNG list),[],"{""0"": [96, 97, 98, 99, 100, 101, 102, 103, 104, 105, 106, 107], ""1"": [108, 109, 110, 111, 112, 113, 114, 115, 116, 117, 118, 119], ""2"": [48, 49, 50, 51, 52, 53, 54, 55, 56, 57, 58, 59], ""3"": [60, 61, 62, 63, 64, 65, 66, 67, 68, 69, 70, 71], ""4"": [72, 73, 74, 75, 76, 77, 78, 79, 80, 81, 82, 83], ""5"": [84, 85, 86, 87, 88, 89, 90, 91, 92, 93, 94, 95], ""6"": [132, 133, 134, 135, 136, 137, 138, 139, 140, 141, 142, 143], ""7"": [120, 121, 122, 123, 124, 125, 126, 127, 128, 129, 130, 131]}",{},frame = frameTick % count (walk; caller frame tick),Vikings/Vehicles/Sheets/cr_veh_body_00__goods01/j50_W000_vehicles_bullcart_walk_s1391.png,Vikings/Vehicles/Sheets/cr_veh_body_00__goods01/j50_W000_vehicles_bullcart_walk_s1391__shadow_mask.png,"[95, 88]","[51, 48]","[0, 1, 2, 3, 4, 5, 6, 7]",RENDERED,COMPATIBLE,[],PIXEL_CONFIRMED,Vikings/Vehicles/type_1_handcart/metadata.json,Vikings/Vehicles/type_1_handcart/index.html
1,Vikings,vehicle,2,51,oxcart,Ox Cart,,[51],412,51,False,atomic,2,viking_cart_ox_idle_short_a,12,[],,,0,,0,vehicles_bullcart_wait,vehicles_bullcart_wait,initial,0,Data\Engine2D\Bin\Bobs\CR_Veh_Body_00.bmd,Data\Engine2D\Bin\Bobs\CR_Veh_Body_00_s.bmd,,,[],oxcart,,declared base palette (ordinal 0 of RNG list),[],"{""0"": [16], ""1"": [16], ""2"": [0], ""3"": [0], ""4"": [0], ""5"": [16], ""6"": [0], ""7"": [32]}",{},"frame = min(count-1, floor(count*progress/duration)); duration from atomic length",Vikings/Vehicles/Sheets/cr_veh_body_00__oxcart/j51_A002_vehicles_bullcart_wait_s412.png,Vikings/Vehicles/Sheets/cr_veh_body_00__oxcart/j51_A002_vehicles_bullcart_wait_s412__shadow_mask.png,"[65, 81]","[36, 40]","[0, 1, 2, 3, 4, 5, 6, 7]",RENDERED,COMPATIBLE,[],PIXEL_CONFIRMED,Vikings/Vehicles/type_2_oxcart/metadata.json,Vikings/Vehicles/type_2_oxcart/index.html
1,Vikings,vehicle,2,51,oxcart,Ox Cart,,[51],1392,51,False,walk,,,,[],0,,,100000,0,vehicles_bullcart_walk,vehicles_bullcart_walk,initial,0,Data\Engine2D\Bin\Bobs\CR_Veh_Body_00.bmd,Data\Engine2D\Bin\Bobs\CR_Veh_Body_00_s.bmd,,,[],oxcart,,declared base palette (ordinal 0 of RNG list),[],"{""0"": [96, 97, 98, 99, 100, 101, 102, 103, 104, 105, 106, 107], ""1"": [108, 109, 110, 111, 112, 113, 114, 115, 116, 117, 118, 119], ""2"": [48, 49, 50, 51, 52, 53, 54, 55, 56, 57, 58, 59], ""3"": [60, 61, 62, 63, 64, 65, 66, 67, 68, 69, 70, 71], ""4"": [72, 73, 74, 75, 76, 77, 78, 79, 80, 81, 82, 83], ""5"": [84, 85, 86, 87, 88, 89, 90, 91, 92, 93, 94, 95], ""6"": [132, 133, 134, 135, 136, 137, 138, 139, 140, 141, 142, 143], ""7"": [120, 121, 122, 123, 124, 125, 126, 127, 128, 129, 130, 131]}",{},frame = frameTick % count (walk; caller frame tick),Vikings/Vehicles/Sheets/cr_veh_body_00__oxcart/j51_W000_vehicles_bullcart_walk_s1392.png,Vikings/Vehicles/Sheets/cr_veh_body_00__oxcart/j51_W000_vehicles_bullcart_walk_s1392__shadow_mask.png,"[95, 88]","[51, 48]","[0, 1, 2, 3, 4, 5, 6, 7]",RENDERED,COMPATIBLE,[],PIXEL_CONFIRMED,Vikings/Vehicles/type_2_oxcart/metadata.json,Vikings/Vehicles/type_2_oxcart/index.html
1,Vikings,vehicle,3,52,ship small,Ship,,[52],928,52,False,atomic,2,viking_ship_small_idle_short_a,12,[],,,0,,0,,,initial,0,Data\Engine2D\Bin\Bobs\LS_vehicles.bmd,Data\Engine2D\Bin\Bobs\LS_vehicles_s.bmd,,,[],human_Ship01,,declared base palette (ordinal 0 of RNG list),[],"{""0"": [8], ""1"": [12], ""2"": [20], ""3"": [24], ""4"": [28], ""5"": [5], ""6"": [0], ""7"": [16]}",{},"frame = min(count-1, floor(count*progress/duration)); duration from atomic length",Vikings/Vehicles/Sheets/ls_vehicles__human_Ship01/j52_A002_absolute_s928.png,Vikings/Vehicles/Sheets/ls_vehicles__human_Ship01/j52_A002_absolute_s928__shadow_mask.png,"[347, 319]","[175, 187]","[0, 1, 2, 3, 4, 5, 6, 7]",RENDERED,COMPATIBLE,[],PIXEL_CONFIRMED,Vikings/Vehicles/type_3_ship_small/metadata.json,Vikings/Vehicles/type_3_ship_small/index.html
1,Vikings,vehicle,3,52,ship small,Ship,,[52],929,52,False,atomic,4,UNKNOWN (no tribe setatomic),,[],,,0,,0,,,initial,0,Data\Engine2D\Bin\Bobs\LS_vehicles.bmd,Data\Engine2D\Bin\Bobs\LS_vehicles_s.bmd,,,[],human_Ship01,,declared base palette (ordinal 0 of RNG list),[],"{""0"": [74], ""1"": [78], ""2"": [86], ""3"": [90], ""4"": [94], ""5"": [70], ""6"": [66], ""7"": [82]}",{},"frame = min(count-1, floor(count*progress/duration)); duration from atomic length",Vikings/Vehicles/Sheets/ls_vehicles__human_Ship01/j52_A004_absolute_s929.png,Vikings/Vehicles/Sheets/ls_vehicles__human_Ship01/j52_A004_absolute_s929__shadow_mask.png,"[347, 319]","[175, 187]","[0, 1, 2, 3, 4, 5, 6, 7]",RENDERED,COMPATIBLE,[],PIXEL_CONFIRMED,Vikings/Vehicles/type_3_ship_small/metadata.json,Vikings/Vehicles/type_3_ship_small/index.html
1,Vikings,vehicle,3,52,ship small,Ship,,[52],1389,52,False,walk,,,,[],0,,,100000,0,,,initial,0,Data\Engine2D\Bin\Bobs\LS_vehicles.bmd,Data\Engine2D\Bin\Bobs\LS_vehicles_s.bmd,,,[],human_Ship01,,declared base palette (ordinal 0 of RNG list),[],"{""0"": [8], ""1"": [12], ""2"": [20], ""3"": [24], ""4"": [28], ""5"": [4], ""6"": [0], ""7"": [16]}",{},frame = frameTick % count (walk; caller frame tick),Vikings/Vehicles/Sheets/ls_vehicles__human_Ship01/j52_W000_absolute_s1389.png,Vikings/Vehicles/Sheets/ls_vehicles__human_Ship01/j52_W000_absolute_s1389__shadow_mask.png,"[347, 319]","[175, 187]","[0, 1, 2, 3, 4, 5, 6, 7]",RENDERED,COMPATIBLE,[],PIXEL_CONFIRMED,Vikings/Vehicles/type_3_ship_small/metadata.json,Vikings/Vehicles/type_3_ship_small/index.html
1,Vikings,vehicle,3,52,ship small,Ship,,[52],1390,52,False,walk,,,,[],5,wood,,100000,0,,,initial,0,Data\Engine2D\Bin\Bobs\LS_vehicles.bmd,Data\Engine2D\Bin\Bobs\LS_vehicles_s.bmd,,,[],human_Ship01,,declared base palette (ordinal 0 of RNG list),[],"{""0"": [74], ""1"": [78], ""2"": [86], ""3"": [90], ""4"": [94], ""5"": [70], ""6"": [66], ""7"": [82]}",{},frame = frameTick % count (walk; caller frame tick),Vikings/Vehicles/Sheets/ls_vehicles__human_Ship01/j52_W005_absolute_s1390.png,Vikings/Vehicles/Sheets/ls_vehicles__human_Ship01/j52_W005_absolute_s1390__shadow_mask.png,"[347, 319]","[175, 187]","[0, 1, 2, 3, 4, 5, 6, 7]",RENDERED,COMPATIBLE,[],PIXEL_CONFIRMED,Vikings/Vehicles/type_3_ship_small/metadata.json,Vikings/Vehicles/type_3_ship_small/index.html
1,Vikings,vehicle,5,54,catapult,Catapult,,[54],414,54,False,atomic,2,viking_catapult_idle_short_a,12,[],,,0,,0,vehicles_catapult_attack,vehicles_catapult_attack,initial,0,Data\Engine2D\Bin\Bobs\CR_Veh_Body_00.bmd,Data\Engine2D\Bin\Bobs\CR_Veh_Body_00_s.bmd,,,[],goods_bow,,declared base palette (ordinal 0 of RNG list),[],"{""0"": [209], ""1"": [225], ""2"": [145], ""3"": [161], ""4"": [177], ""5"": [193], ""6"": [177], ""7"": [225]}",{},"frame = min(count-1, floor(count*progress/duration)); duration from atomic length",Vikings/Vehicles/Sheets/cr_veh_body_00__goods_bow/j54_A002_vehicles_catapult_attack_s414.png,Vikings/Vehicles/Sheets/cr_veh_body_00__goods_bow/j54_A002_vehicles_catapult_attack_s414__shadow_mask.png,"[146, 124]","[77, 59]","[0, 1, 2, 3, 4, 5, 6, 7]",RENDERED,COMPATIBLE,[],PIXEL_CONFIRMED,Vikings/Vehicles/type_5_catapult/metadata.json,Vikings/Vehicles/type_5_catapult/index.html
1,Vikings,vehicle,5,54,catapult,Catapult,,[54],413,54,False,atomic,81,viking_catapult_attack,48,"[[1, 25], [1, 34, 89]]",,,0,,0,vehicles_catapult_attack,vehicles_catapult_attack,initial,0,Data\Engine2D\Bin\Bobs\CR_Veh_Body_00.bmd,Data\Engine2D\Bin\Bobs\CR_Veh_Body_00_s.bmd,,,[],goods_bow,,declared base palette (ordinal 0 of RNG list),[],"{""0"": [209, 210, 211, 212, 213, 214, 215, 216, 217, 218, 219, 219, 219, 219, 220, 220, 220, 220, 220, 221, 221, 221, 221, 221, 222, 222, 222, 222, 222, 223, 223, 223, 223, 223, 223, 223, 224, 224, 224, 224], ""1"": [225, 226, 227, 228, 229, 230, 231, 232, 233, 234, 235, 235, 235, 235, 236, 236, 236, 236, 236, 237, 237, 237, 237, 237, 238, 238, 238, 238, 238, 239, 239, 239, 239, 239, 239, 239, 240, 240, 240, 240], ""2"": [145, 146, 147, 148, 149, 150, 151, 152, 153, 154, 155, 155, 155, 155, 156, 156, 156, 156, 156, 157, 157, 157, 157, 157, 158, 158, 158, 158, 158, 159, 159, 159, 159, 159, 159, 159, 160, 160, 160, 160], ""3"": [161, 162, 163, 164, 165, 166, 167, 168, 169, 170, 171, 171, 171, 171, 172, 172, 172, 172, 172, 173, 173, 173, 173, 173, 174, 174, 174, 174, 174, 175, 175, 175, 175, 175, 175, 175, 176, 176, 176, 176], ""4"": [177, 178, 179, 180, 181, 182, 183, 184, 185, 186, 187, 187, 187, 187, 188, 188, 188, 188, 188, 189, 189, 189, 189, 189, 190, 190, 190, 190, 190, 191, 191, 191, 191, 191, 191, 191, 192, 192, 192, 192], ""5"": [193, 194, 195, 196, 197, 198, 199, 200, 201, 202, 203, 203, 203, 203, 204, 204, 204, 204, 204, 205, 205, 205, 205, 205, 206, 206, 206, 206, 206, 207, 207, 207, 207, 207, 207, 207, 208, 208, 208, 208], ""6"": [177, 178, 179, 180, 181, 182, 183, 184, 185, 186, 187, 187, 187, 187, 188, 188, 188, 188, 188, 189, 189, 189, 189, 189, 190, 190, 190, 190, 190, 191, 191, 191, 191, 191, 191, 191, 192, 192, 192, 192], ""7"": [225, 226, 227, 228, 229, 230, 231, 232, 233, 234, 235, 235, 235, 235, 236, 236, 236, 236, 236, 237, 237, 237, 237, 237, 238, 238, 238, 238, 238, 239, 239, 239, 239, 239, 239, 239, 240, 240, 240, 240]}",{},"frame = min(count-1, floor(count*progress/duration)); duration from atomic length",Vikings/Vehicles/Sheets/cr_veh_body_00__goods_bow/j54_A081_vehicles_catapult_attack_s413.png,Vikings/Vehicles/Sheets/cr_veh_body_00__goods_bow/j54_A081_vehicles_catapult_attack_s413__shadow_mask.png,"[146, 138]","[77, 73]","[0, 1, 2, 3, 4, 5, 6, 7]",RENDERED,COMPATIBLE,[],PIXEL_CONFIRMED,Vikings/Vehicles/type_5_catapult/metadata.json,Vikings/Vehicles/type_5_catapult/index.html
1,Vikings,vehicle,5,54,catapult,Catapult,,[54],1393,54,False,walk,,,,[],0,,,100000,0,vehicles_catapult_drive,vehicles_catapult_drive,initial,0,Data\Engine2D\Bin\Bobs\CR_Veh_Body_00.bmd,Data\Engine2D\Bin\Bobs\CR_Veh_Body_00_s.bmd,,,[],goods_bow,,declared base palette (ordinal 0 of RNG list),[],"{""0"": [273, 274, 275, 276, 277, 278, 279, 280], ""1"": [281, 282, 283, 284, 285, 286, 287, 288], ""2"": [241, 242, 243, 244, 245, 246, 247, 248], ""3"": [249, 250, 251, 252, 253, 254, 255, 256], ""4"": [257, 258, 259, 260, 261, 262, 263, 264], ""5"": [265, 266, 267, 268, 269, 270, 271, 272], ""6"": [297, 298, 299, 300, 301, 302, 303, 304], ""7"": [289, 290, 291, 292, 293, 294, 295, 296]}",{},frame = frameTick % count (walk; caller frame tick),Vikings/Vehicles/Sheets/cr_veh_body_00__goods_bow/j54_W000_vehicles_catapult_drive_s1393.png,Vikings/Vehicles/Sheets/cr_veh_body_00__goods_bow/j54_W000_vehicles_catapult_drive_s1393__shadow_mask.png,"[146, 126]","[77, 58]","[0, 1, 2, 3, 4, 5, 6, 7]",RENDERED,COMPATIBLE,[],PIXEL_CONFIRMED,Vikings/Vehicles/type_5_catapult/metadata.json,Vikings/Vehicles/type_5_catapult/index.html
1,Vikings,vehicle,6,55,oxcart,Ox Cart Framework,,[55],969,55,False,atomic,2,viking_cart_no_ox_idle_short_a,12,[],,,0,,0,vehicles_bullcart_empty_wait,vehicles_bullcart_empty_wait,initial,0,Data\Engine2D\Bin\Bobs\CR_Veh_Body_00.bmd,Data\Engine2D\Bin\Bobs\CR_Veh_Body_00_s.bmd,,,[],goods01,,declared base palette (ordinal 0 of RNG list),[],"{""0"": [144], ""1"": [144], ""2"": [144, 144], ""3"": [144], ""4"": [144], ""5"": [144], ""6"": [144], ""7"": [144]}",{},"frame = min(count-1, floor(count*progress/duration)); duration from atomic length",Vikings/Vehicles/Sheets/cr_veh_body_00__goods01/j55_A002_vehicles_bullcart_empty_wait_s969.png,Vikings/Vehicles/Sheets/cr_veh_body_00__goods01/j55_A002_vehicles_bullcart_empty_wait_s969__shadow_mask.png,"[59, 54]","[34, 31]","[0, 1, 2, 3, 4, 5, 6, 7]",RENDERED,COMPATIBLE,[],PIXEL_CONFIRMED,Vikings/Vehicles/type_6_oxcart/metadata.json,Vikings/Vehicles/type_6_oxcart/index.html
1,Vikings,vehicle,6,55,oxcart,Ox Cart Framework,,[55],1558,55,False,walk,,,,[],0,,,100000,0,vehicles_bullcart_walk,vehicles_bullcart_walk,initial,0,Data\Engine2D\Bin\Bobs\CR_Veh_Body_00.bmd,Data\Engine2D\Bin\Bobs\CR_Veh_Body_00_s.bmd,,,[],goods01,,declared base palette (ordinal 0 of RNG list),[],"{""0"": [96, 97, 98, 99, 100, 101, 102, 103, 104, 105, 106, 107], ""1"": [108, 109, 110, 111, 112, 113, 114, 115, 116, 117, 118, 119], ""2"": [48, 49, 50, 51, 52, 53, 54, 55, 56, 57, 58, 59], ""3"": [60, 61, 62, 63, 64, 65, 66, 67, 68, 69, 70, 71], ""4"": [72, 73, 74, 75, 76, 77, 78, 79, 80, 81, 82, 83], ""5"": [84, 85, 86, 87, 88, 89, 90, 91, 92, 93, 94, 95], ""6"": [132, 133, 134, 135, 136, 137, 138, 139, 140, 141, 142, 143], ""7"": [120, 121, 122, 123, 124, 125, 126, 127, 128, 129, 130, 131]}",{},frame = frameTick % count (walk; caller frame tick),Vikings/Vehicles/Sheets/cr_veh_body_00__goods01/j55_W000_vehicles_bullcart_walk_s1558.png,Vikings/Vehicles/Sheets/cr_veh_body_00__goods01/j55_W000_vehicles_bullcart_walk_s1558__shadow_mask.png,"[95, 88]","[51, 48]","[0, 1, 2, 3, 4, 5, 6, 7]",RENDERED,COMPATIBLE,[],PIXEL_CONFIRMED,Vikings/Vehicles/type_6_oxcart/metadata.json,Vikings/Vehicles/type_6_oxcart/index.html
4,Saracens (Arabs),vehicle,3,52,ship small,Ship,,[52],970,52,False,atomic,2,saracen_ship_small_idle_short_a,12,[],,,0,,0,,,initial,0,Data\Engine2D\Bin\Bobs\LS_vehicles.bmd,Data\Engine2D\Bin\Bobs\LS_vehicles_s.bmd,,,[],human_Ship01,,declared base palette (ordinal 0 of RNG list),[],"{""0"": [42], ""1"": [46], ""2"": [54], ""3"": [58], ""4"": [62], ""5"": [39], ""6"": [34], ""7"": [50]}",{},"frame = min(count-1, floor(count*progress/duration)); duration from atomic length",Arabs/Vehicles/Sheets/ls_vehicles__human_Ship01/j52_A002_absolute_s970.png,Arabs/Vehicles/Sheets/ls_vehicles__human_Ship01/j52_A002_absolute_s970__shadow_mask.png,"[315, 315]","[157, 210]","[0, 1, 2, 3, 4, 5, 6, 7]",RENDERED,COMPATIBLE,[],PIXEL_CONFIRMED,Arabs/Vehicles/type_3_ship_small/metadata.json,Arabs/Vehicles/type_3_ship_small/index.html
4,Saracens (Arabs),vehicle,3,52,ship small,Ship,,[52],971,52,False,atomic,4,UNKNOWN (no tribe setatomic),,[],,,0,,0,,,initial,0,Data\Engine2D\Bin\Bobs\LS_vehicles.bmd,Data\Engine2D\Bin\Bobs\LS_vehicles_s.bmd,,,[],human_Ship01,,declared base palette (ordinal 0 of RNG list),[],"{""0"": [42], ""1"": [46], ""2"": [54], ""3"": [58], ""4"": [62], ""5"": [39], ""6"": [34], ""7"": [50]}",{},"frame = min(count-1, floor(count*progress/duration)); duration from atomic length",Arabs/Vehicles/Sheets/ls_vehicles__human_Ship01/j52_A004_absolute_s971.png,Arabs/Vehicles/Sheets/ls_vehicles__human_Ship01/j52_A004_absolute_s971__shadow_mask.png,"[315, 315]","[157, 210]","[0, 1, 2, 3, 4, 5, 6, 7]",RENDERED,COMPATIBLE,[],PIXEL_CONFIRMED,Arabs/Vehicles/type_3_ship_small/metadata.json,Arabs/Vehicles/type_3_ship_small/index.html
4,Saracens (Arabs),vehicle,3,52,ship small,Ship,,[52],1559,52,False,walk,,,,[],0,,,100000,0,,,initial,0,Data\Engine2D\Bin\Bobs\LS_vehicles.bmd,Data\Engine2D\Bin\Bobs\LS_vehicles_s.bmd,,,[],human_Ship01,,declared base palette (ordinal 0 of RNG list),[],"{""0"": [42], ""1"": [46], ""2"": [54], ""3"": [58], ""4"": [62], ""5"": [39], ""6"": [34], ""7"": [50]}",{},frame = frameTick % count (walk; caller frame tick),Arabs/Vehicles/Sheets/ls_vehicles__human_Ship01/j52_W000_absolute_s1559.png,Arabs/Vehicles/Sheets/ls_vehicles__human_Ship01/j52_W000_absolute_s1559__shadow_mask.png,"[315, 315]","[157, 210]","[0, 1, 2, 3, 4, 5, 6, 7]",RENDERED,COMPATIBLE,[],PIXEL_CONFIRMED,Arabs/Vehicles/type_3_ship_small/metadata.json,Arabs/Vehicles/type_3_ship_small/index.html
4,Saracens (Arabs),vehicle,3,52,ship small,Ship,,[52],1560,52,False,walk,,,,[],5,wood,,100000,0,,,initial,0,Data\Engine2D\Bin\Bobs\LS_vehicles.bmd,Data\Engine2D\Bin\Bobs\LS_vehicles_s.bmd,,,[],human_Ship01,,declared base palette (ordinal 0 of RNG list),[],"{""0"": [42], ""1"": [46], ""2"": [54], ""3"": [58], ""4"": [62], ""5"": [39], ""6"": [34], ""7"": [50]}",{},frame = frameTick % count (walk; caller frame tick),Arabs/Vehicles/Sheets/ls_vehicles__human_Ship01/j52_W005_absolute_s1560.png,Arabs/Vehicles/Sheets/ls_vehicles__human_Ship01/j52_W005_absolute_s1560__shadow_mask.png,"[315, 315]","[157, 210]","[0, 1, 2, 3, 4, 5, 6, 7]",RENDERED,COMPATIBLE,[],PIXEL_CONFIRMED,Arabs/Vehicles/type_3_ship_small/metadata.json,Arabs/Vehicles/type_3_ship_small/index.html
