CATEGORY,TRIBE_ID,TRIBE,TYPE_ID,ANIMATION_JOB_ID,NATIVE_NAME,ENGLISH,PHASE,BODY_SELECTOR,KIND,ATOMIC_SELECTOR,ATOMIC_NAME,CARRIED_GOOD,CARRIED_GOOD_NAME,SUB_ID,WALK_SPEED_THRESHOLD,MODE,ANIMATION_SECTION,DEFINED_FOR_JOB,BODY_SEQUENCE,BODY_LIBRARY,SHADOW_LIBRARY,HEAD_LIBRARY,BODY_PALETTE,HEAD_PALETTE,DIRECTIONS,FRAMES,BOB_RANGE,LENGTH,TIMING,STATUS,SHEET,SHADOW_MASK,METADATA
Vehicles,1,viking,1,50,handcart,Handcart,initial,0,atomic,2,viking_cart_hand_idle_short_a,,,0,,0,411,50,vehicles_handcart_wait,Data\Engine2D\Bin\Bobs\CR_Veh_Body_00.bmd,Data\Engine2D\Bin\Bobs\CR_Veh_Body_00_s.bmd,,goods01,,8,8,305-305,12,"frame = min(count-1, floor(count*progress/duration)); duration from atomic length",RENDERED,Vikings/Vehicles/Sheets/cr_veh_body_00__goods01/j50_A002_vehicles_handcart_wait_s411.png,Vikings/Vehicles/Sheets/cr_veh_body_00__goods01/j50_A002_vehicles_handcart_wait_s411__shadow_mask.png,Vikings/Vehicles/type_1_handcart/metadata.json
Vehicles,1,viking,1,50,handcart,Handcart,initial,0,walk,,,0,,,100000,0,1391,50,vehicles_bullcart_walk,Data\Engine2D\Bin\Bobs\CR_Veh_Body_00.bmd,Data\Engine2D\Bin\Bobs\CR_Veh_Body_00_s.bmd,,goods01,,8,96,48-143,,frame = frameTick % count (walk; caller frame tick),RENDERED,Vikings/Vehicles/Sheets/cr_veh_body_00__goods01/j50_W000_vehicles_bullcart_walk_s1391.png,Vikings/Vehicles/Sheets/cr_veh_body_00__goods01/j50_W000_vehicles_bullcart_walk_s1391__shadow_mask.png,Vikings/Vehicles/type_1_handcart/metadata.json
Vehicles,1,viking,2,51,oxcart,Ox Cart,initial,0,atomic,2,viking_cart_ox_idle_short_a,,,0,,0,412,51,vehicles_bullcart_wait,Data\Engine2D\Bin\Bobs\CR_Veh_Body_00.bmd,Data\Engine2D\Bin\Bobs\CR_Veh_Body_00_s.bmd,,oxcart,,8,8,0-32,12,"frame = min(count-1, floor(count*progress/duration)); duration from atomic length",RENDERED,Vikings/Vehicles/Sheets/cr_veh_body_00__oxcart/j51_A002_vehicles_bullcart_wait_s412.png,Vikings/Vehicles/Sheets/cr_veh_body_00__oxcart/j51_A002_vehicles_bullcart_wait_s412__shadow_mask.png,Vikings/Vehicles/type_2_oxcart/metadata.json
Vehicles,1,viking,2,51,oxcart,Ox Cart,initial,0,walk,,,0,,,100000,0,1392,51,vehicles_bullcart_walk,Data\Engine2D\Bin\Bobs\CR_Veh_Body_00.bmd,Data\Engine2D\Bin\Bobs\CR_Veh_Body_00_s.bmd,,oxcart,,8,96,48-143,,frame = frameTick % count (walk; caller frame tick),RENDERED,Vikings/Vehicles/Sheets/cr_veh_body_00__oxcart/j51_W000_vehicles_bullcart_walk_s1392.png,Vikings/Vehicles/Sheets/cr_veh_body_00__oxcart/j51_W000_vehicles_bullcart_walk_s1392__shadow_mask.png,Vikings/Vehicles/type_2_oxcart/metadata.json
Vehicles,1,viking,3,52,ship small,Ship,initial,0,atomic,2,viking_ship_small_idle_short_a,,,0,,0,928,52,,Data\Engine2D\Bin\Bobs\LS_vehicles.bmd,Data\Engine2D\Bin\Bobs\LS_vehicles_s.bmd,,human_Ship01,,8,8,0-28,12,"frame = min(count-1, floor(count*progress/duration)); duration from atomic length",RENDERED,Vikings/Vehicles/Sheets/ls_vehicles__human_Ship01/j52_A002_absolute_s928.png,Vikings/Vehicles/Sheets/ls_vehicles__human_Ship01/j52_A002_absolute_s928__shadow_mask.png,Vikings/Vehicles/type_3_ship_small/metadata.json
Vehicles,1,viking,3,52,ship small,Ship,initial,0,atomic,4,UNKNOWN (no tribe setatomic),,,0,,0,929,52,,Data\Engine2D\Bin\Bobs\LS_vehicles.bmd,Data\Engine2D\Bin\Bobs\LS_vehicles_s.bmd,,human_Ship01,,8,8,66-94,,"frame = min(count-1, floor(count*progress/duration)); duration from atomic length",RENDERED,Vikings/Vehicles/Sheets/ls_vehicles__human_Ship01/j52_A004_absolute_s929.png,Vikings/Vehicles/Sheets/ls_vehicles__human_Ship01/j52_A004_absolute_s929__shadow_mask.png,Vikings/Vehicles/type_3_ship_small/metadata.json
Vehicles,1,viking,3,52,ship small,Ship,initial,0,walk,,,0,,,100000,0,1389,52,,Data\Engine2D\Bin\Bobs\LS_vehicles.bmd,Data\Engine2D\Bin\Bobs\LS_vehicles_s.bmd,,human_Ship01,,8,8,0-28,,frame = frameTick % count (walk; caller frame tick),RENDERED,Vikings/Vehicles/Sheets/ls_vehicles__human_Ship01/j52_W000_absolute_s1389.png,Vikings/Vehicles/Sheets/ls_vehicles__human_Ship01/j52_W000_absolute_s1389__shadow_mask.png,Vikings/Vehicles/type_3_ship_small/metadata.json
Vehicles,1,viking,3,52,ship small,Ship,initial,0,walk,,,5,wood,,100000,0,1390,52,,Data\Engine2D\Bin\Bobs\LS_vehicles.bmd,Data\Engine2D\Bin\Bobs\LS_vehicles_s.bmd,,human_Ship01,,8,8,66-94,,frame = frameTick % count (walk; caller frame tick),RENDERED,Vikings/Vehicles/Sheets/ls_vehicles__human_Ship01/j52_W005_absolute_s1390.png,Vikings/Vehicles/Sheets/ls_vehicles__human_Ship01/j52_W005_absolute_s1390__shadow_mask.png,Vikings/Vehicles/type_3_ship_small/metadata.json
Vehicles,1,viking,5,54,catapult,Catapult,initial,0,atomic,2,viking_catapult_idle_short_a,,,0,,0,414,54,vehicles_catapult_attack,Data\Engine2D\Bin\Bobs\CR_Veh_Body_00.bmd,Data\Engine2D\Bin\Bobs\CR_Veh_Body_00_s.bmd,,goods_bow,,8,8,145-225,12,"frame = min(count-1, floor(count*progress/duration)); duration from atomic length",RENDERED,Vikings/Vehicles/Sheets/cr_veh_body_00__goods_bow/j54_A002_vehicles_catapult_attack_s414.png,Vikings/Vehicles/Sheets/cr_veh_body_00__goods_bow/j54_A002_vehicles_catapult_attack_s414__shadow_mask.png,Vikings/Vehicles/type_5_catapult/metadata.json
Vehicles,1,viking,5,54,catapult,Catapult,initial,0,atomic,81,viking_catapult_attack,,,0,,0,413,54,vehicles_catapult_attack,Data\Engine2D\Bin\Bobs\CR_Veh_Body_00.bmd,Data\Engine2D\Bin\Bobs\CR_Veh_Body_00_s.bmd,,goods_bow,,8,320,145-240,48,"frame = min(count-1, floor(count*progress/duration)); duration from atomic length",RENDERED,Vikings/Vehicles/Sheets/cr_veh_body_00__goods_bow/j54_A081_vehicles_catapult_attack_s413.png,Vikings/Vehicles/Sheets/cr_veh_body_00__goods_bow/j54_A081_vehicles_catapult_attack_s413__shadow_mask.png,Vikings/Vehicles/type_5_catapult/metadata.json
Vehicles,1,viking,5,54,catapult,Catapult,initial,0,walk,,,0,,,100000,0,1393,54,vehicles_catapult_drive,Data\Engine2D\Bin\Bobs\CR_Veh_Body_00.bmd,Data\Engine2D\Bin\Bobs\CR_Veh_Body_00_s.bmd,,goods_bow,,8,64,241-304,,frame = frameTick % count (walk; caller frame tick),RENDERED,Vikings/Vehicles/Sheets/cr_veh_body_00__goods_bow/j54_W000_vehicles_catapult_drive_s1393.png,Vikings/Vehicles/Sheets/cr_veh_body_00__goods_bow/j54_W000_vehicles_catapult_drive_s1393__shadow_mask.png,Vikings/Vehicles/type_5_catapult/metadata.json
Vehicles,1,viking,6,55,oxcart,Ox Cart Framework,initial,0,atomic,2,viking_cart_no_ox_idle_short_a,,,0,,0,969,55,vehicles_bullcart_empty_wait,Data\Engine2D\Bin\Bobs\CR_Veh_Body_00.bmd,Data\Engine2D\Bin\Bobs\CR_Veh_Body_00_s.bmd,,goods01,,8,9,144-144,12,"frame = min(count-1, floor(count*progress/duration)); duration from atomic length",RENDERED,Vikings/Vehicles/Sheets/cr_veh_body_00__goods01/j55_A002_vehicles_bullcart_empty_wait_s969.png,Vikings/Vehicles/Sheets/cr_veh_body_00__goods01/j55_A002_vehicles_bullcart_empty_wait_s969__shadow_mask.png,Vikings/Vehicles/type_6_oxcart/metadata.json
Vehicles,1,viking,6,55,oxcart,Ox Cart Framework,initial,0,walk,,,0,,,100000,0,1558,55,vehicles_bullcart_walk,Data\Engine2D\Bin\Bobs\CR_Veh_Body_00.bmd,Data\Engine2D\Bin\Bobs\CR_Veh_Body_00_s.bmd,,goods01,,8,96,48-143,,frame = frameTick % count (walk; caller frame tick),RENDERED,Vikings/Vehicles/Sheets/cr_veh_body_00__goods01/j55_W000_vehicles_bullcart_walk_s1558.png,Vikings/Vehicles/Sheets/cr_veh_body_00__goods01/j55_W000_vehicles_bullcart_walk_s1558__shadow_mask.png,Vikings/Vehicles/type_6_oxcart/metadata.json
Vehicles,4,saracen,3,52,ship small,Ship,initial,0,atomic,2,saracen_ship_small_idle_short_a,,,0,,0,970,52,,Data\Engine2D\Bin\Bobs\LS_vehicles.bmd,Data\Engine2D\Bin\Bobs\LS_vehicles_s.bmd,,human_Ship01,,8,8,34-62,12,"frame = min(count-1, floor(count*progress/duration)); duration from atomic length",RENDERED,Arabs/Vehicles/Sheets/ls_vehicles__human_Ship01/j52_A002_absolute_s970.png,Arabs/Vehicles/Sheets/ls_vehicles__human_Ship01/j52_A002_absolute_s970__shadow_mask.png,Arabs/Vehicles/type_3_ship_small/metadata.json
Vehicles,4,saracen,3,52,ship small,Ship,initial,0,atomic,4,UNKNOWN (no tribe setatomic),,,0,,0,971,52,,Data\Engine2D\Bin\Bobs\LS_vehicles.bmd,Data\Engine2D\Bin\Bobs\LS_vehicles_s.bmd,,human_Ship01,,8,8,34-62,,"frame = min(count-1, floor(count*progress/duration)); duration from atomic length",RENDERED,Arabs/Vehicles/Sheets/ls_vehicles__human_Ship01/j52_A004_absolute_s971.png,Arabs/Vehicles/Sheets/ls_vehicles__human_Ship01/j52_A004_absolute_s971__shadow_mask.png,Arabs/Vehicles/type_3_ship_small/metadata.json
Vehicles,4,saracen,3,52,ship small,Ship,initial,0,walk,,,0,,,100000,0,1559,52,,Data\Engine2D\Bin\Bobs\LS_vehicles.bmd,Data\Engine2D\Bin\Bobs\LS_vehicles_s.bmd,,human_Ship01,,8,8,34-62,,frame = frameTick % count (walk; caller frame tick),RENDERED,Arabs/Vehicles/Sheets/ls_vehicles__human_Ship01/j52_W000_absolute_s1559.png,Arabs/Vehicles/Sheets/ls_vehicles__human_Ship01/j52_W000_absolute_s1559__shadow_mask.png,Arabs/Vehicles/type_3_ship_small/metadata.json
Vehicles,4,saracen,3,52,ship small,Ship,initial,0,walk,,,5,wood,,100000,0,1560,52,,Data\Engine2D\Bin\Bobs\LS_vehicles.bmd,Data\Engine2D\Bin\Bobs\LS_vehicles_s.bmd,,human_Ship01,,8,8,34-62,,frame = frameTick % count (walk; caller frame tick),RENDERED,Arabs/Vehicles/Sheets/ls_vehicles__human_Ship01/j52_W005_absolute_s1560.png,Arabs/Vehicles/Sheets/ls_vehicles__human_Ship01/j52_W005_absolute_s1560__shadow_mask.png,Arabs/Vehicles/type_3_ship_small/metadata.json
