CATEGORY,TRIBE_ID,TYPE_ID,SELECTOR,ATOMIC_NAME,STATUS
animal,8,48,81,animal_bear_attack,"NO_GFXANIMATOMIC_RECORD (0x00494AE6: lookup fails along the parent chain, then retries selector 0 at the chain root)"
animal,8,49,81,animal_bear_attack,"NO_GFXANIMATOMIC_RECORD (0x00494AE6: lookup fails along the parent chain, then retries selector 0 at the chain root)"
animal,9,48,81,animal_bear_attack,"NO_GFXANIMATOMIC_RECORD (0x00494AE6: lookup fails along the parent chain, then retries selector 0 at the chain root)"
animal,9,49,81,animal_bear_attack,"NO_GFXANIMATOMIC_RECORD (0x00494AE6: lookup fails along the parent chain, then retries selector 0 at the chain root)"
animal,10,48,81,animal_bear_attack,"NO_GFXANIMATOMIC_RECORD (0x00494AE6: lookup fails along the parent chain, then retries selector 0 at the chain root)"
animal,10,49,81,animal_bear_attack,"NO_GFXANIMATOMIC_RECORD (0x00494AE6: lookup fails along the parent chain, then retries selector 0 at the chain root)"
animal,11,48,81,animal_bear_attack,"NO_GFXANIMATOMIC_RECORD (0x00494AE6: lookup fails along the parent chain, then retries selector 0 at the chain root)"
animal,11,49,81,animal_bear_attack,"NO_GFXANIMATOMIC_RECORD (0x00494AE6: lookup fails along the parent chain, then retries selector 0 at the chain root)"
animal,12,48,81,animal_bear_attack,"NO_GFXANIMATOMIC_RECORD (0x00494AE6: lookup fails along the parent chain, then retries selector 0 at the chain root)"
animal,12,49,81,animal_bear_attack,"NO_GFXANIMATOMIC_RECORD (0x00494AE6: lookup fails along the parent chain, then retries selector 0 at the chain root)"
animal,13,48,81,animal_bear_attack,"NO_GFXANIMATOMIC_RECORD (0x00494AE6: lookup fails along the parent chain, then retries selector 0 at the chain root)"
animal,13,49,81,animal_bear_attack,"NO_GFXANIMATOMIC_RECORD (0x00494AE6: lookup fails along the parent chain, then retries selector 0 at the chain root)"
animal,14,48,81,animal_bear_attack,"NO_GFXANIMATOMIC_RECORD (0x00494AE6: lookup fails along the parent chain, then retries selector 0 at the chain root)"
animal,14,49,81,animal_bear_attack,"NO_GFXANIMATOMIC_RECORD (0x00494AE6: lookup fails along the parent chain, then retries selector 0 at the chain root)"
animal,15,48,,,NO_GRAPHICS_BINDING_AND_NO_ANIMATION_RECORD (native allows/declares type; no jobgraphics/animations entry)
animal,15,49,,,NO_GRAPHICS_BINDING_AND_NO_ANIMATION_RECORD (native allows/declares type; no jobgraphics/animations entry)
animal,16,48,81,animal_bear_attack,"NO_GFXANIMATOMIC_RECORD (0x00494AE6: lookup fails along the parent chain, then retries selector 0 at the chain root)"
animal,16,49,81,animal_rabbit_attack,"NO_GFXANIMATOMIC_RECORD (0x00494AE6: lookup fails along the parent chain, then retries selector 0 at the chain root)"
animal,17,48,81,animal_bear_attack,"NO_GFXANIMATOMIC_RECORD (0x00494AE6: lookup fails along the parent chain, then retries selector 0 at the chain root)"
animal,17,49,81,animal_rabbit_attack,"NO_GFXANIMATOMIC_RECORD (0x00494AE6: lookup fails along the parent chain, then retries selector 0 at the chain root)"
animal,18,48,81,animal_bear_attack,"NO_GFXANIMATOMIC_RECORD (0x00494AE6: lookup fails along the parent chain, then retries selector 0 at the chain root)"
animal,18,49,81,animal_rabbit_attack,"NO_GFXANIMATOMIC_RECORD (0x00494AE6: lookup fails along the parent chain, then retries selector 0 at the chain root)"
animal,19,48,81,animal_bear_attack,"NO_GFXANIMATOMIC_RECORD (0x00494AE6: lookup fails along the parent chain, then retries selector 0 at the chain root)"
animal,19,49,81,animal_bear_attack,"NO_GFXANIMATOMIC_RECORD (0x00494AE6: lookup fails along the parent chain, then retries selector 0 at the chain root)"
animal,20,48,9,animal_bear_eat,"NO_GFXANIMATOMIC_RECORD (0x00494AE6: lookup fails along the parent chain, then retries selector 0 at the chain root)"
animal,21,48,81,animal_bear_attack,"NO_GFXANIMATOMIC_RECORD (0x00494AE6: lookup fails along the parent chain, then retries selector 0 at the chain root)"
animal,21,49,81,animal_bear_attack,"NO_GFXANIMATOMIC_RECORD (0x00494AE6: lookup fails along the parent chain, then retries selector 0 at the chain root)"
animal,22,48,,,NO_GRAPHICS_BINDING_AND_NO_ANIMATION_RECORD (native allows/declares type; no jobgraphics/animations entry)
animal,22,49,,,NO_GRAPHICS_BINDING_AND_NO_ANIMATION_RECORD (native allows/declares type; no jobgraphics/animations entry)
animal,23,48,,,NO_GRAPHICS_BINDING_AND_NO_ANIMATION_RECORD (native allows/declares type; no jobgraphics/animations entry)
animal,23,49,,,NO_GRAPHICS_BINDING_AND_NO_ANIMATION_RECORD (native allows/declares type; no jobgraphics/animations entry)
animal,24,48,,,NO_GRAPHICS_BINDING_AND_NO_ANIMATION_RECORD (native allows/declares type; no jobgraphics/animations entry)
animal,24,49,,,NO_GRAPHICS_BINDING_AND_NO_ANIMATION_RECORD (native allows/declares type; no jobgraphics/animations entry)
animal,27,48,2,animal_sparrow_baby_idle,"NO_GFXANIMATOMIC_RECORD (0x00494AE6: lookup fails along the parent chain, then retries selector 0 at the chain root)"
animal,27,48,3,animal_sparrow_baby_idle,"NO_GFXANIMATOMIC_RECORD (0x00494AE6: lookup fails along the parent chain, then retries selector 0 at the chain root)"
animal,27,48,4,animal_sparrow_baby_idle,"NO_GFXANIMATOMIC_RECORD (0x00494AE6: lookup fails along the parent chain, then retries selector 0 at the chain root)"
animal,27,48,6,animal_sparrow_baby_idle,"NO_GFXANIMATOMIC_RECORD (0x00494AE6: lookup fails along the parent chain, then retries selector 0 at the chain root)"
animal,27,48,7,animal_sparrow_baby_idle,"NO_GFXANIMATOMIC_RECORD (0x00494AE6: lookup fails along the parent chain, then retries selector 0 at the chain root)"
animal,27,48,9,animal_bear_eat,"NO_GFXANIMATOMIC_RECORD (0x00494AE6: lookup fails along the parent chain, then retries selector 0 at the chain root)"
animal,27,48,81,animal_bear_attack,"NO_GFXANIMATOMIC_RECORD (0x00494AE6: lookup fails along the parent chain, then retries selector 0 at the chain root)"
animal,27,49,2,animal_sparrow_adult_idle,"NO_GFXANIMATOMIC_RECORD (0x00494AE6: lookup fails along the parent chain, then retries selector 0 at the chain root)"
animal,27,49,3,animal_sparrow_adult_idle,"NO_GFXANIMATOMIC_RECORD (0x00494AE6: lookup fails along the parent chain, then retries selector 0 at the chain root)"
animal,27,49,4,animal_sparrow_adult_idle,"NO_GFXANIMATOMIC_RECORD (0x00494AE6: lookup fails along the parent chain, then retries selector 0 at the chain root)"
animal,27,49,6,animal_sparrow_adult_idle,"NO_GFXANIMATOMIC_RECORD (0x00494AE6: lookup fails along the parent chain, then retries selector 0 at the chain root)"
animal,27,49,7,animal_sparrow_adult_idle,"NO_GFXANIMATOMIC_RECORD (0x00494AE6: lookup fails along the parent chain, then retries selector 0 at the chain root)"
animal,27,49,9,animal_bear_eat,"NO_GFXANIMATOMIC_RECORD (0x00494AE6: lookup fails along the parent chain, then retries selector 0 at the chain root)"
animal,27,49,81,animal_bear_attack,"NO_GFXANIMATOMIC_RECORD (0x00494AE6: lookup fails along the parent chain, then retries selector 0 at the chain root)"
animal,28,48,2,animal_raven_baby_idle,"NO_GFXANIMATOMIC_RECORD (0x00494AE6: lookup fails along the parent chain, then retries selector 0 at the chain root)"
animal,28,48,3,animal_raven_baby_idle,"NO_GFXANIMATOMIC_RECORD (0x00494AE6: lookup fails along the parent chain, then retries selector 0 at the chain root)"
animal,28,48,4,animal_raven_baby_idle,"NO_GFXANIMATOMIC_RECORD (0x00494AE6: lookup fails along the parent chain, then retries selector 0 at the chain root)"
animal,28,48,6,animal_raven_baby_idle,"NO_GFXANIMATOMIC_RECORD (0x00494AE6: lookup fails along the parent chain, then retries selector 0 at the chain root)"
animal,28,48,7,animal_raven_baby_idle,"NO_GFXANIMATOMIC_RECORD (0x00494AE6: lookup fails along the parent chain, then retries selector 0 at the chain root)"
animal,28,48,9,animal_bear_eat,"NO_GFXANIMATOMIC_RECORD (0x00494AE6: lookup fails along the parent chain, then retries selector 0 at the chain root)"
animal,28,48,81,animal_bear_attack,"NO_GFXANIMATOMIC_RECORD (0x00494AE6: lookup fails along the parent chain, then retries selector 0 at the chain root)"
animal,28,49,2,animal_raven_adult_idle,"NO_GFXANIMATOMIC_RECORD (0x00494AE6: lookup fails along the parent chain, then retries selector 0 at the chain root)"
animal,28,49,3,animal_raven_adult_idle,"NO_GFXANIMATOMIC_RECORD (0x00494AE6: lookup fails along the parent chain, then retries selector 0 at the chain root)"
animal,28,49,4,animal_raven_adult_idle,"NO_GFXANIMATOMIC_RECORD (0x00494AE6: lookup fails along the parent chain, then retries selector 0 at the chain root)"
animal,28,49,6,animal_raven_adult_idle,"NO_GFXANIMATOMIC_RECORD (0x00494AE6: lookup fails along the parent chain, then retries selector 0 at the chain root)"
animal,28,49,7,animal_raven_adult_idle,"NO_GFXANIMATOMIC_RECORD (0x00494AE6: lookup fails along the parent chain, then retries selector 0 at the chain root)"
animal,28,49,9,animal_bear_eat,"NO_GFXANIMATOMIC_RECORD (0x00494AE6: lookup fails along the parent chain, then retries selector 0 at the chain root)"
animal,28,49,81,animal_bear_attack,"NO_GFXANIMATOMIC_RECORD (0x00494AE6: lookup fails along the parent chain, then retries selector 0 at the chain root)"
animal,29,48,2,animal_parrot_baby_idle,"NO_GFXANIMATOMIC_RECORD (0x00494AE6: lookup fails along the parent chain, then retries selector 0 at the chain root)"
animal,29,48,3,animal_parrot_baby_idle,"NO_GFXANIMATOMIC_RECORD (0x00494AE6: lookup fails along the parent chain, then retries selector 0 at the chain root)"
animal,29,48,4,animal_parrot_baby_idle,"NO_GFXANIMATOMIC_RECORD (0x00494AE6: lookup fails along the parent chain, then retries selector 0 at the chain root)"
animal,29,48,6,animal_parrot_baby_idle,"NO_GFXANIMATOMIC_RECORD (0x00494AE6: lookup fails along the parent chain, then retries selector 0 at the chain root)"
animal,29,48,7,animal_parrot_baby_idle,"NO_GFXANIMATOMIC_RECORD (0x00494AE6: lookup fails along the parent chain, then retries selector 0 at the chain root)"
animal,29,48,9,animal_bear_eat,"NO_GFXANIMATOMIC_RECORD (0x00494AE6: lookup fails along the parent chain, then retries selector 0 at the chain root)"
animal,29,48,81,animal_bear_attack,"NO_GFXANIMATOMIC_RECORD (0x00494AE6: lookup fails along the parent chain, then retries selector 0 at the chain root)"
animal,29,49,2,animal_parrot_adult_idle,"NO_GFXANIMATOMIC_RECORD (0x00494AE6: lookup fails along the parent chain, then retries selector 0 at the chain root)"
animal,29,49,3,animal_parrot_adult_idle,"NO_GFXANIMATOMIC_RECORD (0x00494AE6: lookup fails along the parent chain, then retries selector 0 at the chain root)"
animal,29,49,4,animal_parrot_adult_idle,"NO_GFXANIMATOMIC_RECORD (0x00494AE6: lookup fails along the parent chain, then retries selector 0 at the chain root)"
animal,29,49,6,animal_parrot_adult_idle,"NO_GFXANIMATOMIC_RECORD (0x00494AE6: lookup fails along the parent chain, then retries selector 0 at the chain root)"
animal,29,49,7,animal_parrot_adult_idle,"NO_GFXANIMATOMIC_RECORD (0x00494AE6: lookup fails along the parent chain, then retries selector 0 at the chain root)"
animal,29,49,9,animal_bear_eat,"NO_GFXANIMATOMIC_RECORD (0x00494AE6: lookup fails along the parent chain, then retries selector 0 at the chain root)"
animal,29,49,81,animal_bear_attack,"NO_GFXANIMATOMIC_RECORD (0x00494AE6: lookup fails along the parent chain, then retries selector 0 at the chain root)"
animal,30,48,7,animal_chicken_baby_idle,"NO_GFXANIMATOMIC_RECORD (0x00494AE6: lookup fails along the parent chain, then retries selector 0 at the chain root)"
animal,30,48,81,animal_bear_attack,"NO_GFXANIMATOMIC_RECORD (0x00494AE6: lookup fails along the parent chain, then retries selector 0 at the chain root)"
animal,30,49,7,animal_chicken_adult_idle,"NO_GFXANIMATOMIC_RECORD (0x00494AE6: lookup fails along the parent chain, then retries selector 0 at the chain root)"
animal,30,49,81,animal_bear_attack,"NO_GFXANIMATOMIC_RECORD (0x00494AE6: lookup fails along the parent chain, then retries selector 0 at the chain root)"
animal,31,48,2,animal_duck_baby_idle,"NO_GFXANIMATOMIC_RECORD (0x00494AE6: lookup fails along the parent chain, then retries selector 0 at the chain root)"
animal,31,48,3,animal_duck_baby_idle,"NO_GFXANIMATOMIC_RECORD (0x00494AE6: lookup fails along the parent chain, then retries selector 0 at the chain root)"
animal,31,48,4,animal_duck_baby_idle,"NO_GFXANIMATOMIC_RECORD (0x00494AE6: lookup fails along the parent chain, then retries selector 0 at the chain root)"
animal,31,48,6,animal_duck_baby_idle,"NO_GFXANIMATOMIC_RECORD (0x00494AE6: lookup fails along the parent chain, then retries selector 0 at the chain root)"
animal,31,48,7,animal_duck_baby_idle,"NO_GFXANIMATOMIC_RECORD (0x00494AE6: lookup fails along the parent chain, then retries selector 0 at the chain root)"
animal,31,48,9,animal_bear_eat,"NO_GFXANIMATOMIC_RECORD (0x00494AE6: lookup fails along the parent chain, then retries selector 0 at the chain root)"
animal,31,48,81,animal_bear_attack,"NO_GFXANIMATOMIC_RECORD (0x00494AE6: lookup fails along the parent chain, then retries selector 0 at the chain root)"
animal,31,49,2,animal_duck_adult_idle,"NO_GFXANIMATOMIC_RECORD (0x00494AE6: lookup fails along the parent chain, then retries selector 0 at the chain root)"
animal,31,49,3,animal_duck_adult_idle,"NO_GFXANIMATOMIC_RECORD (0x00494AE6: lookup fails along the parent chain, then retries selector 0 at the chain root)"
animal,31,49,4,animal_duck_adult_idle,"NO_GFXANIMATOMIC_RECORD (0x00494AE6: lookup fails along the parent chain, then retries selector 0 at the chain root)"
animal,31,49,6,animal_duck_adult_idle,"NO_GFXANIMATOMIC_RECORD (0x00494AE6: lookup fails along the parent chain, then retries selector 0 at the chain root)"
animal,31,49,7,animal_duck_adult_idle,"NO_GFXANIMATOMIC_RECORD (0x00494AE6: lookup fails along the parent chain, then retries selector 0 at the chain root)"
animal,31,49,9,animal_bear_eat,"NO_GFXANIMATOMIC_RECORD (0x00494AE6: lookup fails along the parent chain, then retries selector 0 at the chain root)"
animal,31,49,81,animal_bear_attack,"NO_GFXANIMATOMIC_RECORD (0x00494AE6: lookup fails along the parent chain, then retries selector 0 at the chain root)"
animal,32,48,,,NO_GRAPHICS_BINDING_AND_NO_ANIMATION_RECORD (native allows/declares type; no jobgraphics/animations entry)
animal,32,49,,,NO_GRAPHICS_BINDING_AND_NO_ANIMATION_RECORD (native allows/declares type; no jobgraphics/animations entry)
animal,33,48,,,NO_GRAPHICS_BINDING_AND_NO_ANIMATION_RECORD (native allows/declares type; no jobgraphics/animations entry)
animal,33,49,,,NO_GRAPHICS_BINDING_AND_NO_ANIMATION_RECORD (native allows/declares type; no jobgraphics/animations entry)
animal,34,48,2,animal_bee_baby_idle,"NO_GFXANIMATOMIC_RECORD (0x00494AE6: lookup fails along the parent chain, then retries selector 0 at the chain root)"
animal,34,48,3,animal_bee_baby_idle,"NO_GFXANIMATOMIC_RECORD (0x00494AE6: lookup fails along the parent chain, then retries selector 0 at the chain root)"
animal,34,48,4,animal_bee_baby_idle,"NO_GFXANIMATOMIC_RECORD (0x00494AE6: lookup fails along the parent chain, then retries selector 0 at the chain root)"
animal,34,48,6,animal_bee_baby_idle,"NO_GFXANIMATOMIC_RECORD (0x00494AE6: lookup fails along the parent chain, then retries selector 0 at the chain root)"
animal,34,48,7,animal_bee_baby_idle,"NO_GFXANIMATOMIC_RECORD (0x00494AE6: lookup fails along the parent chain, then retries selector 0 at the chain root)"
animal,34,48,9,animal_bear_eat,"NO_GFXANIMATOMIC_RECORD (0x00494AE6: lookup fails along the parent chain, then retries selector 0 at the chain root)"
animal,34,48,81,animal_bear_attack,"NO_GFXANIMATOMIC_RECORD (0x00494AE6: lookup fails along the parent chain, then retries selector 0 at the chain root)"
animal,34,49,2,animal_bee_adult_idle,"NO_GFXANIMATOMIC_RECORD (0x00494AE6: lookup fails along the parent chain, then retries selector 0 at the chain root)"
animal,34,49,3,animal_bee_adult_idle,"NO_GFXANIMATOMIC_RECORD (0x00494AE6: lookup fails along the parent chain, then retries selector 0 at the chain root)"
animal,34,49,4,animal_bee_adult_idle,"NO_GFXANIMATOMIC_RECORD (0x00494AE6: lookup fails along the parent chain, then retries selector 0 at the chain root)"
animal,34,49,6,animal_bee_adult_idle,"NO_GFXANIMATOMIC_RECORD (0x00494AE6: lookup fails along the parent chain, then retries selector 0 at the chain root)"
animal,34,49,7,animal_bee_adult_idle,"NO_GFXANIMATOMIC_RECORD (0x00494AE6: lookup fails along the parent chain, then retries selector 0 at the chain root)"
animal,34,49,9,animal_bear_eat,"NO_GFXANIMATOMIC_RECORD (0x00494AE6: lookup fails along the parent chain, then retries selector 0 at the chain root)"
animal,34,49,81,animal_bear_attack,"NO_GFXANIMATOMIC_RECORD (0x00494AE6: lookup fails along the parent chain, then retries selector 0 at the chain root)"
animal,35,48,5,animal_butterfly_baby_idle_short_c,"NO_GFXANIMATOMIC_RECORD (0x00494AE6: lookup fails along the parent chain, then retries selector 0 at the chain root)"
animal,35,48,6,animal_butterfly_baby_idle_short_a,"NO_GFXANIMATOMIC_RECORD (0x00494AE6: lookup fails along the parent chain, then retries selector 0 at the chain root)"
animal,35,48,7,animal_butterfly_baby_idle_short_b,"NO_GFXANIMATOMIC_RECORD (0x00494AE6: lookup fails along the parent chain, then retries selector 0 at the chain root)"
animal,35,48,81,animal_bear_attack,"NO_GFXANIMATOMIC_RECORD (0x00494AE6: lookup fails along the parent chain, then retries selector 0 at the chain root)"
animal,35,49,5,animal_butterfly_adult_idle_short_c,"NO_GFXANIMATOMIC_RECORD (0x00494AE6: lookup fails along the parent chain, then retries selector 0 at the chain root)"
animal,35,49,6,animal_butterfly_adult_idle_short_a,"NO_GFXANIMATOMIC_RECORD (0x00494AE6: lookup fails along the parent chain, then retries selector 0 at the chain root)"
animal,35,49,7,animal_butterfly_adult_idle_short_b,"NO_GFXANIMATOMIC_RECORD (0x00494AE6: lookup fails along the parent chain, then retries selector 0 at the chain root)"
animal,35,49,81,animal_bear_attack,"NO_GFXANIMATOMIC_RECORD (0x00494AE6: lookup fails along the parent chain, then retries selector 0 at the chain root)"
animal,36,48,2,animal_mosquito_baby_idle,"NO_GFXANIMATOMIC_RECORD (0x00494AE6: lookup fails along the parent chain, then retries selector 0 at the chain root)"
animal,36,48,3,animal_mosquito_baby_idle,"NO_GFXANIMATOMIC_RECORD (0x00494AE6: lookup fails along the parent chain, then retries selector 0 at the chain root)"
animal,36,48,4,animal_mosquito_baby_idle,"NO_GFXANIMATOMIC_RECORD (0x00494AE6: lookup fails along the parent chain, then retries selector 0 at the chain root)"
animal,36,48,6,animal_mosquito_baby_idle,"NO_GFXANIMATOMIC_RECORD (0x00494AE6: lookup fails along the parent chain, then retries selector 0 at the chain root)"
animal,36,48,7,animal_mosquito_baby_idle,"NO_GFXANIMATOMIC_RECORD (0x00494AE6: lookup fails along the parent chain, then retries selector 0 at the chain root)"
animal,36,48,9,animal_bear_eat,"NO_GFXANIMATOMIC_RECORD (0x00494AE6: lookup fails along the parent chain, then retries selector 0 at the chain root)"
animal,36,48,81,animal_bear_attack,"NO_GFXANIMATOMIC_RECORD (0x00494AE6: lookup fails along the parent chain, then retries selector 0 at the chain root)"
animal,36,49,2,animal_mosquito_adult_idle,"NO_GFXANIMATOMIC_RECORD (0x00494AE6: lookup fails along the parent chain, then retries selector 0 at the chain root)"
animal,36,49,3,animal_mosquito_adult_idle,"NO_GFXANIMATOMIC_RECORD (0x00494AE6: lookup fails along the parent chain, then retries selector 0 at the chain root)"
animal,36,49,4,animal_mosquito_adult_idle,"NO_GFXANIMATOMIC_RECORD (0x00494AE6: lookup fails along the parent chain, then retries selector 0 at the chain root)"
animal,36,49,6,animal_mosquito_adult_idle,"NO_GFXANIMATOMIC_RECORD (0x00494AE6: lookup fails along the parent chain, then retries selector 0 at the chain root)"
animal,36,49,7,animal_mosquito_adult_idle,"NO_GFXANIMATOMIC_RECORD (0x00494AE6: lookup fails along the parent chain, then retries selector 0 at the chain root)"
animal,36,49,9,animal_bear_eat,"NO_GFXANIMATOMIC_RECORD (0x00494AE6: lookup fails along the parent chain, then retries selector 0 at the chain root)"
animal,36,49,81,animal_bear_attack,"NO_GFXANIMATOMIC_RECORD (0x00494AE6: lookup fails along the parent chain, then retries selector 0 at the chain root)"
animal,37,48,,,NO_GRAPHICS_BINDING_AND_NO_ANIMATION_RECORD (native allows/declares type; no jobgraphics/animations entry)
animal,37,49,,,NO_GRAPHICS_BINDING_AND_NO_ANIMATION_RECORD (native allows/declares type; no jobgraphics/animations entry)
animal,38,48,,,NO_GRAPHICS_BINDING_AND_NO_ANIMATION_RECORD (native allows/declares type; no jobgraphics/animations entry)
animal,38,49,,,NO_GRAPHICS_BINDING_AND_NO_ANIMATION_RECORD (native allows/declares type; no jobgraphics/animations entry)
animal,39,48,,,NO_GRAPHICS_BINDING_AND_NO_ANIMATION_RECORD (native allows/declares type; no jobgraphics/animations entry)
animal,39,49,,,NO_GRAPHICS_BINDING_AND_NO_ANIMATION_RECORD (native allows/declares type; no jobgraphics/animations entry)
animal,40,48,,,NO_GRAPHICS_BINDING_AND_NO_ANIMATION_RECORD (native allows/declares type; no jobgraphics/animations entry)
animal,40,49,,,NO_GRAPHICS_BINDING_AND_NO_ANIMATION_RECORD (native allows/declares type; no jobgraphics/animations entry)
animal,41,48,,,NO_GRAPHICS_BINDING_AND_NO_ANIMATION_RECORD (native allows/declares type; no jobgraphics/animations entry)
animal,41,49,,,NO_GRAPHICS_BINDING_AND_NO_ANIMATION_RECORD (native allows/declares type; no jobgraphics/animations entry)
