CATEGORY,TRIBE_ID,TRIBE,TYPE_ID,ANIMATION_JOB_ID,NATIVE_NAME,ENGLISH,SEX_AGE,NATIVE_ALLOWED,PARENT_CHAIN,INITIAL_BINDING_SECTION,JOBCHANGE_BINDING_SECTION,BODY_LIBRARIES,HEAD_LIBRARIES,PALETTES,RANDOM_PALETTES,ANIMATIONS,RENDER_STATUS,MAPPING,METADATA
animal,8,bears,48,48,baby_animal,Young Animal,young,True,[48],4,,"[""Data\\Engine2D\\Bin\\Bobs\\CR_Ani_Body_00.bmd""]",[],"[""bear01""]",[],8,"{""RENDERED"": 8}",SOURCE_COMPLETE,Animals/tribe_08_bears/young_job48/metadata.json
animal,8,bears,49,49,adult_animal,Animal,adult,True,"[49, 48]",5,,"[""Data\\Engine2D\\Bin\\Bobs\\CR_Ani_Body_00.bmd""]",[],"[""bear01""]",[],8,"{""RENDERED"": 8}",SOURCE_COMPLETE,Animals/tribe_08_bears/adult_job49/metadata.json
animal,9,boars,48,48,baby_animal,Young Animal,young,True,[48],2,,"[""Data\\Engine2D\\Bin\\Bobs\\CR_Ani_Body_00.bmd""]",[],"[""deer01""]",[],8,"{""RENDERED"": 8}",SOURCE_COMPLETE,Animals/tribe_09_boars/young_job48/metadata.json
animal,9,boars,49,49,adult_animal,Animal,adult,True,"[49, 48]",3,,"[""Data\\Engine2D\\Bin\\Bobs\\CR_Ani_Body_00.bmd""]",[],"[""deer01""]",[],8,"{""RENDERED"": 8}",SOURCE_COMPLETE,Animals/tribe_09_boars/adult_job49/metadata.json
animal,10,cattle,48,48,baby_animal,Young Animal,young,True,[48],6,,"[""Data\\Engine2D\\Bin\\Bobs\\CR_Ani_Body_00.bmd""]",[],"[""cattle01""]",[],8,"{""RENDERED"": 8}",SOURCE_COMPLETE,Animals/tribe_10_cattle/young_job48/metadata.json
animal,10,cattle,49,49,adult_animal,Animal,adult,True,"[49, 48]",7,,"[""Data\\Engine2D\\Bin\\Bobs\\CR_Ani_Body_00.bmd""]",[],"[""cattle01""]",[],8,"{""RENDERED"": 8}",SOURCE_COMPLETE,Animals/tribe_10_cattle/adult_job49/metadata.json
animal,11,stags,48,48,baby_animal,Young Animal,young,True,[48],8,,"[""Data\\Engine2D\\Bin\\Bobs\\CR_Ani_Body_00.bmd""]",[],"[""deer01""]",[],8,"{""RENDERED"": 8}",SOURCE_COMPLETE,Animals/tribe_11_stags/young_job48/metadata.json
animal,11,stags,49,49,adult_animal,Animal,adult,True,"[49, 48]",9,,"[""Data\\Engine2D\\Bin\\Bobs\\CR_Ani_Body_00.bmd""]",[],"[""deer01""]",[],8,"{""RENDERED"": 8}",SOURCE_COMPLETE,Animals/tribe_11_stags/adult_job49/metadata.json
animal,12,deers,48,48,baby_animal,Young Animal,young,True,[48],10,,"[""Data\\Engine2D\\Bin\\Bobs\\CR_Ani_Body_00.bmd""]",[],"[""deer01""]",[],8,"{""RENDERED"": 8}",SOURCE_COMPLETE,Animals/tribe_12_deers/young_job48/metadata.json
animal,12,deers,49,49,adult_animal,Animal,adult,True,"[49, 48]",11,,"[""Data\\Engine2D\\Bin\\Bobs\\CR_Ani_Body_00.bmd""]",[],"[""deer01""]",[],8,"{""RENDERED"": 8}",SOURCE_COMPLETE,Animals/tribe_12_deers/adult_job49/metadata.json
animal,13,dogs,48,48,baby_animal,Young Animal,young,True,[48],12,,"[""Data\\Engine2D\\Bin\\Bobs\\CR_Ani_Body_00.bmd""]",[],"[""house01""]",[],8,"{""RENDERED"": 8}",SOURCE_COMPLETE,Animals/tribe_13_dogs/young_job48/metadata.json
animal,13,dogs,49,49,adult_animal,Animal,adult,True,"[49, 48]",13,,"[""Data\\Engine2D\\Bin\\Bobs\\CR_Ani_Body_00.bmd""]",[],"[""house01""]",[],8,"{""RENDERED"": 8}",SOURCE_COMPLETE,Animals/tribe_13_dogs/adult_job49/metadata.json
animal,14,goats,48,48,baby_animal,Young Animal,young,True,[48],40,,"[""Data\\Engine2D\\Bin\\Bobs\\CR_Ani_Body_00.bmd""]",[],"[""deer01""]",[],7,"{""RENDERED"": 7}",SOURCE_COMPLETE,Animals/tribe_14_goats/young_job48/metadata.json
animal,14,goats,49,49,adult_animal,Animal,adult,True,"[49, 48]",41,,"[""Data\\Engine2D\\Bin\\Bobs\\CR_Ani_Body_00.bmd""]",[],"[""deer01""]",[],8,"{""RENDERED"": 8}",SOURCE_COMPLETE,Animals/tribe_14_goats/adult_job49/metadata.json
animal,16,hares,48,48,baby_animal,Young Animal,young,True,[48],16,,"[""Data\\Engine2D\\Bin\\Bobs\\CR_Ani_Body_00.bmd""]",[],"[""deer01"", ""house01""]",[],8,"{""RENDERED"": 8}",SOURCE_COMPLETE,Animals/tribe_16_hares/young_job48/metadata.json
animal,16,hares,49,49,adult_animal,Animal,adult,True,"[49, 48]",17,,"[""Data\\Engine2D\\Bin\\Bobs\\CR_Ani_Body_00.bmd""]",[],"[""house01""]",[],8,"{""RENDERED"": 8}",SOURCE_COMPLETE,Animals/tribe_16_hares/adult_job49/metadata.json
animal,17,rabbits,48,48,baby_animal,Young Animal,young,True,[48],14,,"[""Data\\Engine2D\\Bin\\Bobs\\CR_Ani_Body_00.bmd""]",[],"[""house01""]",[],8,"{""RENDERED"": 8}",SOURCE_COMPLETE,Animals/tribe_17_rabbits/young_job48/metadata.json
animal,17,rabbits,49,49,adult_animal,Animal,adult,True,"[49, 48]",15,,"[""Data\\Engine2D\\Bin\\Bobs\\CR_Ani_Body_00.bmd""]",[],"[""house01""]",[],8,"{""RENDERED"": 8}",SOURCE_COMPLETE,Animals/tribe_17_rabbits/adult_job49/metadata.json
animal,18,evil hares,48,48,baby_animal,Young Animal,young,True,[48],18,,"[""Data\\Engine2D\\Bin\\Bobs\\CR_Ani_Body_00.bmd""]",[],"[""harbour01""]",[],8,"{""RENDERED"": 8}",SOURCE_COMPLETE,Animals/tribe_18_evil_hares/young_job48/metadata.json
animal,18,evil hares,49,49,adult_animal,Animal,adult,True,"[49, 48]",19,,"[""Data\\Engine2D\\Bin\\Bobs\\CR_Ani_Body_00.bmd""]",[],"[""house01""]",[],8,"{""RENDERED"": 8}",SOURCE_COMPLETE,Animals/tribe_18_evil_hares/adult_job49/metadata.json
animal,19,sheep,48,48,baby_animal,Young Animal,young,True,[48],20,,"[""Data\\Engine2D\\Bin\\Bobs\\CR_Ani_Body_00.bmd""]",[],"[""house01""]",[],8,"{""RENDERED"": 8}",SOURCE_COMPLETE,Animals/tribe_19_sheep/young_job48/metadata.json
animal,19,sheep,49,49,adult_animal,Animal,adult,True,"[49, 48]",21,,"[""Data\\Engine2D\\Bin\\Bobs\\CR_Ani_Body_00.bmd""]",[],"[""house01""]",[],8,"{""RENDERED"": 8}",SOURCE_COMPLETE,Animals/tribe_19_sheep/adult_job49/metadata.json
animal,20,wolves,48,48,baby_animal,Young Animal,young,True,[48],22,,"[""Data\\Engine2D\\Bin\\Bobs\\CR_Ani_Body_00.bmd""]",[],"[""wolves01""]",[],9,"{""RENDERED"": 9}",SOURCE_COMPLETE,Animals/tribe_20_wolves/young_job48/metadata.json
animal,20,wolves,49,49,adult_animal,Animal,adult,True,"[49, 48]",23,,"[""Data\\Engine2D\\Bin\\Bobs\\CR_Ani_Body_00.bmd""]",[],"[""wolves01""]",[],10,"{""RENDERED"": 10}",SOURCE_COMPLETE,Animals/tribe_20_wolves/adult_job49/metadata.json
animal,21,camels,48,48,baby_animal,Young Animal,young,True,[48],0,,"[""Data\\Engine2D\\Bin\\Bobs\\CR_Ani_Body_00.bmd""]",[],"[""bear01""]",[],8,"{""RENDERED"": 8}",SOURCE_COMPLETE,Animals/tribe_21_camels/young_job48/metadata.json
animal,21,camels,49,49,adult_animal,Animal,adult,True,"[49, 48]",1,,"[""Data\\Engine2D\\Bin\\Bobs\\CR_Ani_Body_00.bmd""]",[],"[""bear01""]",[],8,"{""RENDERED"": 8}",SOURCE_COMPLETE,Animals/tribe_21_camels/adult_job49/metadata.json
animal,25,lions,48,48,baby_animal,Young Animal,young,True,[48],44,,"[""Data\\Engine2D\\Bin\\Bobs\\CR_Ani_Body_00.bmd""]",[],"[""LION01""]",[],9,"{""RENDERED"": 9}",SOURCE_COMPLETE,Animals/tribe_25_lions/young_job48/metadata.json
animal,25,lions,49,49,adult_animal,Animal,adult,True,"[49, 48]",45,,"[""Data\\Engine2D\\Bin\\Bobs\\CR_Ani_Body_00.bmd""]",[],"[""LION01""]",[],9,"{""RENDERED"": 9}",SOURCE_COMPLETE,Animals/tribe_25_lions/adult_job49/metadata.json
animal,26,lionesses,48,48,baby_animal,Young Animal,young,True,[48],42,,"[""Data\\Engine2D\\Bin\\Bobs\\CR_Ani_Body_00.bmd""]",[],"[""LION01""]",[],8,"{""RENDERED"": 8}",SOURCE_COMPLETE,Animals/tribe_26_lionesses/young_job48/metadata.json
animal,26,lionesses,49,49,adult_animal,Animal,adult,True,"[49, 48]",43,,"[""Data\\Engine2D\\Bin\\Bobs\\CR_Ani_Body_00.bmd""]",[],"[""LION01""]",[],9,"{""RENDERED"": 9}",SOURCE_COMPLETE,Animals/tribe_26_lionesses/adult_job49/metadata.json
animal,27,sparrows,48,48,baby_animal,Young Animal,young,True,[48],28,,"[""Data\\Engine2D\\Bin\\Bobs\\CR_Ani_Body_00.bmd""]",[],"[""house01""]",[],2,"{""RENDERED"": 2}",SOURCE_COMPLETE,Animals/tribe_27_sparrows/young_job48/metadata.json
animal,27,sparrows,49,49,adult_animal,Animal,adult,True,"[49, 48]",29,,"[""Data\\Engine2D\\Bin\\Bobs\\CR_Ani_Body_00.bmd""]",[],"[""house01""]",[],2,"{""RENDERED"": 2}",SOURCE_COMPLETE,Animals/tribe_27_sparrows/adult_job49/metadata.json
animal,28,ravens,48,48,baby_animal,Young Animal,young,True,[48],30,,"[""Data\\Engine2D\\Bin\\Bobs\\CR_Ani_Body_00.bmd""]",[],"[""house01""]",[],2,"{""RENDERED"": 2}",SOURCE_COMPLETE,Animals/tribe_28_ravens/young_job48/metadata.json
animal,28,ravens,49,49,adult_animal,Animal,adult,True,"[49, 48]",31,,"[""Data\\Engine2D\\Bin\\Bobs\\CR_Ani_Body_00.bmd""]",[],"[""house01""]",[],2,"{""RENDERED"": 2}",SOURCE_COMPLETE,Animals/tribe_28_ravens/adult_job49/metadata.json
animal,29,parrots,48,48,baby_animal,Young Animal,young,True,[48],32,,"[""Data\\Engine2D\\Bin\\Bobs\\CR_Ani_Body_00.bmd""]",[],"[""house01""]",[],2,"{""RENDERED"": 2}",SOURCE_COMPLETE,Animals/tribe_29_parrots/young_job48/metadata.json
animal,29,parrots,49,49,adult_animal,Animal,adult,True,"[49, 48]",33,,"[""Data\\Engine2D\\Bin\\Bobs\\CR_Ani_Body_00.bmd""]",[],"[""house01""]",[],2,"{""RENDERED"": 2}",SOURCE_COMPLETE,Animals/tribe_29_parrots/adult_job49/metadata.json
animal,30,chicken,48,48,baby_animal,Young Animal,young,True,[48],24,,"[""Data\\Engine2D\\Bin\\Bobs\\CR_Ani_Body_00.bmd""]",[],"[""chicken01""]",[],8,"{""RENDERED"": 8}",SOURCE_COMPLETE,Animals/tribe_30_chicken/young_job48/metadata.json
animal,30,chicken,49,49,adult_animal,Animal,adult,True,"[49, 48]",25,,"[""Data\\Engine2D\\Bin\\Bobs\\CR_Ani_Body_00.bmd""]",[],"[""chicken01""]",[],8,"{""RENDERED"": 8}",SOURCE_COMPLETE,Animals/tribe_30_chicken/adult_job49/metadata.json
animal,31,ducks,48,48,baby_animal,Young Animal,young,True,[48],26,,"[""Data\\Engine2D\\Bin\\Bobs\\CR_Ani_Body_00.bmd""]",[],"[""house01""]",[],2,"{""RENDERED"": 2}",SOURCE_COMPLETE,Animals/tribe_31_ducks/young_job48/metadata.json
animal,31,ducks,49,49,adult_animal,Animal,adult,True,"[49, 48]",27,,"[""Data\\Engine2D\\Bin\\Bobs\\CR_Ani_Body_00.bmd""]",[],"[""house01""]",[],2,"{""RENDERED"": 2}",SOURCE_COMPLETE,Animals/tribe_31_ducks/adult_job49/metadata.json
animal,34,bees,48,48,baby_animal,Young Animal,young,True,[48],34,,"[""Data\\Engine2D\\Bin\\Bobs\\CR_Ani_Body_00.bmd""]",[],"[""house01""]",[],2,"{""RENDERED"": 2}",SOURCE_COMPLETE,Animals/tribe_34_bees/young_job48/metadata.json
animal,34,bees,49,49,adult_animal,Animal,adult,True,"[49, 48]",35,,"[""Data\\Engine2D\\Bin\\Bobs\\CR_Ani_Body_00.bmd""]",[],"[""house01""]",[],2,"{""RENDERED"": 2}",SOURCE_COMPLETE,Animals/tribe_34_bees/adult_job49/metadata.json
animal,35,butterflies,48,48,baby_animal,Young Animal,young,True,[48],36,,"[""Data\\Engine2D\\Bin\\Bobs\\CR_Ani_Body_01.bmd""]",[],"[""butterfly01""]",[],5,"{""RENDERED"": 5}",SOURCE_COMPLETE,Animals/tribe_35_butterflies/young_job48/metadata.json
animal,35,butterflies,49,49,adult_animal,Animal,adult,True,"[49, 48]",37,,"[""Data\\Engine2D\\Bin\\Bobs\\CR_Ani_Body_01.bmd""]",[],"[""butterfly01""]",[],5,"{""RENDERED"": 5}",SOURCE_COMPLETE,Animals/tribe_35_butterflies/adult_job49/metadata.json
animal,36,mosquitos,48,48,baby_animal,Young Animal,young,True,[48],38,,"[""Data\\Engine2D\\Bin\\Bobs\\CR_Ani_Body_00.bmd""]",[],"[""house01""]",[],2,"{""RENDERED"": 2}",SOURCE_COMPLETE,Animals/tribe_36_mosquitos/young_job48/metadata.json
animal,36,mosquitos,49,49,adult_animal,Animal,adult,True,"[49, 48]",39,,"[""Data\\Engine2D\\Bin\\Bobs\\CR_Ani_Body_00.bmd""]",[],"[""house01""]",[],2,"{""RENDERED"": 2}",SOURCE_COMPLETE,Animals/tribe_36_mosquitos/adult_job49/metadata.json
