tribe,job,kind,selector,subIdOrWalkSpeed,shadowedSection,winningSection,bodySequence,reason
1,5,atomic,22,0,215,213,human_woman_generic_pick_up,"same (tribe, job, selector, subId/walkSpeed) key authored earlier; native 0x0048D027 returns the first match (loader 0x0048BD66 keeps authored order for equal keys)"
1,6,atomic,81,0,51,50,human_man_Civilian_Fight_double_punch,"same (tribe, job, selector, subId/walkSpeed) key authored earlier; native 0x0048D027 returns the first match (loader 0x0048BD66 keeps authored order for equal keys)"
1,6,atomic,81,0,52,50,human_man_Civilian_Fight_dragon_punch,"same (tribe, job, selector, subId/walkSpeed) key authored earlier; native 0x0048D027 returns the first match (loader 0x0048BD66 keeps authored order for equal keys)"
1,6,atomic,81,0,53,50,human_man_Civilian_Fight_high_kick,"same (tribe, job, selector, subId/walkSpeed) key authored earlier; native 0x0048D027 returns the first match (loader 0x0048BD66 keeps authored order for equal keys)"
1,31,atomic,81,0,116,115,human_man_warrior_empty_punch,"same (tribe, job, selector, subId/walkSpeed) key authored earlier; native 0x0048D027 returns the first match (loader 0x0048BD66 keeps authored order for equal keys)"
1,31,atomic,81,0,117,115,human_man_warrior_empty_dragon_punch,"same (tribe, job, selector, subId/walkSpeed) key authored earlier; native 0x0048D027 returns the first match (loader 0x0048BD66 keeps authored order for equal keys)"
1,31,atomic,81,0,118,115,human_man_warrior_empty_high_kick,"same (tribe, job, selector, subId/walkSpeed) key authored earlier; native 0x0048D027 returns the first match (loader 0x0048BD66 keeps authored order for equal keys)"
1,32,atomic,4,0,134,126,human_man_Warrior_spear_wait_agressive,"same (tribe, job, selector, subId/walkSpeed) key authored earlier; native 0x0048D027 returns the first match (loader 0x0048BD66 keeps authored order for equal keys)"
1,33,atomic,4,0,147,141,human_man_Warrior_spear_wait_agressive,"same (tribe, job, selector, subId/walkSpeed) key authored earlier; native 0x0048D027 returns the first match (loader 0x0048BD66 keeps authored order for equal keys)"
1,34,atomic,4,0,159,152,human_man_Warrior_Sword_Wait_agressive,"same (tribe, job, selector, subId/walkSpeed) key authored earlier; native 0x0048D027 returns the first match (loader 0x0048BD66 keeps authored order for equal keys)"
1,35,atomic,4,0,184,177,human_man_Warrior_Broadsword_wait_agressive,"same (tribe, job, selector, subId/walkSpeed) key authored earlier; native 0x0048D027 returns the first match (loader 0x0048BD66 keeps authored order for equal keys)"
1,40,atomic,4,0,171,168,human_man_Warrior_Shortbow_happy,"same (tribe, job, selector, subId/walkSpeed) key authored earlier; native 0x0048D027 returns the first match (loader 0x0048BD66 keeps authored order for equal keys)"
1,41,atomic,4,0,197,193,human_man_Warrior_Longbow_happy,"same (tribe, job, selector, subId/walkSpeed) key authored earlier; native 0x0048D027 returns the first match (loader 0x0048BD66 keeps authored order for equal keys)"
2,3,walk,0,100000,1455,1454,human_child_girl_generic_walk,"same (tribe, job, selector, subId/walkSpeed) key authored earlier; native 0x0048D027 returns the first match (loader 0x0048BD66 keeps authored order for equal keys)"
2,6,atomic,81,0,587,586,human_man_Civilian_Fight_double_punch,"same (tribe, job, selector, subId/walkSpeed) key authored earlier; native 0x0048D027 returns the first match (loader 0x0048BD66 keeps authored order for equal keys)"
2,6,atomic,81,0,588,586,human_man_Civilian_Fight_dragon_punch,"same (tribe, job, selector, subId/walkSpeed) key authored earlier; native 0x0048D027 returns the first match (loader 0x0048BD66 keeps authored order for equal keys)"
2,6,atomic,81,0,589,586,human_man_Civilian_Fight_high_kick,"same (tribe, job, selector, subId/walkSpeed) key authored earlier; native 0x0048D027 returns the first match (loader 0x0048BD66 keeps authored order for equal keys)"
2,34,walk,0,100000,1488,1487,human_man_Warrior_Sword_Walk_agressive,"same (tribe, job, selector, subId/walkSpeed) key authored earlier; native 0x0048D027 returns the first match (loader 0x0048BD66 keeps authored order for equal keys)"
2,41,walk,0,100000,1485,1484,human_man_Warrior_Longbow_walk_agressive,"same (tribe, job, selector, subId/walkSpeed) key authored earlier; native 0x0048D027 returns the first match (loader 0x0048BD66 keeps authored order for equal keys)"
3,3,walk,0,100000,1395,1394,human_child_girl_generic_walk,"same (tribe, job, selector, subId/walkSpeed) key authored earlier; native 0x0048D027 returns the first match (loader 0x0048BD66 keeps authored order for equal keys)"
3,6,atomic,81,0,468,467,human_man_Civilian_Fight_double_punch,"same (tribe, job, selector, subId/walkSpeed) key authored earlier; native 0x0048D027 returns the first match (loader 0x0048BD66 keeps authored order for equal keys)"
3,6,atomic,81,0,469,467,human_man_Civilian_Fight_dragon_punch,"same (tribe, job, selector, subId/walkSpeed) key authored earlier; native 0x0048D027 returns the first match (loader 0x0048BD66 keeps authored order for equal keys)"
3,6,atomic,81,0,470,467,human_man_Civilian_Fight_high_kick,"same (tribe, job, selector, subId/walkSpeed) key authored earlier; native 0x0048D027 returns the first match (loader 0x0048BD66 keeps authored order for equal keys)"
3,32,walk,0,100000,1567,1566,human_grizzu_walk,"same (tribe, job, selector, subId/walkSpeed) key authored earlier; native 0x0048D027 returns the first match (loader 0x0048BD66 keeps authored order for equal keys)"
3,33,walk,0,100000,1543,1542,human_man_Warrior_spear_walk_agressive,"same (tribe, job, selector, subId/walkSpeed) key authored earlier; native 0x0048D027 returns the first match (loader 0x0048BD66 keeps authored order for equal keys)"
3,34,walk,0,100000,1547,1546,human_man_Warrior_Sword_Walk_agressive,"same (tribe, job, selector, subId/walkSpeed) key authored earlier; native 0x0048D027 returns the first match (loader 0x0048BD66 keeps authored order for equal keys)"
3,41,walk,0,100000,1545,1544,human_man_Warrior_Longbow_walk,"same (tribe, job, selector, subId/walkSpeed) key authored earlier; native 0x0048D027 returns the first match (loader 0x0048BD66 keeps authored order for equal keys)"
4,3,walk,0,100000,1491,1490,human_child_girl_generic_walk,"same (tribe, job, selector, subId/walkSpeed) key authored earlier; native 0x0048D027 returns the first match (loader 0x0048BD66 keeps authored order for equal keys)"
4,6,atomic,81,0,704,703,human_man_Civilian_Fight_double_punch,"same (tribe, job, selector, subId/walkSpeed) key authored earlier; native 0x0048D027 returns the first match (loader 0x0048BD66 keeps authored order for equal keys)"
4,6,atomic,81,0,705,703,human_man_Civilian_Fight_dragon_punch,"same (tribe, job, selector, subId/walkSpeed) key authored earlier; native 0x0048D027 returns the first match (loader 0x0048BD66 keeps authored order for equal keys)"
4,6,atomic,81,0,706,703,human_man_Civilian_Fight_high_kick,"same (tribe, job, selector, subId/walkSpeed) key authored earlier; native 0x0048D027 returns the first match (loader 0x0048BD66 keeps authored order for equal keys)"
4,31,atomic,81,0,812,811,human_man_warrior_empty_punch,"same (tribe, job, selector, subId/walkSpeed) key authored earlier; native 0x0048D027 returns the first match (loader 0x0048BD66 keeps authored order for equal keys)"
4,31,atomic,81,0,813,811,human_man_warrior_empty_dragon_punch,"same (tribe, job, selector, subId/walkSpeed) key authored earlier; native 0x0048D027 returns the first match (loader 0x0048BD66 keeps authored order for equal keys)"
4,31,atomic,81,0,814,811,human_man_warrior_empty_high_kick,"same (tribe, job, selector, subId/walkSpeed) key authored earlier; native 0x0048D027 returns the first match (loader 0x0048BD66 keeps authored order for equal keys)"
4,33,walk,0,100000,1529,1528,human_man_Warrior_spear_walk_agressive,"same (tribe, job, selector, subId/walkSpeed) key authored earlier; native 0x0048D027 returns the first match (loader 0x0048BD66 keeps authored order for equal keys)"
7,3,walk,0,100000,1397,1396,human_child_girl_generic_walk,"same (tribe, job, selector, subId/walkSpeed) key authored earlier; native 0x0048D027 returns the first match (loader 0x0048BD66 keeps authored order for equal keys)"
7,6,atomic,81,0,489,488,human_man_Civilian_Fight_double_punch,"same (tribe, job, selector, subId/walkSpeed) key authored earlier; native 0x0048D027 returns the first match (loader 0x0048BD66 keeps authored order for equal keys)"
7,6,atomic,81,0,490,488,human_man_Civilian_Fight_dragon_punch,"same (tribe, job, selector, subId/walkSpeed) key authored earlier; native 0x0048D027 returns the first match (loader 0x0048BD66 keeps authored order for equal keys)"
7,6,atomic,81,0,491,488,human_man_Civilian_Fight_high_kick,"same (tribe, job, selector, subId/walkSpeed) key authored earlier; native 0x0048D027 returns the first match (loader 0x0048BD66 keeps authored order for equal keys)"
